instanceID,experimentID,instanceType,wallTime,clients,threads,scaleFactor,transactionsType,queryMode,duration,transactions,,,
i-0b86e138d9b800d3f,1531185246,c4.large,60.25398803,10,10,1,TPC-B (sort of),simple,60 s,61588,61588,,
i-0b86e138d9b800d3f,1531185246,c4.large,60.1577425,10,10,1,TPC-B (sort of),simple,60 s,61541,61541,,
i-0b86e138d9b800d3f,1531185246,c4.large,60.1585331,10,10,1,TPC-B (sort of),simple,60 s,61198,61198,,
i-0b86e138d9b800d3f,1531185246,c4.large,60.15514946,10,10,1,TPC-B (sort of),simple,60 s,61019,61019,,
i-0b86e138d9b800d3f,1531185246,c4.large,60.15404892,10,10,1,TPC-B (sort of),simple,60 s,61943,61943,,
i-0b86e138d9b800d3f,1531185246,c4.large,60.169842,10,10,1,TPC-B (sort of),simple,60 s,61823,61823,,
i-0b86e138d9b800d3f,1531185246,c4.large,60.15636134,10,10,1,TPC-B (sort of),simple,60 s,61280,61280,,
i-0050a5948a2ad13c6,1531185246,c4.large,60.344208,10,10,1,TPC-B (sort of),simple,60 s,59139,59139,,
i-0050a5948a2ad13c6,1531185246,c4.large,60.16967177,10,10,1,TPC-B (sort of),simple,60 s,59092,59092,,
i-0050a5948a2ad13c6,1531185246,c4.large,60.23268414,10,10,1,TPC-B (sort of),simple,60 s,58591,58591,,
i-0050a5948a2ad13c6,1531185246,c4.large,60.30816865,10,10,1,TPC-B (sort of),simple,60 s,60248,60248,,
i-0050a5948a2ad13c6,1531185246,c4.large,60.15665913,10,10,1,TPC-B (sort of),simple,60 s,60570,60570,,
i-0050a5948a2ad13c6,1531185246,c4.large,60.15441823,10,10,1,TPC-B (sort of),simple,60 s,60118,60118,,
i-0050a5948a2ad13c6,1531185246,c4.large,60.23737597,10,10,1,TPC-B (sort of),simple,60 s,59343,59343,,
i-0050a5948a2ad13c6,1531185246,c4.large,60.21839547,10,10,1,TPC-B (sort of),simple,60 s,59914,59914,,
i-0050a5948a2ad13c6,1531185246,c4.large,60.24655366,10,10,1,TPC-B (sort of),simple,60 s,59259,59259,,
i-0050a5948a2ad13c6,1531185246,c4.large,60.23336148,10,10,1,TPC-B (sort of),simple,60 s,59328,59328,,
i-0cd75c6739d29ff62,1531185246,c4.large,60.32124567,10,10,1,TPC-B (sort of),simple,60 s,60833,60833,,
i-00d14cee1fcf9f0c9,1531185246,c4.large,60.32615328,10,10,1,TPC-B (sort of),simple,60 s,54168,54168,,
i-00d14cee1fcf9f0c9,1531185246,c4.large,60.2023468,10,10,1,TPC-B (sort of),simple,60 s,53283,53283,,
i-00d14cee1fcf9f0c9,1531185246,c4.large,60.17978215,10,10,1,TPC-B (sort of),simple,60 s,51672,51672,,
i-00d14cee1fcf9f0c9,1531185246,c4.large,60.1978035,10,10,1,TPC-B (sort of),simple,60 s,53539,53539,,
i-00d14cee1fcf9f0c9,1531185246,c4.large,60.23935509,10,10,1,TPC-B (sort of),simple,60 s,54045,54045,,
i-00d14cee1fcf9f0c9,1531185246,c4.large,60.18667722,10,10,1,TPC-B (sort of),simple,60 s,55971,55971,,
i-00d14cee1fcf9f0c9,1531185246,c4.large,60.17796206,10,10,1,TPC-B (sort of),simple,60 s,55868,55868,,
i-00d14cee1fcf9f0c9,1531185246,c4.large,60.1858623,10,10,1,TPC-B (sort of),simple,60 s,55722,55722,,
i-00d14cee1fcf9f0c9,1531185246,c4.large,60.18663621,10,10,1,TPC-B (sort of),simple,60 s,55523,55523,,
i-00d14cee1fcf9f0c9,1531185246,c4.large,60.18174362,10,10,1,TPC-B (sort of),simple,60 s,55206,55206,,
i-00d14cee1fcf9f0c9,1531185246,c4.large,60.18808484,10,10,1,TPC-B (sort of),simple,60 s,55011,55011,,
i-00d14cee1fcf9f0c9,1531185246,c4.large,60.18317723,10,10,1,TPC-B (sort of),simple,60 s,55081,55081,,
i-00d14cee1fcf9f0c9,1531185246,c4.large,60.26477766,10,10,1,TPC-B (sort of),simple,60 s,55329,55329,,
i-00d14cee1fcf9f0c9,1531185246,c4.large,60.18372059,10,10,1,TPC-B (sort of),simple,60 s,55645,55645,,
i-00d14cee1fcf9f0c9,1531185246,c4.large,60.1838119,10,10,1,TPC-B (sort of),simple,60 s,55496,55496,,
i-00d14cee1fcf9f0c9,1531185246,c4.large,60.18459558,10,10,1,TPC-B (sort of),simple,60 s,55126,55126,,
i-0629fca2b4de7b9a1,1531185246,c4.large,60.38921714,10,10,1,TPC-B (sort of),simple,60 s,48848,48848,,
i-0629fca2b4de7b9a1,1531185246,c4.large,60.18784547,10,10,1,TPC-B (sort of),simple,60 s,49144,49144,,
i-0629fca2b4de7b9a1,1531185246,c4.large,60.19344974,10,10,1,TPC-B (sort of),simple,60 s,50101,50101,,
i-0629fca2b4de7b9a1,1531185246,c4.large,60.25784206,10,10,1,TPC-B (sort of),simple,60 s,52691,52691,,
i-0629fca2b4de7b9a1,1531185246,c4.large,60.19231009,10,10,1,TPC-B (sort of),simple,60 s,53298,53298,,
i-0629fca2b4de7b9a1,1531185246,c4.large,60.1844821,10,10,1,TPC-B (sort of),simple,60 s,52710,52710,,
i-0629fca2b4de7b9a1,1531185246,c4.large,60.23544407,10,10,1,TPC-B (sort of),simple,60 s,52622,52622,,
i-0629fca2b4de7b9a1,1531185246,c4.large,60.20247817,10,10,1,TPC-B (sort of),simple,60 s,51259,51259,,
i-0629fca2b4de7b9a1,1531185246,c4.large,60.22476339,10,10,1,TPC-B (sort of),simple,60 s,53649,53649,,
i-0629fca2b4de7b9a1,1531185246,c4.large,60.32253408,10,10,1,TPC-B (sort of),simple,60 s,54782,54782,,
i-0629fca2b4de7b9a1,1531185246,c4.large,60.19023967,10,10,1,TPC-B (sort of),simple,60 s,53675,53675,,
i-0629fca2b4de7b9a1,1531185246,c4.large,60.18904114,10,10,1,TPC-B (sort of),simple,60 s,54306,54306,,
i-0629fca2b4de7b9a1,1531185246,c4.large,60.27294564,10,10,1,TPC-B (sort of),simple,60 s,54379,54379,,
i-0629fca2b4de7b9a1,1531185246,c4.large,60.19278169,10,10,1,TPC-B (sort of),simple,60 s,53962,53962,,
i-0629fca2b4de7b9a1,1531185246,c4.large,60.21692061,10,10,1,TPC-B (sort of),simple,60 s,54905,54905,,
i-0629fca2b4de7b9a1,1531185246,c4.large,60.22494411,10,10,1,TPC-B (sort of),simple,60 s,53872,53872,,
i-0629fca2b4de7b9a1,1531185246,c4.large,60.18921399,10,10,1,TPC-B (sort of),simple,60 s,53937,53937,,
i-0629fca2b4de7b9a1,1531185246,c4.large,60.18853664,10,10,1,TPC-B (sort of),simple,60 s,54881,54881,,
i-0629fca2b4de7b9a1,1531185246,c4.large,60.20041943,10,10,1,TPC-B (sort of),simple,60 s,53986,53986,,
i-0ac7501019866fc6f,1531185246,c4.large,60.46113348,10,10,1,TPC-B (sort of),simple,60 s,63156,63156,,
i-0ac7501019866fc6f,1531185246,c4.large,60.17378783,10,10,1,TPC-B (sort of),simple,60 s,63149,63149,,
i-0ac7501019866fc6f,1531185246,c4.large,60.16796517,10,10,1,TPC-B (sort of),simple,60 s,64864,64864,,
i-0ac7501019866fc6f,1531185246,c4.large,60.26608324,10,10,1,TPC-B (sort of),simple,60 s,64700,64700,,
i-0dad89950d3beb598,1531185246,c4.large,60.36740398,10,10,1,TPC-B (sort of),simple,60 s,54016,54016,,
i-0dad89950d3beb598,1531185246,c4.large,60.17813277,10,10,1,TPC-B (sort of),simple,60 s,55004,55004,,
i-0dad89950d3beb598,1531185246,c4.large,60.17143941,10,10,1,TPC-B (sort of),simple,60 s,53493,53493,,
i-0dad89950d3beb598,1531185246,c4.large,60.2629478,10,10,1,TPC-B (sort of),simple,60 s,55455,55455,,
i-0dad89950d3beb598,1531185246,c4.large,60.17725754,10,10,1,TPC-B (sort of),simple,60 s,56111,56111,,
i-0dad89950d3beb598,1531185246,c4.large,60.17165732,10,10,1,TPC-B (sort of),simple,60 s,57466,57466,,
i-0dad89950d3beb598,1531185246,c4.large,60.16406798,10,10,1,TPC-B (sort of),simple,60 s,57154,57154,,
i-0dad89950d3beb598,1531185246,c4.large,60.17157602,10,10,1,TPC-B (sort of),simple,60 s,56794,56794,,
i-0dad89950d3beb598,1531185246,c4.large,60.17734313,10,10,1,TPC-B (sort of),simple,60 s,57037,57037,,
i-0dad89950d3beb598,1531185246,c4.large,60.1690135,10,10,1,TPC-B (sort of),simple,60 s,56702,56702,,
i-0dad89950d3beb598,1531185246,c4.large,60.23278785,10,10,1,TPC-B (sort of),simple,60 s,56806,56806,,
i-0dad89950d3beb598,1531185246,c4.large,60.17016768,10,10,1,TPC-B (sort of),simple,60 s,57548,57548,,
i-0dad89950d3beb598,1531185246,c4.large,60.17123604,10,10,1,TPC-B (sort of),simple,60 s,56148,56148,,
i-0be78724cd4e7adcc,1531185246,c4.large,60.54138279,10,10,1,TPC-B (sort of),simple,60 s,55410,55410,,
i-0be78724cd4e7adcc,1531185246,c4.large,60.19072723,10,10,1,TPC-B (sort of),simple,60 s,55617,55617,,
i-09c2aac4490d11677,1531185246,c4.large,60.32923007,10,10,1,TPC-B (sort of),simple,60 s,53245,53245,,
i-09c2aac4490d11677,1531185246,c4.large,60.18948293,10,10,1,TPC-B (sort of),simple,60 s,54692,54692,,
i-09c2aac4490d11677,1531185246,c4.large,60.19251752,10,10,1,TPC-B (sort of),simple,60 s,54476,54476,,
i-09c2aac4490d11677,1531185246,c4.large,60.19501305,10,10,1,TPC-B (sort of),simple,60 s,54052,54052,,
i-09c2aac4490d11677,1531185246,c4.large,60.18746567,10,10,1,TPC-B (sort of),simple,60 s,52757,52757,,
i-09c2aac4490d11677,1531185246,c4.large,60.20382285,10,10,1,TPC-B (sort of),simple,60 s,52668,52668,,
i-09c2aac4490d11677,1531185246,c4.large,60.19625616,10,10,1,TPC-B (sort of),simple,60 s,53457,53457,,
i-09c2aac4490d11677,1531185246,c4.large,60.20094562,10,10,1,TPC-B (sort of),simple,60 s,53206,53206,,
i-09c2aac4490d11677,1531185246,c4.large,60.20713353,10,10,1,TPC-B (sort of),simple,60 s,53677,53677,,
i-09c2aac4490d11677,1531185246,c4.large,60.19777513,10,10,1,TPC-B (sort of),simple,60 s,54013,54013,,
i-09c2aac4490d11677,1531185246,c4.large,60.20496964,10,10,1,TPC-B (sort of),simple,60 s,53740,53740,,
i-09c2aac4490d11677,1531185246,c4.large,60.20091295,10,10,1,TPC-B (sort of),simple,60 s,53513,53513,,
i-09c2aac4490d11677,1531185246,c4.large,60.20119786,10,10,1,TPC-B (sort of),simple,60 s,53159,53159,,
i-09c2aac4490d11677,1531185246,c4.large,60.21274567,10,10,1,TPC-B (sort of),simple,60 s,51683,51683,,
i-09c2aac4490d11677,1531185246,c4.large,60.21522021,10,10,1,TPC-B (sort of),simple,60 s,51494,51494,,
i-09c2aac4490d11677,1531185246,c4.large,60.21916389,10,10,1,TPC-B (sort of),simple,60 s,51559,51559,,
i-09c2aac4490d11677,1531185246,c4.large,60.20874453,10,10,1,TPC-B (sort of),simple,60 s,52711,52711,,
i-0b86e138d9b800d3f,1531185246,c4.large,60.25398803,10,10,1,TPC-B (sort of),simple,60 s,61588,61588,,
i-0b86e138d9b800d3f,1531185246,c4.large,60.1577425,10,10,1,TPC-B (sort of),simple,60 s,61541,61541,,
i-0b86e138d9b800d3f,1531185246,c4.large,60.1585331,10,10,1,TPC-B (sort of),simple,60 s,61198,61198,,
i-0b86e138d9b800d3f,1531185246,c4.large,60.15514946,10,10,1,TPC-B (sort of),simple,60 s,61019,61019,,
i-0b86e138d9b800d3f,1531185246,c4.large,60.15404892,10,10,1,TPC-B (sort of),simple,60 s,61943,61943,,
i-0b86e138d9b800d3f,1531185246,c4.large,60.169842,10,10,1,TPC-B (sort of),simple,60 s,61823,61823,,
i-0b86e138d9b800d3f,1531185246,c4.large,60.15636134,10,10,1,TPC-B (sort of),simple,60 s,61280,61280,,
i-0b86e138d9b800d3f,1531185246,c4.large,60.16001654,10,10,1,TPC-B (sort of),simple,60 s,60440,60440,,
i-0b86e138d9b800d3f,1531185246,c4.large,60.15493035,10,10,1,TPC-B (sort of),simple,60 s,60613,60613,,
i-0b86e138d9b800d3f,1531185246,c4.large,60.15207529,10,10,1,TPC-B (sort of),simple,60 s,60672,60672,,
i-0b86e138d9b800d3f,1531185246,c4.large,60.15862632,10,10,1,TPC-B (sort of),simple,60 s,60868,60868,,
i-0b86e138d9b800d3f,1531185246,c4.large,60.15479279,10,10,1,TPC-B (sort of),simple,60 s,60283,60283,,
i-0b86e138d9b800d3f,1531185246,c4.large,60.15747046,10,10,1,TPC-B (sort of),simple,60 s,58694,58694,,
i-0b86e138d9b800d3f,1531185246,c4.large,60.15494585,10,10,1,TPC-B (sort of),simple,60 s,59577,59577,,
i-0b86e138d9b800d3f,1531185246,c4.large,60.15612626,10,10,1,TPC-B (sort of),simple,60 s,60557,60557,,
i-0b86e138d9b800d3f,1531185246,c4.large,60.15654206,10,10,1,TPC-B (sort of),simple,60 s,60516,60516,,
i-0b86e138d9b800d3f,1531185246,c4.large,60.15840864,10,10,1,TPC-B (sort of),simple,60 s,61668,61668,,
i-0b86e138d9b800d3f,1531185246,c4.large,60.16468406,10,10,1,TPC-B (sort of),simple,60 s,61266,61266,,
i-0b86e138d9b800d3f,1531185246,c4.large,60.15411735,10,10,1,TPC-B (sort of),simple,60 s,61066,61066,,
i-0b86e138d9b800d3f,1531185246,c4.large,60.1546092,10,10,1,TPC-B (sort of),simple,60 s,60900,60900,,
i-0b86e138d9b800d3f,1531185246,c4.large,60.15841222,10,10,1,TPC-B (sort of),simple,60 s,60469,60469,,
i-0b86e138d9b800d3f,1531185246,c4.large,60.15398312,10,10,1,TPC-B (sort of),simple,60 s,61080,61080,,
i-0b86e138d9b800d3f,1531185246,c4.large,60.15873647,10,10,1,TPC-B (sort of),simple,60 s,60426,60426,,
i-0b86e138d9b800d3f,1531185246,c4.large,60.15908957,10,10,1,TPC-B (sort of),simple,60 s,60307,60307,,
i-0b86e138d9b800d3f,1531185246,c4.large,60.1656146,10,10,1,TPC-B (sort of),simple,60 s,60529,60529,,
i-0b86e138d9b800d3f,1531185246,c4.large,60.15976667,10,10,1,TPC-B (sort of),simple,60 s,60926,60926,,
i-0b86e138d9b800d3f,1531185246,c4.large,60.16030002,10,10,1,TPC-B (sort of),simple,60 s,59982,59982,,
i-0b86e138d9b800d3f,1531185246,c4.large,60.21044731,10,10,1,TPC-B (sort of),simple,60 s,61101,61101,,
i-0b86e138d9b800d3f,1531185246,c4.large,60.16577029,10,10,1,TPC-B (sort of),simple,60 s,60958,60958,,
i-0b86e138d9b800d3f,1531185246,c4.large,60.16054893,10,10,1,TPC-B (sort of),simple,60 s,61128,61128,,
i-0b86e138d9b800d3f,1531185246,c4.large,60.15994406,10,10,1,TPC-B (sort of),simple,60 s,60662,60662,,
i-0b86e138d9b800d3f,1531185246,c4.large,60.16327024,10,10,1,TPC-B (sort of),simple,60 s,61117,61117,,
i-0b86e138d9b800d3f,1531185246,c4.large,60.17332315,10,10,1,TPC-B (sort of),simple,60 s,61080,61080,,
i-0b86e138d9b800d3f,1531185246,c4.large,60.16847157,10,10,1,TPC-B (sort of),simple,60 s,60241,60241,,
i-0b86e138d9b800d3f,1531185246,c4.large,60.17687201,10,10,1,TPC-B (sort of),simple,60 s,60483,60483,,
i-0073d2744d662d0d0,1531185246,c4.large,60.42896628,10,10,1,TPC-B (sort of),simple,60 s,49515,49515,,
i-0073d2744d662d0d0,1531185246,c4.large,60.21047115,10,10,1,TPC-B (sort of),simple,60 s,51815,51815,,
i-0073d2744d662d0d0,1531185246,c4.large,60.19735098,10,10,1,TPC-B (sort of),simple,60 s,51502,51502,,
i-0073d2744d662d0d0,1531185246,c4.large,60.28721952,10,10,1,TPC-B (sort of),simple,60 s,49481,49481,,
i-0073d2744d662d0d0,1531185246,c4.large,60.35478067,10,10,1,TPC-B (sort of),simple,60 s,49408,49408,,
i-0073d2744d662d0d0,1531185246,c4.large,60.20482707,10,10,1,TPC-B (sort of),simple,60 s,50720,50720,,
i-0073d2744d662d0d0,1531185246,c4.large,60.3827405,10,10,1,TPC-B (sort of),simple,60 s,50762,50762,,
i-0073d2744d662d0d0,1531185246,c4.large,60.32006669,10,10,1,TPC-B (sort of),simple,60 s,50939,50939,,
i-0050a5948a2ad13c6,1531185246,c4.large,60.344208,10,10,1,TPC-B (sort of),simple,60 s,59139,59139,,
i-0050a5948a2ad13c6,1531185246,c4.large,60.16967177,10,10,1,TPC-B (sort of),simple,60 s,59092,59092,,
i-0050a5948a2ad13c6,1531185246,c4.large,60.23268414,10,10,1,TPC-B (sort of),simple,60 s,58591,58591,,
i-0050a5948a2ad13c6,1531185246,c4.large,60.30816865,10,10,1,TPC-B (sort of),simple,60 s,60248,60248,,
i-0050a5948a2ad13c6,1531185246,c4.large,60.15665913,10,10,1,TPC-B (sort of),simple,60 s,60570,60570,,
i-0050a5948a2ad13c6,1531185246,c4.large,60.15441823,10,10,1,TPC-B (sort of),simple,60 s,60118,60118,,
i-0050a5948a2ad13c6,1531185246,c4.large,60.23737597,10,10,1,TPC-B (sort of),simple,60 s,59343,59343,,
i-0050a5948a2ad13c6,1531185246,c4.large,60.21839547,10,10,1,TPC-B (sort of),simple,60 s,59914,59914,,
i-0050a5948a2ad13c6,1531185246,c4.large,60.24655366,10,10,1,TPC-B (sort of),simple,60 s,59259,59259,,
i-0050a5948a2ad13c6,1531185246,c4.large,60.23336148,10,10,1,TPC-B (sort of),simple,60 s,59328,59328,,
i-0050a5948a2ad13c6,1531185246,c4.large,60.25394821,10,10,1,TPC-B (sort of),simple,60 s,57963,57963,,
i-0050a5948a2ad13c6,1531185246,c4.large,60.25127125,10,10,1,TPC-B (sort of),simple,60 s,59230,59230,,
i-0050a5948a2ad13c6,1531185246,c4.large,60.24620485,10,10,1,TPC-B (sort of),simple,60 s,60213,60213,,
i-0050a5948a2ad13c6,1531185246,c4.large,60.15878797,10,10,1,TPC-B (sort of),simple,60 s,60091,60091,,
i-0050a5948a2ad13c6,1531185246,c4.large,60.16165757,10,10,1,TPC-B (sort of),simple,60 s,59511,59511,,
i-0050a5948a2ad13c6,1531185246,c4.large,60.23232961,10,10,1,TPC-B (sort of),simple,60 s,60203,60203,,
i-0050a5948a2ad13c6,1531185246,c4.large,60.28327274,10,10,1,TPC-B (sort of),simple,60 s,60631,60631,,
i-0050a5948a2ad13c6,1531185246,c4.large,60.30306888,10,10,1,TPC-B (sort of),simple,60 s,60898,60898,,
i-0050a5948a2ad13c6,1531185246,c4.large,60.30886245,10,10,1,TPC-B (sort of),simple,60 s,60715,60715,,
i-0050a5948a2ad13c6,1531185246,c4.large,60.18686128,10,10,1,TPC-B (sort of),simple,60 s,59960,59960,,
i-0050a5948a2ad13c6,1531185246,c4.large,60.22805715,10,10,1,TPC-B (sort of),simple,60 s,61343,61343,,
i-0050a5948a2ad13c6,1531185246,c4.large,60.24895144,10,10,1,TPC-B (sort of),simple,60 s,61080,61080,,
i-0050a5948a2ad13c6,1531185246,c4.large,60.1560483,10,10,1,TPC-B (sort of),simple,60 s,61454,61454,,
i-0050a5948a2ad13c6,1531185246,c4.large,60.1510942,10,10,1,TPC-B (sort of),simple,60 s,61261,61261,,
i-0050a5948a2ad13c6,1531185246,c4.large,60.23749614,10,10,1,TPC-B (sort of),simple,60 s,61049,61049,,
i-0050a5948a2ad13c6,1531185246,c4.large,60.16426587,10,10,1,TPC-B (sort of),simple,60 s,59671,59671,,
i-0050a5948a2ad13c6,1531185246,c4.large,60.1650548,10,10,1,TPC-B (sort of),simple,60 s,60055,60055,,
i-0050a5948a2ad13c6,1531185246,c4.large,60.25660825,10,10,1,TPC-B (sort of),simple,60 s,61466,61466,,
i-0050a5948a2ad13c6,1531185246,c4.large,60.16129017,10,10,1,TPC-B (sort of),simple,60 s,60855,60855,,
i-0050a5948a2ad13c6,1531185246,c4.large,60.26423335,10,10,1,TPC-B (sort of),simple,60 s,60546,60546,,
i-0050a5948a2ad13c6,1531185246,c4.large,60.24896073,10,10,1,TPC-B (sort of),simple,60 s,61281,61281,,
i-0050a5948a2ad13c6,1531185246,c4.large,60.16697454,10,10,1,TPC-B (sort of),simple,60 s,60423,60423,,
i-0050a5948a2ad13c6,1531185246,c4.large,60.24988794,10,10,1,TPC-B (sort of),simple,60 s,61048,61048,,
i-0050a5948a2ad13c6,1531185246,c4.large,60.2772615,10,10,1,TPC-B (sort of),simple,60 s,60459,60459,,
i-0050a5948a2ad13c6,1531185246,c4.large,60.15873051,10,10,1,TPC-B (sort of),simple,60 s,61202,61202,,
i-0050a5948a2ad13c6,1531185246,c4.large,60.179003,10,10,1,TPC-B (sort of),simple,60 s,60355,60355,,
i-0050a5948a2ad13c6,1531185246,c4.large,60.25098228,10,10,1,TPC-B (sort of),simple,60 s,59549,59549,,
i-0050a5948a2ad13c6,1531185246,c4.large,60.25719094,10,10,1,TPC-B (sort of),simple,60 s,59826,59826,,
i-0cd75c6739d29ff62,1531185246,c4.large,60.32124567,10,10,1,TPC-B (sort of),simple,60 s,60833,60833,,
i-0cd75c6739d29ff62,1531185246,c4.large,60.19776106,10,10,1,TPC-B (sort of),simple,60 s,59922,59922,,
i-0cd75c6739d29ff62,1531185246,c4.large,60.18518233,10,10,1,TPC-B (sort of),simple,60 s,59918,59918,,
i-0cd75c6739d29ff62,1531185246,c4.large,60.18563366,10,10,1,TPC-B (sort of),simple,60 s,61357,61357,,
i-0cd75c6739d29ff62,1531185246,c4.large,60.18682384,10,10,1,TPC-B (sort of),simple,60 s,61646,61646,,
i-0cd75c6739d29ff62,1531185246,c4.large,60.1824739,10,10,1,TPC-B (sort of),simple,60 s,60907,60907,,
i-0cd75c6739d29ff62,1531185246,c4.large,60.18352127,10,10,1,TPC-B (sort of),simple,60 s,61028,61028,,
i-0cd75c6739d29ff62,1531185246,c4.large,60.18794894,10,10,1,TPC-B (sort of),simple,60 s,62532,62532,,
i-0cd75c6739d29ff62,1531185246,c4.large,60.18755412,10,10,1,TPC-B (sort of),simple,60 s,60194,60194,,
i-0cd75c6739d29ff62,1531185246,c4.large,60.18614316,10,10,1,TPC-B (sort of),simple,60 s,61349,61349,,
i-0cd75c6739d29ff62,1531185246,c4.large,60.1867919,10,10,1,TPC-B (sort of),simple,60 s,61760,61760,,
i-0cd75c6739d29ff62,1531185246,c4.large,60.18545008,10,10,1,TPC-B (sort of),simple,60 s,61037,61037,,
i-0cd75c6739d29ff62,1531185246,c4.large,60.18474483,10,10,1,TPC-B (sort of),simple,60 s,61338,61338,,
i-0cd75c6739d29ff62,1531185246,c4.large,60.19012713,10,10,1,TPC-B (sort of),simple,60 s,61269,61269,,
i-0cd75c6739d29ff62,1531185246,c4.large,60.18394542,10,10,1,TPC-B (sort of),simple,60 s,61298,61298,,
i-0cd75c6739d29ff62,1531185246,c4.large,60.18991089,10,10,1,TPC-B (sort of),simple,60 s,61701,61701,,
i-0cd75c6739d29ff62,1531185246,c4.large,60.19622445,10,10,1,TPC-B (sort of),simple,60 s,61809,61809,,
i-0cd75c6739d29ff62,1531185246,c4.large,60.18334198,10,10,1,TPC-B (sort of),simple,60 s,61640,61640,,
i-0cd75c6739d29ff62,1531185246,c4.large,60.1908462,10,10,1,TPC-B (sort of),simple,60 s,61952,61952,,
i-0cd75c6739d29ff62,1531185246,c4.large,60.20105433,10,10,1,TPC-B (sort of),simple,60 s,61547,61547,,
i-0cd75c6739d29ff62,1531185246,c4.large,60.19199896,10,10,1,TPC-B (sort of),simple,60 s,61707,61707,,
i-0cd75c6739d29ff62,1531185246,c4.large,60.19139791,10,10,1,TPC-B (sort of),simple,60 s,61181,61181,,
i-0cd75c6739d29ff62,1531185246,c4.large,60.20259523,10,10,1,TPC-B (sort of),simple,60 s,60467,60467,,
i-0cd75c6739d29ff62,1531185246,c4.large,60.1991384,10,10,1,TPC-B (sort of),simple,60 s,62018,62018,,
i-0cd75c6739d29ff62,1531185246,c4.large,60.19124365,10,10,1,TPC-B (sort of),simple,60 s,60474,60474,,
i-0cd75c6739d29ff62,1531185246,c4.large,60.21167564,10,10,1,TPC-B (sort of),simple,60 s,60504,60504,,
i-0cd75c6739d29ff62,1531185246,c4.large,60.20671701,10,10,1,TPC-B (sort of),simple,60 s,61552,61552,,
i-0cd75c6739d29ff62,1531185246,c4.large,60.22938395,10,10,1,TPC-B (sort of),simple,60 s,59703,59703,,
i-0cd75c6739d29ff62,1531185246,c4.large,60.199965,10,10,1,TPC-B (sort of),simple,60 s,61780,61780,,
i-00d14cee1fcf9f0c9,1531185246,c4.large,60.32615328,10,10,1,TPC-B (sort of),simple,60 s,54168,54168,,
i-00d14cee1fcf9f0c9,1531185246,c4.large,60.2023468,10,10,1,TPC-B (sort of),simple,60 s,53283,53283,,
i-00d14cee1fcf9f0c9,1531185246,c4.large,60.17978215,10,10,1,TPC-B (sort of),simple,60 s,51672,51672,,
i-00d14cee1fcf9f0c9,1531185246,c4.large,60.1978035,10,10,1,TPC-B (sort of),simple,60 s,53539,53539,,
i-00d14cee1fcf9f0c9,1531185246,c4.large,60.23935509,10,10,1,TPC-B (sort of),simple,60 s,54045,54045,,
i-00d14cee1fcf9f0c9,1531185246,c4.large,60.18667722,10,10,1,TPC-B (sort of),simple,60 s,55971,55971,,
i-00d14cee1fcf9f0c9,1531185246,c4.large,60.17796206,10,10,1,TPC-B (sort of),simple,60 s,55868,55868,,
i-00d14cee1fcf9f0c9,1531185246,c4.large,60.1858623,10,10,1,TPC-B (sort of),simple,60 s,55722,55722,,
i-00d14cee1fcf9f0c9,1531185246,c4.large,60.18663621,10,10,1,TPC-B (sort of),simple,60 s,55523,55523,,
i-00d14cee1fcf9f0c9,1531185246,c4.large,60.18174362,10,10,1,TPC-B (sort of),simple,60 s,55206,55206,,
i-00d14cee1fcf9f0c9,1531185246,c4.large,60.18808484,10,10,1,TPC-B (sort of),simple,60 s,55011,55011,,
i-00d14cee1fcf9f0c9,1531185246,c4.large,60.18317723,10,10,1,TPC-B (sort of),simple,60 s,55081,55081,,
i-00d14cee1fcf9f0c9,1531185246,c4.large,60.26477766,10,10,1,TPC-B (sort of),simple,60 s,55329,55329,,
i-00d14cee1fcf9f0c9,1531185246,c4.large,60.18372059,10,10,1,TPC-B (sort of),simple,60 s,55645,55645,,
i-00d14cee1fcf9f0c9,1531185246,c4.large,60.1838119,10,10,1,TPC-B (sort of),simple,60 s,55496,55496,,
i-00d14cee1fcf9f0c9,1531185246,c4.large,60.18459558,10,10,1,TPC-B (sort of),simple,60 s,55126,55126,,
i-00d14cee1fcf9f0c9,1531185246,c4.large,60.18847346,10,10,1,TPC-B (sort of),simple,60 s,53557,53557,,
i-00d14cee1fcf9f0c9,1531185246,c4.large,60.19616795,10,10,1,TPC-B (sort of),simple,60 s,54255,54255,,
i-00d14cee1fcf9f0c9,1531185246,c4.large,60.19284844,10,10,1,TPC-B (sort of),simple,60 s,54587,54587,,
i-00d14cee1fcf9f0c9,1531185246,c4.large,60.19880652,10,10,1,TPC-B (sort of),simple,60 s,55623,55623,,
i-00d14cee1fcf9f0c9,1531185246,c4.large,60.1936481,10,10,1,TPC-B (sort of),simple,60 s,53471,53471,,
i-00d14cee1fcf9f0c9,1531185246,c4.large,60.40105367,10,10,1,TPC-B (sort of),simple,60 s,54298,54298,,
i-00d14cee1fcf9f0c9,1531185246,c4.large,60.19234705,10,10,1,TPC-B (sort of),simple,60 s,55459,55459,,
i-00d14cee1fcf9f0c9,1531185246,c4.large,60.19396782,10,10,1,TPC-B (sort of),simple,60 s,55397,55397,,
i-00d14cee1fcf9f0c9,1531185246,c4.large,60.18740964,10,10,1,TPC-B (sort of),simple,60 s,55929,55929,,
i-00d14cee1fcf9f0c9,1531185246,c4.large,60.19083047,10,10,1,TPC-B (sort of),simple,60 s,56826,56826,,
i-00d14cee1fcf9f0c9,1531185246,c4.large,60.19130063,10,10,1,TPC-B (sort of),simple,60 s,56789,56789,,
i-00d14cee1fcf9f0c9,1531185246,c4.large,60.18593025,10,10,1,TPC-B (sort of),simple,60 s,53640,53640,,
i-00d14cee1fcf9f0c9,1531185246,c4.large,60.18958735,10,10,1,TPC-B (sort of),simple,60 s,56882,56882,,
i-00d14cee1fcf9f0c9,1531185246,c4.large,60.18775177,10,10,1,TPC-B (sort of),simple,60 s,56657,56657,,
i-00d14cee1fcf9f0c9,1531185246,c4.large,60.20775533,10,10,1,TPC-B (sort of),simple,60 s,54709,54709,,
i-00d14cee1fcf9f0c9,1531185246,c4.large,60.20717645,10,10,1,TPC-B (sort of),simple,60 s,55084,55084,,
i-00d14cee1fcf9f0c9,1531185246,c4.large,60.20237589,10,10,1,TPC-B (sort of),simple,60 s,55307,55307,,
i-00d14cee1fcf9f0c9,1531185246,c4.large,60.3367188,10,10,1,TPC-B (sort of),simple,60 s,55167,55167,,
i-00d14cee1fcf9f0c9,1531185246,c4.large,60.19358683,10,10,1,TPC-B (sort of),simple,60 s,53992,53992,,
i-00d14cee1fcf9f0c9,1531185246,c4.large,60.31514478,10,10,1,TPC-B (sort of),simple,60 s,55084,55084,,
i-00d14cee1fcf9f0c9,1531185246,c4.large,60.18901515,10,10,1,TPC-B (sort of),simple,60 s,55015,55015,,
i-00d14cee1fcf9f0c9,1531185246,c4.large,60.20290208,10,10,1,TPC-B (sort of),simple,60 s,55815,55815,,
i-00d14cee1fcf9f0c9,1531185246,c4.large,60.19276428,10,10,1,TPC-B (sort of),simple,60 s,52948,52948,,
i-00d14cee1fcf9f0c9,1531185246,c4.large,60.1795702,10,10,1,TPC-B (sort of),simple,60 s,52019,52019,,
i-00d14cee1fcf9f0c9,1531185246,c4.large,60.18804669,10,10,1,TPC-B (sort of),simple,60 s,53886,53886,,
i-00d14cee1fcf9f0c9,1531185246,c4.large,60.20659256,10,10,1,TPC-B (sort of),simple,60 s,53248,53248,,
i-00d14cee1fcf9f0c9,1531185246,c4.large,60.18498564,10,10,1,TPC-B (sort of),simple,60 s,54365,54365,,
i-00d14cee1fcf9f0c9,1531185246,c4.large,60.19299269,10,10,1,TPC-B (sort of),simple,60 s,52518,52518,,
i-0629fca2b4de7b9a1,1531185246,c4.large,60.38921714,10,10,1,TPC-B (sort of),simple,60 s,48848,48848,,
i-0629fca2b4de7b9a1,1531185246,c4.large,60.18784547,10,10,1,TPC-B (sort of),simple,60 s,49144,49144,,
i-0629fca2b4de7b9a1,1531185246,c4.large,60.19344974,10,10,1,TPC-B (sort of),simple,60 s,50101,50101,,
i-0629fca2b4de7b9a1,1531185246,c4.large,60.25784206,10,10,1,TPC-B (sort of),simple,60 s,52691,52691,,
i-0629fca2b4de7b9a1,1531185246,c4.large,60.19231009,10,10,1,TPC-B (sort of),simple,60 s,53298,53298,,
i-0629fca2b4de7b9a1,1531185246,c4.large,60.1844821,10,10,1,TPC-B (sort of),simple,60 s,52710,52710,,
i-0629fca2b4de7b9a1,1531185246,c4.large,60.23544407,10,10,1,TPC-B (sort of),simple,60 s,52622,52622,,
i-0629fca2b4de7b9a1,1531185246,c4.large,60.20247817,10,10,1,TPC-B (sort of),simple,60 s,51259,51259,,
i-0629fca2b4de7b9a1,1531185246,c4.large,60.22476339,10,10,1,TPC-B (sort of),simple,60 s,53649,53649,,
i-0629fca2b4de7b9a1,1531185246,c4.large,60.32253408,10,10,1,TPC-B (sort of),simple,60 s,54782,54782,,
i-0629fca2b4de7b9a1,1531185246,c4.large,60.19023967,10,10,1,TPC-B (sort of),simple,60 s,53675,53675,,
i-0629fca2b4de7b9a1,1531185246,c4.large,60.18904114,10,10,1,TPC-B (sort of),simple,60 s,54306,54306,,
i-0629fca2b4de7b9a1,1531185246,c4.large,60.27294564,10,10,1,TPC-B (sort of),simple,60 s,54379,54379,,
i-0629fca2b4de7b9a1,1531185246,c4.large,60.19278169,10,10,1,TPC-B (sort of),simple,60 s,53962,53962,,
i-0629fca2b4de7b9a1,1531185246,c4.large,60.21692061,10,10,1,TPC-B (sort of),simple,60 s,54905,54905,,
i-0629fca2b4de7b9a1,1531185246,c4.large,60.22494411,10,10,1,TPC-B (sort of),simple,60 s,53872,53872,,
i-0629fca2b4de7b9a1,1531185246,c4.large,60.18921399,10,10,1,TPC-B (sort of),simple,60 s,53937,53937,,
i-0629fca2b4de7b9a1,1531185246,c4.large,60.18853664,10,10,1,TPC-B (sort of),simple,60 s,54881,54881,,
i-0629fca2b4de7b9a1,1531185246,c4.large,60.20041943,10,10,1,TPC-B (sort of),simple,60 s,53986,53986,,
i-0629fca2b4de7b9a1,1531185246,c4.large,60.20013094,10,10,1,TPC-B (sort of),simple,60 s,53254,53254,,
i-0629fca2b4de7b9a1,1531185246,c4.large,60.30060196,10,10,1,TPC-B (sort of),simple,60 s,51870,51870,,
i-0629fca2b4de7b9a1,1531185246,c4.large,60.20879388,10,10,1,TPC-B (sort of),simple,60 s,54032,54032,,
i-0629fca2b4de7b9a1,1531185246,c4.large,60.19572282,10,10,1,TPC-B (sort of),simple,60 s,54606,54606,,
i-0629fca2b4de7b9a1,1531185246,c4.large,60.19572186,10,10,1,TPC-B (sort of),simple,60 s,53793,53793,,
i-0629fca2b4de7b9a1,1531185246,c4.large,60.19861794,10,10,1,TPC-B (sort of),simple,60 s,54307,54307,,
i-0629fca2b4de7b9a1,1531185246,c4.large,60.19621181,10,10,1,TPC-B (sort of),simple,60 s,53633,53633,,
i-0629fca2b4de7b9a1,1531185246,c4.large,60.19509816,10,10,1,TPC-B (sort of),simple,60 s,53733,53733,,
i-0629fca2b4de7b9a1,1531185246,c4.large,60.30156779,10,10,1,TPC-B (sort of),simple,60 s,54679,54679,,
i-0629fca2b4de7b9a1,1531185246,c4.large,60.19912171,10,10,1,TPC-B (sort of),simple,60 s,54891,54891,,
i-0629fca2b4de7b9a1,1531185246,c4.large,60.20242071,10,10,1,TPC-B (sort of),simple,60 s,54710,54710,,
i-0629fca2b4de7b9a1,1531185246,c4.large,60.25830746,10,10,1,TPC-B (sort of),simple,60 s,53436,53436,,
i-0629fca2b4de7b9a1,1531185246,c4.large,60.19445348,10,10,1,TPC-B (sort of),simple,60 s,54532,54532,,
i-0629fca2b4de7b9a1,1531185246,c4.large,60.19463611,10,10,1,TPC-B (sort of),simple,60 s,54646,54646,,
i-0629fca2b4de7b9a1,1531185246,c4.large,60.37349606,10,10,1,TPC-B (sort of),simple,60 s,54212,54212,,
i-0629fca2b4de7b9a1,1531185246,c4.large,60.19561005,10,10,1,TPC-B (sort of),simple,60 s,54305,54305,,
i-0629fca2b4de7b9a1,1531185246,c4.large,60.18898344,10,10,1,TPC-B (sort of),simple,60 s,54874,54874,,
i-0629fca2b4de7b9a1,1531185246,c4.large,60.19133091,10,10,1,TPC-B (sort of),simple,60 s,53690,53690,,
i-0629fca2b4de7b9a1,1531185246,c4.large,60.19898891,10,10,1,TPC-B (sort of),simple,60 s,54104,54104,,
i-0629fca2b4de7b9a1,1531185246,c4.large,60.21385217,10,10,1,TPC-B (sort of),simple,60 s,54646,54646,,
i-0629fca2b4de7b9a1,1531185246,c4.large,60.32927203,10,10,1,TPC-B (sort of),simple,60 s,54279,54279,,
i-0629fca2b4de7b9a1,1531185246,c4.large,60.20878863,10,10,1,TPC-B (sort of),simple,60 s,53909,53909,,
i-0629fca2b4de7b9a1,1531185246,c4.large,60.20487761,10,10,1,TPC-B (sort of),simple,60 s,54690,54690,,
i-0629fca2b4de7b9a1,1531185246,c4.large,60.26640558,10,10,1,TPC-B (sort of),simple,60 s,54049,54049,,
i-0629fca2b4de7b9a1,1531185246,c4.large,60.20190692,10,10,1,TPC-B (sort of),simple,60 s,54387,54387,,
i-0629fca2b4de7b9a1,1531185246,c4.large,60.20535207,10,10,1,TPC-B (sort of),simple,60 s,54716,54716,,
i-0629fca2b4de7b9a1,1531185246,c4.large,60.27018499,10,10,1,TPC-B (sort of),simple,60 s,53665,53665,,
i-0629fca2b4de7b9a1,1531185246,c4.large,60.31429744,10,10,1,TPC-B (sort of),simple,60 s,53636,53636,,
i-03f7a29cee89b5b4c,1531185246,c4.large,60.31153631,10,10,1,TPC-B (sort of),simple,60 s,58774,58774,,
i-03f7a29cee89b5b4c,1531185246,c4.large,60.17359638,10,10,1,TPC-B (sort of),simple,60 s,58580,58580,,
i-03f7a29cee89b5b4c,1531185246,c4.large,60.16811156,10,10,1,TPC-B (sort of),simple,60 s,58510,58510,,
i-03f7a29cee89b5b4c,1531185246,c4.large,60.17167211,10,10,1,TPC-B (sort of),simple,60 s,60464,60464,,
i-03f7a29cee89b5b4c,1531185246,c4.large,60.17116427,10,10,1,TPC-B (sort of),simple,60 s,60509,60509,,
i-03f7a29cee89b5b4c,1531185246,c4.large,60.17679739,10,10,1,TPC-B (sort of),simple,60 s,60744,60744,,
i-03f7a29cee89b5b4c,1531185246,c4.large,60.17270684,10,10,1,TPC-B (sort of),simple,60 s,59877,59877,,
i-03f7a29cee89b5b4c,1531185246,c4.large,60.17366076,10,10,1,TPC-B (sort of),simple,60 s,61090,61090,,
i-03f7a29cee89b5b4c,1531185246,c4.large,60.17499423,10,10,1,TPC-B (sort of),simple,60 s,61610,61610,,
i-03f7a29cee89b5b4c,1531185246,c4.large,60.19278669,10,10,1,TPC-B (sort of),simple,60 s,58457,58457,,
i-03f7a29cee89b5b4c,1531185246,c4.large,60.18422008,10,10,1,TPC-B (sort of),simple,60 s,57502,57502,,
i-03f7a29cee89b5b4c,1531185246,c4.large,60.17825246,10,10,1,TPC-B (sort of),simple,60 s,60281,60281,,
i-03f7a29cee89b5b4c,1531185246,c4.large,60.18914652,10,10,1,TPC-B (sort of),simple,60 s,61498,61498,,
i-03f7a29cee89b5b4c,1531185246,c4.large,60.18167996,10,10,1,TPC-B (sort of),simple,60 s,61555,61555,,
i-03f7a29cee89b5b4c,1531185246,c4.large,60.17895174,10,10,1,TPC-B (sort of),simple,60 s,61529,61529,,
i-03f7a29cee89b5b4c,1531185246,c4.large,60.17273593,10,10,1,TPC-B (sort of),simple,60 s,61108,61108,,
i-03f7a29cee89b5b4c,1531185246,c4.large,60.18397236,10,10,1,TPC-B (sort of),simple,60 s,61493,61493,,
i-03f7a29cee89b5b4c,1531185246,c4.large,60.18832159,10,10,1,TPC-B (sort of),simple,60 s,61327,61327,,
i-03f7a29cee89b5b4c,1531185246,c4.large,60.18321157,10,10,1,TPC-B (sort of),simple,60 s,60594,60594,,
i-03f7a29cee89b5b4c,1531185246,c4.large,60.18977642,10,10,1,TPC-B (sort of),simple,60 s,61183,61183,,
i-03f7a29cee89b5b4c,1531185246,c4.large,60.19041967,10,10,1,TPC-B (sort of),simple,60 s,60738,60738,,
i-03f7a29cee89b5b4c,1531185246,c4.large,60.17795897,10,10,1,TPC-B (sort of),simple,60 s,58678,58678,,
i-03f7a29cee89b5b4c,1531185246,c4.large,60.17853999,10,10,1,TPC-B (sort of),simple,60 s,60411,60411,,
i-0986220ea92279c65,1531185246,c4.large,60.39361811,10,10,1,TPC-B (sort of),simple,60 s,57318,57318,,
i-0986220ea92279c65,1531185246,c4.large,60.19432306,10,10,1,TPC-B (sort of),simple,60 s,56342,56342,,
i-0986220ea92279c65,1531185246,c4.large,60.19142675,10,10,1,TPC-B (sort of),simple,60 s,55903,55903,,
i-0986220ea92279c65,1531185246,c4.large,60.188308,10,10,1,TPC-B (sort of),simple,60 s,57414,57414,,
i-0986220ea92279c65,1531185246,c4.large,60.19263768,10,10,1,TPC-B (sort of),simple,60 s,55904,55904,,
i-0986220ea92279c65,1531185246,c4.large,60.19470429,10,10,1,TPC-B (sort of),simple,60 s,57114,57114,,
i-0986220ea92279c65,1531185246,c4.large,60.44904327,10,10,1,TPC-B (sort of),simple,60 s,55414,55414,,
i-0986220ea92279c65,1531185246,c4.large,60.18562102,10,10,1,TPC-B (sort of),simple,60 s,56457,56457,,
i-0986220ea92279c65,1531185246,c4.large,60.19016075,10,10,1,TPC-B (sort of),simple,60 s,56007,56007,,
i-0986220ea92279c65,1531185246,c4.large,60.31082368,10,10,1,TPC-B (sort of),simple,60 s,55528,55528,,
i-0986220ea92279c65,1531185246,c4.large,60.18225121,10,10,1,TPC-B (sort of),simple,60 s,54350,54350,,
i-08bde527ed885db51,1531185246,c4.large,60.35621738,10,10,1,TPC-B (sort of),simple,60 s,52495,52495,,
i-08bde527ed885db51,1531185246,c4.large,60.18899536,10,10,1,TPC-B (sort of),simple,60 s,51653,51653,,
i-08bde527ed885db51,1531185246,c4.large,60.22908807,10,10,1,TPC-B (sort of),simple,60 s,52493,52493,,
i-08bde527ed885db51,1531185246,c4.large,60.26846933,10,10,1,TPC-B (sort of),simple,60 s,51344,51344,,
i-08bde527ed885db51,1531185246,c4.large,60.19067454,10,10,1,TPC-B (sort of),simple,60 s,51857,51857,,
i-08bde527ed885db51,1531185246,c4.large,60.19102073,10,10,1,TPC-B (sort of),simple,60 s,52399,52399,,
i-08bde527ed885db51,1531185246,c4.large,60.30066419,10,10,1,TPC-B (sort of),simple,60 s,52241,52241,,
i-08bde527ed885db51,1531185246,c4.large,60.22528386,10,10,1,TPC-B (sort of),simple,60 s,51928,51928,,
i-08bde527ed885db51,1531185246,c4.large,60.27176404,10,10,1,TPC-B (sort of),simple,60 s,52130,52130,,
i-08bde527ed885db51,1531185246,c4.large,60.26440644,10,10,1,TPC-B (sort of),simple,60 s,51503,51503,,
i-08bde527ed885db51,1531185246,c4.large,60.20568824,10,10,1,TPC-B (sort of),simple,60 s,52043,52043,,
i-08bde527ed885db51,1531185246,c4.large,60.21134067,10,10,1,TPC-B (sort of),simple,60 s,51826,51826,,
i-08bde527ed885db51,1531185246,c4.large,60.27742743,10,10,1,TPC-B (sort of),simple,60 s,51556,51556,,
i-08bde527ed885db51,1531185246,c4.large,60.40869141,10,10,1,TPC-B (sort of),simple,60 s,51566,51566,,
i-0ac7501019866fc6f,1531185246,c4.large,60.46113348,10,10,1,TPC-B (sort of),simple,60 s,63156,63156,,
i-0ac7501019866fc6f,1531185246,c4.large,60.17378783,10,10,1,TPC-B (sort of),simple,60 s,63149,63149,,
i-0ac7501019866fc6f,1531185246,c4.large,60.16796517,10,10,1,TPC-B (sort of),simple,60 s,64864,64864,,
i-0ac7501019866fc6f,1531185246,c4.large,60.26608324,10,10,1,TPC-B (sort of),simple,60 s,64700,64700,,
i-0ac7501019866fc6f,1531185246,c4.large,60.18569589,10,10,1,TPC-B (sort of),simple,60 s,64030,64030,,
i-0ac7501019866fc6f,1531185246,c4.large,60.17367387,10,10,1,TPC-B (sort of),simple,60 s,64615,64615,,
i-0ac7501019866fc6f,1531185246,c4.large,60.25338936,10,10,1,TPC-B (sort of),simple,60 s,65008,65008,,
i-0ac7501019866fc6f,1531185246,c4.large,60.18300891,10,10,1,TPC-B (sort of),simple,60 s,64596,64596,,
i-0ac7501019866fc6f,1531185246,c4.large,60.18060112,10,10,1,TPC-B (sort of),simple,60 s,63673,63673,,
i-0ac7501019866fc6f,1531185246,c4.large,60.22974181,10,10,1,TPC-B (sort of),simple,60 s,64439,64439,,
i-0ac7501019866fc6f,1531185246,c4.large,60.17787409,10,10,1,TPC-B (sort of),simple,60 s,63430,63430,,
i-0ac7501019866fc6f,1531185246,c4.large,60.2895503,10,10,1,TPC-B (sort of),simple,60 s,64419,64419,,
i-0ac7501019866fc6f,1531185246,c4.large,60.25449157,10,10,1,TPC-B (sort of),simple,60 s,64058,64058,,
i-0ac7501019866fc6f,1531185246,c4.large,60.1947763,10,10,1,TPC-B (sort of),simple,60 s,65472,65472,,
i-0ac7501019866fc6f,1531185246,c4.large,60.17858076,10,10,1,TPC-B (sort of),simple,60 s,65361,65361,,
i-0ac7501019866fc6f,1531185246,c4.large,60.36388898,10,10,1,TPC-B (sort of),simple,60 s,64906,64906,,
i-0ac7501019866fc6f,1531185246,c4.large,60.17526293,10,10,1,TPC-B (sort of),simple,60 s,65428,65428,,
i-0ac7501019866fc6f,1531185246,c4.large,60.17149282,10,10,1,TPC-B (sort of),simple,60 s,65370,65370,,
i-0ac7501019866fc6f,1531185246,c4.large,60.23543882,10,10,1,TPC-B (sort of),simple,60 s,64985,64985,,
i-0ac7501019866fc6f,1531185246,c4.large,60.1871376,10,10,1,TPC-B (sort of),simple,60 s,63373,63373,,
i-0ac7501019866fc6f,1531185246,c4.large,60.24223304,10,10,1,TPC-B (sort of),simple,60 s,64880,64880,,
i-0ac7501019866fc6f,1531185246,c4.large,60.31553078,10,10,1,TPC-B (sort of),simple,60 s,64880,64880,,
i-0ac7501019866fc6f,1531185246,c4.large,60.18806791,10,10,1,TPC-B (sort of),simple,60 s,64785,64785,,
i-0ac7501019866fc6f,1531185246,c4.large,60.30510402,10,10,1,TPC-B (sort of),simple,60 s,64634,64634,,
i-0ac7501019866fc6f,1531185246,c4.large,60.23522377,10,10,1,TPC-B (sort of),simple,60 s,64376,64376,,
i-0ac7501019866fc6f,1531185246,c4.large,60.18179703,10,10,1,TPC-B (sort of),simple,60 s,65002,65002,,
i-0ac7501019866fc6f,1531185246,c4.large,60.17845154,10,10,1,TPC-B (sort of),simple,60 s,64748,64748,,
i-0ac7501019866fc6f,1531185246,c4.large,60.31366682,10,10,1,TPC-B (sort of),simple,60 s,64711,64711,,
i-0ac7501019866fc6f,1531185246,c4.large,60.17611122,10,10,1,TPC-B (sort of),simple,60 s,65667,65667,,
i-0ac7501019866fc6f,1531185246,c4.large,60.18271828,10,10,1,TPC-B (sort of),simple,60 s,64849,64849,,
i-0ac7501019866fc6f,1531185246,c4.large,60.28007102,10,10,1,TPC-B (sort of),simple,60 s,63572,63572,,
i-0ac7501019866fc6f,1531185246,c4.large,60.17877889,10,10,1,TPC-B (sort of),simple,60 s,64471,64471,,
i-0dad89950d3beb598,1531185246,c4.large,60.36740398,10,10,1,TPC-B (sort of),simple,60 s,54016,54016,,
i-0dad89950d3beb598,1531185246,c4.large,60.17813277,10,10,1,TPC-B (sort of),simple,60 s,55004,55004,,
i-0dad89950d3beb598,1531185246,c4.large,60.17143941,10,10,1,TPC-B (sort of),simple,60 s,53493,53493,,
i-0dad89950d3beb598,1531185246,c4.large,60.2629478,10,10,1,TPC-B (sort of),simple,60 s,55455,55455,,
i-0dad89950d3beb598,1531185246,c4.large,60.17725754,10,10,1,TPC-B (sort of),simple,60 s,56111,56111,,
i-0dad89950d3beb598,1531185246,c4.large,60.17165732,10,10,1,TPC-B (sort of),simple,60 s,57466,57466,,
i-0dad89950d3beb598,1531185246,c4.large,60.16406798,10,10,1,TPC-B (sort of),simple,60 s,57154,57154,,
i-0dad89950d3beb598,1531185246,c4.large,60.17157602,10,10,1,TPC-B (sort of),simple,60 s,56794,56794,,
i-0dad89950d3beb598,1531185246,c4.large,60.17734313,10,10,1,TPC-B (sort of),simple,60 s,57037,57037,,
i-0dad89950d3beb598,1531185246,c4.large,60.1690135,10,10,1,TPC-B (sort of),simple,60 s,56702,56702,,
i-0dad89950d3beb598,1531185246,c4.large,60.23278785,10,10,1,TPC-B (sort of),simple,60 s,56806,56806,,
i-0dad89950d3beb598,1531185246,c4.large,60.17016768,10,10,1,TPC-B (sort of),simple,60 s,57548,57548,,
i-0dad89950d3beb598,1531185246,c4.large,60.17123604,10,10,1,TPC-B (sort of),simple,60 s,56148,56148,,
i-0dad89950d3beb598,1531185246,c4.large,60.17227244,10,10,1,TPC-B (sort of),simple,60 s,53368,53368,,
i-0dad89950d3beb598,1531185246,c4.large,60.17431879,10,10,1,TPC-B (sort of),simple,60 s,57020,57020,,
i-0dad89950d3beb598,1531185246,c4.large,60.18097997,10,10,1,TPC-B (sort of),simple,60 s,55961,55961,,
i-0dad89950d3beb598,1531185246,c4.large,60.18191123,10,10,1,TPC-B (sort of),simple,60 s,56087,56087,,
i-0dad89950d3beb598,1531185246,c4.large,60.1857779,10,10,1,TPC-B (sort of),simple,60 s,52978,52978,,
i-0dad89950d3beb598,1531185246,c4.large,60.17954183,10,10,1,TPC-B (sort of),simple,60 s,55522,55522,,
i-0dad89950d3beb598,1531185246,c4.large,60.17806101,10,10,1,TPC-B (sort of),simple,60 s,56407,56407,,
i-0dad89950d3beb598,1531185246,c4.large,60.17565107,10,10,1,TPC-B (sort of),simple,60 s,56193,56193,,
i-0dad89950d3beb598,1531185246,c4.large,60.19420695,10,10,1,TPC-B (sort of),simple,60 s,56049,56049,,
i-0dad89950d3beb598,1531185246,c4.large,60.17888927,10,10,1,TPC-B (sort of),simple,60 s,57401,57401,,
i-0dad89950d3beb598,1531185246,c4.large,60.18082762,10,10,1,TPC-B (sort of),simple,60 s,56660,56660,,
i-0dad89950d3beb598,1531185246,c4.large,60.26811671,10,10,1,TPC-B (sort of),simple,60 s,55720,55720,,
i-0dad89950d3beb598,1531185246,c4.large,60.17721462,10,10,1,TPC-B (sort of),simple,60 s,56729,56729,,
i-0dad89950d3beb598,1531185246,c4.large,60.17323375,10,10,1,TPC-B (sort of),simple,60 s,57137,57137,,
i-0dad89950d3beb598,1531185246,c4.large,60.17869234,10,10,1,TPC-B (sort of),simple,60 s,54432,54432,,
i-0dad89950d3beb598,1531185246,c4.large,60.18700933,10,10,1,TPC-B (sort of),simple,60 s,54555,54555,,
i-0dad89950d3beb598,1531185246,c4.large,60.18010426,10,10,1,TPC-B (sort of),simple,60 s,54637,54637,,
i-0dad89950d3beb598,1531185246,c4.large,60.28606582,10,10,1,TPC-B (sort of),simple,60 s,55433,55433,,
i-0dad89950d3beb598,1531185246,c4.large,60.188025,10,10,1,TPC-B (sort of),simple,60 s,55225,55225,,
i-0dad89950d3beb598,1531185246,c4.large,60.18382025,10,10,1,TPC-B (sort of),simple,60 s,55523,55523,,
i-0dad89950d3beb598,1531185246,c4.large,60.18305087,10,10,1,TPC-B (sort of),simple,60 s,55607,55607,,
i-0dad89950d3beb598,1531185246,c4.large,60.19966483,10,10,1,TPC-B (sort of),simple,60 s,55198,55198,,
i-0dad89950d3beb598,1531185246,c4.large,60.19480419,10,10,1,TPC-B (sort of),simple,60 s,55965,55965,,
i-0dad89950d3beb598,1531185246,c4.large,60.27589107,10,10,1,TPC-B (sort of),simple,60 s,54867,54867,,
i-0dad89950d3beb598,1531185246,c4.large,60.18335128,10,10,1,TPC-B (sort of),simple,60 s,54868,54868,,
i-0dad89950d3beb598,1531185246,c4.large,60.18743181,10,10,1,TPC-B (sort of),simple,60 s,54946,54946,,
i-0dad89950d3beb598,1531185246,c4.large,60.37989688,10,10,1,TPC-B (sort of),simple,60 s,52694,52694,,
i-0dad89950d3beb598,1531185246,c4.large,60.18234372,10,10,1,TPC-B (sort of),simple,60 s,51517,51517,,
i-08228bbd71aee93ea,1531185246,c4.large,60.38643503,10,10,1,TPC-B (sort of),simple,60 s,52762,52762,,
i-08228bbd71aee93ea,1531185246,c4.large,60.19185281,10,10,1,TPC-B (sort of),simple,60 s,50933,50933,,
i-08228bbd71aee93ea,1531185246,c4.large,60.2104404,10,10,1,TPC-B (sort of),simple,60 s,51117,51117,,
i-08228bbd71aee93ea,1531185246,c4.large,60.28070784,10,10,1,TPC-B (sort of),simple,60 s,53128,53128,,
i-08228bbd71aee93ea,1531185246,c4.large,60.19637084,10,10,1,TPC-B (sort of),simple,60 s,52758,52758,,
i-08228bbd71aee93ea,1531185246,c4.large,60.20932651,10,10,1,TPC-B (sort of),simple,60 s,52565,52565,,
i-08228bbd71aee93ea,1531185246,c4.large,60.26325274,10,10,1,TPC-B (sort of),simple,60 s,53567,53567,,
i-08228bbd71aee93ea,1531185246,c4.large,60.1883328,10,10,1,TPC-B (sort of),simple,60 s,54587,54587,,
i-08228bbd71aee93ea,1531185246,c4.large,60.21229291,10,10,1,TPC-B (sort of),simple,60 s,55183,55183,,
i-08228bbd71aee93ea,1531185246,c4.large,60.19480371,10,10,1,TPC-B (sort of),simple,60 s,54467,54467,,
i-08228bbd71aee93ea,1531185246,c4.large,60.19629097,10,10,1,TPC-B (sort of),simple,60 s,53879,53879,,
i-08228bbd71aee93ea,1531185246,c4.large,60.19515038,10,10,1,TPC-B (sort of),simple,60 s,54269,54269,,
i-08228bbd71aee93ea,1531185246,c4.large,60.26089954,10,10,1,TPC-B (sort of),simple,60 s,51961,51961,,
i-08228bbd71aee93ea,1531185246,c4.large,60.20519304,10,10,1,TPC-B (sort of),simple,60 s,49680,49680,,
i-08228bbd71aee93ea,1531185246,c4.large,60.25447679,10,10,1,TPC-B (sort of),simple,60 s,54204,54204,,
i-08228bbd71aee93ea,1531185246,c4.large,60.19694901,10,10,1,TPC-B (sort of),simple,60 s,53743,53743,,
i-08228bbd71aee93ea,1531185246,c4.large,60.20660329,10,10,1,TPC-B (sort of),simple,60 s,52756,52756,,
i-08228bbd71aee93ea,1531185246,c4.large,60.20871043,10,10,1,TPC-B (sort of),simple,60 s,52383,52383,,
i-08228bbd71aee93ea,1531185246,c4.large,60.19720602,10,10,1,TPC-B (sort of),simple,60 s,53156,53156,,
i-08228bbd71aee93ea,1531185246,c4.large,60.19724345,10,10,1,TPC-B (sort of),simple,60 s,53410,53410,,
i-08228bbd71aee93ea,1531185246,c4.large,60.19991159,10,10,1,TPC-B (sort of),simple,60 s,53063,53063,,
i-08228bbd71aee93ea,1531185246,c4.large,60.20721626,10,10,1,TPC-B (sort of),simple,60 s,51634,51634,,
i-08228bbd71aee93ea,1531185246,c4.large,60.20254326,10,10,1,TPC-B (sort of),simple,60 s,50315,50315,,
i-08228bbd71aee93ea,1531185246,c4.large,60.21464968,10,10,1,TPC-B (sort of),simple,60 s,49944,49944,,
i-08228bbd71aee93ea,1531185246,c4.large,60.27346325,10,10,1,TPC-B (sort of),simple,60 s,51620,51620,,
i-08228bbd71aee93ea,1531185246,c4.large,60.21246624,10,10,1,TPC-B (sort of),simple,60 s,52148,52148,,
i-00b55946684109933,1531185246,c4.large,60.28650141,10,10,1,TPC-B (sort of),simple,60 s,61027,61027,,
i-00b55946684109933,1531185246,c4.large,60.1756494,10,10,1,TPC-B (sort of),simple,60 s,62674,62674,,
i-00b55946684109933,1531185246,c4.large,60.17324758,10,10,1,TPC-B (sort of),simple,60 s,62131,62131,,
i-00b55946684109933,1531185246,c4.large,60.17517471,10,10,1,TPC-B (sort of),simple,60 s,62536,62536,,
i-00b55946684109933,1531185246,c4.large,60.17683268,10,10,1,TPC-B (sort of),simple,60 s,62863,62863,,
i-00b55946684109933,1531185246,c4.large,60.17030573,10,10,1,TPC-B (sort of),simple,60 s,63172,63172,,
i-00b55946684109933,1531185246,c4.large,60.29321003,10,10,1,TPC-B (sort of),simple,60 s,61940,61940,,
i-00b55946684109933,1531185246,c4.large,60.1702795,10,10,1,TPC-B (sort of),simple,60 s,61997,61997,,
i-00b55946684109933,1531185246,c4.large,60.16988182,10,10,1,TPC-B (sort of),simple,60 s,62796,62796,,
i-00b55946684109933,1531185246,c4.large,60.1701014,10,10,1,TPC-B (sort of),simple,60 s,61540,61540,,
i-00b55946684109933,1531185246,c4.large,60.178231,10,10,1,TPC-B (sort of),simple,60 s,60240,60240,,
i-00b55946684109933,1531185246,c4.large,60.18448949,10,10,1,TPC-B (sort of),simple,60 s,62906,62906,,
i-00b55946684109933,1531185246,c4.large,60.17851233,10,10,1,TPC-B (sort of),simple,60 s,62422,62422,,
i-00b55946684109933,1531185246,c4.large,60.18221307,10,10,1,TPC-B (sort of),simple,60 s,62263,62263,,
i-00b55946684109933,1531185246,c4.large,60.17545462,10,10,1,TPC-B (sort of),simple,60 s,62747,62747,,
i-00b55946684109933,1531185246,c4.large,60.22277212,10,10,1,TPC-B (sort of),simple,60 s,61413,61413,,
i-00b55946684109933,1531185246,c4.large,60.18118191,10,10,1,TPC-B (sort of),simple,60 s,61987,61987,,
i-00b55946684109933,1531185246,c4.large,60.18031693,10,10,1,TPC-B (sort of),simple,60 s,61716,61716,,
i-00b55946684109933,1531185246,c4.large,60.18839097,10,10,1,TPC-B (sort of),simple,60 s,61607,61607,,
i-00b55946684109933,1531185246,c4.large,60.18501019,10,10,1,TPC-B (sort of),simple,60 s,61587,61587,,
i-0675746e5a509330f,1531185246,c4.large,60.30091977,10,10,1,TPC-B (sort of),simple,60 s,66420,66420,,
i-0675746e5a509330f,1531185246,c4.large,60.17821527,10,10,1,TPC-B (sort of),simple,60 s,67021,67021,,
i-0675746e5a509330f,1531185246,c4.large,60.17826223,10,10,1,TPC-B (sort of),simple,60 s,66820,66820,,
i-0675746e5a509330f,1531185246,c4.large,60.23494959,10,10,1,TPC-B (sort of),simple,60 s,65919,65919,,
i-0675746e5a509330f,1531185246,c4.large,60.18419123,10,10,1,TPC-B (sort of),simple,60 s,65181,65181,,
,,,,,,,,,,57391.24242,64696.7,67021,48848