"iperf","sysbench","ycruncher","pgbench","set","vm"
1158,8.4582,7.197,84322,1,1
1186,8.4469,7.193,84167,1,1
1201,8.4542,7.203,83924,1,1
1156,8.4596,7.198,84137.6666666667,1,1
1167,8.4463,7.212,84137.6666666667,1,1
1161,8.4477,7.211,84137.6666666667,1,1
1158,8.4493,7.196,84137.6666666667,1,1
1152,8.4705,7.188,84137.6666666667,1,1
1158,8.4544,7.189,84137.6666666667,1,1
1176,8.4503,7.215,84137.6666666667,1,1
1149,8.4644,7.23,84424,2,1
1170,8.4529,7.219,85081,2,1
1198,8.4488,7.239,85192,2,1
1214,8.4478,7.212,84899,2,1
1155,8.4503,7.219,84899,2,1
1158,8.4529,7.226,84899,2,1
1158,8.4478,7.222,84899,2,1
1160,8.4675,7.238,84899,2,1
1158,8.4489,7.238,84899,2,1
1159,8.4491,7.219,84899,2,1
1157,8.4563,7.218,83975,2,2
1160,8.4463,7.223,84618,2,2
1160,8.4468,7.232,84716,2,2
1158,8.4558,7.226,84436.3333333333,2,2
1159,8.4577,7.249,84436.3333333333,2,2
1160,8.4517,7.223,84436.3333333333,2,2
1159,8.4572,7.237,84436.3333333333,2,2
1158,8.4632,7.223,84436.3333333333,2,2
1157,8.4551,7.217,84436.3333333333,2,2
1160,8.4504,7.233,84436.3333333333,2,2
1180,8.4588,7.262,84050,3,1
1133,8.4462,7.266,84692,3,1
1151,8.4536,7.267,84705,3,1
1147,8.4524,7.252,84482.3333333333,3,1
1193,8.4453,7.283,84482.3333333333,3,1
1212,8.449,7.23,84482.3333333333,3,1
1209,8.4517,7.27,84482.3333333333,3,1
1181,8.4663,7.293,84482.3333333333,3,1
1191,8.4452,7.259,84482.3333333333,3,1
1143,8.4478,7.261,84482.3333333333,3,1
1158,8.4609,7.248,83334,3,2
1158,8.4475,7.271,84068,3,2
1183,8.4507,7.28,84171,3,2
1085,8.4517,7.257,83857.6666666667,3,2
1035,8.4496,7.256,83857.6666666667,3,2
1193,8.45,7.249,83857.6666666667,3,2
1210,8.4603,7.236,83857.6666666667,3,2
1141,8.4641,7.273,83857.6666666667,3,2
1159,8.4502,7.276,83857.6666666667,3,2
1160,8.4466,7.26,83857.6666666667,3,2
1158,8.4535,7.262,81150,3,3
1158,8.4468,7.271,81654,3,3
1161,8.4521,7.283,81796,3,3
1158,8.4536,7.274,81533.3333333333,3,3
1160,8.4514,7.276,81533.3333333333,3,3
1188,8.4542,7.256,81533.3333333333,3,3
1110,8.4592,7.266,81533.3333333333,3,3
1160,8.455,7.277,81533.3333333333,3,3
1159,8.4456,7.279,81533.3333333333,3,3
1161,8.4451,7.265,81533.3333333333,3,3
1209,8.4571,7.24,84300,4,1
1219,8.4455,7.262,84340,4,1
1159,8.4502,7.257,83221,4,1
1168,8.4539,7.247,83953.6666666667,4,1
1186,8.4589,7.246,83953.6666666667,4,1
1164,8.4537,7.277,83953.6666666667,4,1
1149,8.4515,7.263,83953.6666666667,4,1
1175,8.4705,7.287,83953.6666666667,4,1
1180,8.4486,7.247,83953.6666666667,4,1
1150,8.4452,7.251,83953.6666666667,4,1
1163,8.456,7.28,83448,4,2
1162,8.4519,7.27,83448,4,2
1163,8.4518,7.277,82504,4,2
1218,8.4588,7.26,83133.3333333333,4,2
1222,8.4509,7.282,83133.3333333333,4,2
1199,8.45,7.291,83133.3333333333,4,2
1181,8.4585,7.257,83133.3333333333,4,2
1154,8.4696,7.271,83133.3333333333,4,2
1159,8.4482,7.283,83133.3333333333,4,2
1159,8.451,7.273,83133.3333333333,4,2
1158,8.4536,7.283,81422,4,3
1159,8.4462,7.275,81033,4,3
1164,8.446,7.28,80778,4,3
1166,8.4587,7.284,81077.6666666667,4,3
1170,8.4465,7.284,81077.6666666667,4,3
1173,8.452,7.278,81077.6666666667,4,3
1173,8.4612,7.304,81077.6666666667,4,3
1160,8.4617,7.284,81077.6666666667,4,3
1159,8.4459,7.287,81077.6666666667,4,3
1161,8.4401,7.268,81077.6666666667,4,3
1162,8.4475,7.234,83313,4,4
1162,8.455,7.254,83404,4,4
1192,8.4501,7.237,82330,4,4
1164,8.4536,7.246,83015.6666666667,4,4
1179,8.4518,7.234,83015.6666666667,4,4
1193,8.4569,7.245,83015.6666666667,4,4
1174,8.4526,7.262,83015.6666666667,4,4
1161,8.4457,7.232,83015.6666666667,4,4
1161,8.4495,7.236,83015.6666666667,4,4
1161,8.4457,7.252,83015.6666666667,4,4
1222,8.454,7.302,82720,5,1
1204,8.4506,7.284,81640,5,1
1197,8.4543,7.302,83533,5,1
1210,8.4545,7.281,82631,5,1
1192,8.4537,7.3,82631,5,1
1175,8.4546,7.283,82631,5,1
1190,8.4564,7.292,82631,5,1
1170,8.4706,7.293,82631,5,1
1167,8.451,7.277,82631,5,1
1181,8.4538,7.277,82631,5,1
1161,8.4586,7.297,82100,5,2
1178,8.4515,7.279,80947,5,2
1169,8.4546,7.297,82737,5,2
1180,8.4517,7.273,81928,5,2
1190,8.4454,7.292,81928,5,2
1205,8.4512,7.293,81928,5,2
1187,8.4541,7.279,81928,5,2
1163,8.4694,7.291,81928,5,2
1168,8.4508,7.281,81928,5,2
1176,8.4564,7.305,81928,5,2
1172,8.4494,7.316,81552,5,3
1171,8.457,7.3,80953,5,3
1172,8.4515,7.295,82061,5,3
1172,8.448,7.329,81522,5,3
1193,8.4469,7.327,81522,5,3
1249,8.4468,7.304,81522,5,3
1225,8.4618,7.288,81522,5,3
1167,8.4619,7.319,81522,5,3
1167,8.4506,7.335,81522,5,3
1164,8.4515,7.329,81522,5,3
1187,8.4513,7.24,82144,5,4
1183,8.4511,7.257,80963,5,4
1177,8.4499,7.263,82878,5,4
1178,8.4454,7.224,81995,5,4
1182,8.4491,7.266,81995,5,4
1170,8.4566,7.246,81995,5,4
1170,8.4541,7.269,81995,5,4
1122,8.4495,7.254,81995,5,4
1176,8.4524,7.236,81995,5,4
1159,8.4511,7.258,81995,5,4
1161,8.4499,7.261,81212,5,5
1189,8.4448,7.275,80865,5,5
1176,8.4532,7.282,81874,5,5
1180,8.4561,7.282,81317,5,5
1234,8.4491,7.269,81317,5,5
999,8.4497,7.277,81317,5,5
1187,8.4545,7.275,81317,5,5
1139,8.4489,7.286,81317,5,5
1172,8.45,7.262,81317,5,5
1013,8.4645,7.264,81317,5,5
1185,8.4648,7.322,82285,6,1
1219,8.4466,7.313,82621,6,1
1205,8.4562,7.307,82972,6,1
1191,8.4533,7.333,82626,6,1
1193,8.4582,7.341,82626,6,1
1185,8.4521,7.347,82626,6,1
1164,8.4509,7.31,82626,6,1
1124,8.4539,7.347,82626,6,1
1217,8.4461,7.329,82626,6,1
1189,8.4463,7.363,82626,6,1
1223,8.4618,7.303,81263,6,2
1215,8.4521,7.358,81735,6,2
1213,8.4519,7.328,82175,6,2
1189,8.4563,7.327,81724.3333333333,6,2
1199,8.4508,7.344,81724.3333333333,6,2
1199,8.4515,7.339,81724.3333333333,6,2
1184,8.453,7.332,81724.3333333333,6,2
1182,8.4735,7.33,81724.3333333333,6,2
1186,8.4526,7.334,81724.3333333333,6,2
1129,8.454,7.343,81724.3333333333,6,2
1225,8.4482,7.347,81844,6,3
1206,8.4468,7.338,81820,6,3
1230,8.4553,7.337,83197,6,3
1166,8.4542,7.349,82287,6,3
1179,8.451,7.368,82287,6,3
1179,8.4526,7.344,82287,6,3
1171,8.4666,7.35,82287,6,3
1184,8.467,7.356,82287,6,3
1157,8.449,7.332,82287,6,3
1103,8.4459,7.365,82287,6,3
1225,8.4587,7.251,81947,6,4
1085,8.4589,7.249,82293,6,4
1147,8.4488,7.224,82803,6,4
1097,8.4466,7.255,82347.6666666667,6,4
1178,8.4591,7.235,82347.6666666667,6,4
1116,8.4524,7.248,82347.6666666667,6,4
1151,8.4456,7.223,82347.6666666667,6,4
1137,8.4498,7.24,82347.6666666667,6,4
1141,8.4555,7.238,82347.6666666667,6,4
1045,8.4535,7.236,82347.6666666667,6,4
1203,8.4548,7.31,81557,6,5
1189,8.4517,7.311,81469,6,5
1177,8.4511,7.305,82885,6,5
1177,8.4619,7.293,81970.3333333333,6,5
1213,8.4509,7.308,81970.3333333333,6,5
1206,8.4516,7.308,81970.3333333333,6,5
1202,8.4531,7.31,81970.3333333333,6,5
1188,8.4611,7.312,81970.3333333333,6,5
1174,8.4567,7.302,81970.3333333333,6,5
822,8.4564,7.318,81970.3333333333,6,5
1196,8.4508,7.285,82452,6,6
1184,8.4607,7.298,82835,6,6
1193,8.4479,7.318,83290,6,6
1177,8.4463,7.293,82859,6,6
1249,8.4596,7.305,82859,6,6
1194,8.4515,7.322,82859,6,6
1188,8.4459,7.28,82859,6,6
1181,8.4477,7.303,82859,6,6
1172,8.4524,7.314,82859,6,6
1170,8.451,7.296,82859,6,6
1038,8.4561,7.384,81532,7,1
1036,8.4455,7.396,80390,7,1
993,8.4497,7.371,81198,7,1
1211,8.4481,7.371,81040,7,1
1214,8.4546,7.364,81040,7,1
1208,8.4524,7.38,81040,7,1
1183,8.4542,7.371,81040,7,1
1174,8.4672,7.712,81040,7,1
1199,8.4511,8.165,81040,7,1
1185,8.4579,7.374,81040,7,1
1203,8.4597,7.397,80522,7,2
1192,8.4567,7.387,79456,7,2
1184,8.4566,7.381,80543,7,2
1213,8.4529,7.377,80173.6666666667,7,2
1163,8.4561,7.354,80173.6666666667,7,2
1234,8.4529,7.378,80173.6666666667,7,2
986,8.4549,7.352,80173.6666666667,7,2
1045,8.4659,7.738,80173.6666666667,7,2
922,8.4514,8.114,80173.6666666667,7,2
1032,8.4574,7.362,80173.6666666667,7,2
1237,8.4555,7.396,82103,7,3
1042,8.4526,7.404,82273,7,3
1026,8.4535,7.396,82508,7,3
1154,8.4587,7.362,82294.6666666667,7,3
1168,8.4559,7.376,82294.6666666667,7,3
1121,8.4523,7.392,82294.6666666667,7,3
1098,8.4786,7.394,82294.6666666667,7,3
990,8.4674,7.767,82294.6666666667,7,3
1079,8.4524,8.117,82294.6666666667,7,3
1083,8.4547,7.378,82294.6666666667,7,3
1216,8.4492,7.252,81091,7,4
1012,8.4544,7.255,80130,7,4
1072,8.4498,7.24,81142,7,4
1100,8.4487,7.261,80787.6666666667,7,4
1098,8.4527,7.232,80787.6666666667,7,4
1086,8.4562,7.257,80787.6666666667,7,4
1048,8.4494,7.24,80787.6666666667,7,4
1145,8.4473,7.494,80787.6666666667,7,4
1182,8.4526,7.79,80787.6666666667,7,4
1181,8.4558,7.243,80787.6666666667,7,4
1128,8.451,7.348,81699,7,5
1143,8.4463,7.38,81585,7,5
1159,8.451,7.363,82090,7,5
1184,8.4522,7.348,81791.3333333333,7,5
1177,8.4454,7.324,81791.3333333333,7,5
993,8.4456,7.355,81791.3333333333,7,5
1193,8.4555,7.365,81791.3333333333,7,5
1201,8.4506,7.689,81791.3333333333,7,5
1008,8.4497,8.137,81791.3333333333,7,5
1053,8.4569,7.362,81791.3333333333,7,5
1208,8.4551,7.366,81677,7,6
1191,8.4546,7.386,80787,7,6
1172,8.4451,7.335,81692,7,6
1190,8.4496,7.332,81385.3333333333,7,6
1158,8.454,7.367,81385.3333333333,7,6
1227,8.4545,7.335,81385.3333333333,7,6
1152,8.4516,7.354,81385.3333333333,7,6
1199,8.4466,7.698,81385.3333333333,7,6
1222,8.4579,8.063,81385.3333333333,7,6
908,8.4494,7.356,81385.3333333333,7,6
1245,8.4554,7.337,82337,7,7
1179,8.4503,7.347,82473,7,7
1176,8.4527,7.327,82706,7,7
1188,8.4554,7.334,82505.3333333333,7,7
1183,8.4542,7.314,82505.3333333333,7,7
1181,8.4628,7.338,82505.3333333333,7,7
1085,8.4521,7.37,82505.3333333333,7,7
1204,8.4713,7.676,82505.3333333333,7,7
1215,8.4564,8.155,82505.3333333333,7,7
1218,8.4548,7.337,82505.3333333333,7,7
1047,8.4624,7.526,79883,8,1
1199,8.4511,7.516,79900,8,1
1183,8.4516,7.533,79749,8,1
1238,8.4537,7.553,79844,8,1
1202,8.4516,7.535,79844,8,1
1182,8.4548,7.524,79844,8,1
899,8.4522,7.548,79844,8,1
973,8.4601,7.562,79844,8,1
1215,8.4651,7.544,79844,8,1
1201,8.4498,7.527,79844,8,1
895,8.4652,7.52,78850,8,2
1027,8.4476,7.52,78917,8,2
1136,8.4465,7.535,79066,8,2
1217,8.461,7.541,78944.3333333333,8,2
1230,8.4534,7.536,78944.3333333333,8,2
1188,8.4488,7.527,78944.3333333333,8,2
1040,8.4531,7.551,78944.3333333333,8,2
1195,8.4718,7.555,78944.3333333333,8,2
1021,8.4526,7.545,78944.3333333333,8,2
1161,8.4521,7.547,78944.3333333333,8,2
588,8.4499,7.541,82474,8,3
911,8.4502,7.536,82052,8,3
921,8.4472,7.563,82406,8,3
1243,8.4588,7.566,82310.6666666667,8,3
1005,8.4489,7.53,82310.6666666667,8,3
938,8.4557,7.551,82310.6666666667,8,3
977,8.4683,7.572,82310.6666666667,8,3
985,8.4645,7.564,82310.6666666667,8,3
903,8.4544,7.547,82310.6666666667,8,3
893,8.4512,7.596,82310.6666666667,8,3
950,8.4519,7.242,80205,8,4
972,8.4534,7.24,80112,8,4
909,8.4521,7.246,80000,8,4
1149,8.4518,7.251,80105.6666666667,8,4
1186,8.4569,7.247,80105.6666666667,8,4
1193,8.464,7.257,80105.6666666667,8,4
791,8.4549,7.245,80105.6666666667,8,4
1021,8.4518,7.229,80105.6666666667,8,4
1078,8.4569,7.247,80105.6666666667,8,4
1022,8.4508,7.243,80105.6666666667,8,4
980,8.4565,7.518,81713,8,5
930,8.4544,7.508,81170,8,5
892,8.4492,7.515,81715,8,5
1192,8.4536,7.543,81532.6666666667,8,5
1024,8.4464,7.503,81532.6666666667,8,5
1049,8.4482,7.525,81532.6666666667,8,5
937,8.4549,7.545,81532.6666666667,8,5
955,8.453,7.563,81532.6666666667,8,5
679,8.4566,7.523,81532.6666666667,8,5
962,8.464,7.532,81532.6666666667,8,5
1058,8.4494,7.499,80534,8,6
1166,8.4584,7.492,80601,8,6
1185,8.4505,7.546,80591,8,6
1220,8.4543,7.546,80575.3333333333,8,6
1076,8.453,7.517,80575.3333333333,8,6
1174,8.4674,7.515,80575.3333333333,8,6
923,8.4559,7.53,80575.3333333333,8,6
976,8.4472,7.537,80575.3333333333,8,6
976,8.4511,7.531,80575.3333333333,8,6
912,8.4446,7.518,80575.3333333333,8,6
1213,8.4631,7.477,82620,8,7
820,8.4522,7.522,82046,8,7
1001,8.4535,7.525,82694,8,7
1153,8.4565,7.512,82453.3333333333,8,7
1214,8.4543,7.503,82453.3333333333,8,7
1204,8.4574,7.502,82453.3333333333,8,7
977,8.458,7.509,82453.3333333333,8,7
1149,8.4699,7.55,82453.3333333333,8,7
1210,8.4549,7.511,82453.3333333333,8,7
937,8.4555,7.513,82453.3333333333,8,7
1225,8.4517,7.535,79622,8,8
1120,8.4487,7.538,79922,8,8
1028,8.4503,7.538,79492,8,8
1182,8.4516,7.6,79678.6666666667,8,8
1060,8.4513,7.555,79678.6666666667,8,8
1005,8.4479,7.543,79678.6666666667,8,8
933,8.4621,7.569,79678.6666666667,8,8
1148,8.4478,7.562,79678.6666666667,8,8
1216,8.4462,7.564,79678.6666666667,8,8
1095,8.453,7.559,79678.6666666667,8,8
1246,8.4577,7.502,79521,9,1
1025,8.4557,7.505,79376,9,1
1050,8.4511,7.554,79662,9,1
913,8.4567,7.605,79519.6666666667,9,1
886,8.4536,7.546,79519.6666666667,9,1
1227,8.4552,7.558,79519.6666666667,9,1
1206,8.4549,7.54,79519.6666666667,9,1
1202,8.4607,7.588,79519.6666666667,9,1
1186,8.4574,7.563,79519.6666666667,9,1
942,8.4483,7.568,79519.6666666667,9,1
973,8.4537,7.533,78709,9,2
1063,8.4518,7.537,78572,9,2
1022,8.456,7.531,78706,9,2
862,8.4545,7.607,78662.3333333333,9,2
1170,8.4558,7.543,78662.3333333333,9,2
1211,8.4521,7.569,78662.3333333333,9,2
1236,8.4572,7.572,78662.3333333333,9,2
1186,8.4676,7.618,78662.3333333333,9,2
1159,8.4489,7.564,78662.3333333333,9,2
972,8.4518,7.574,78662.3333333333,9,2
896,8.4563,7.519,81529,9,3
1127,8.4514,7.552,81406,9,3
1088,8.4516,7.542,82143,9,3
910,8.4574,7.601,81692.6666666667,9,3
836,8.451,7.545,81692.6666666667,9,3
912,8.4521,7.582,81692.6666666667,9,3
987,8.466,7.592,81692.6666666667,9,3
910,8.468,7.624,81692.6666666667,9,3
975,8.4552,7.607,81692.6666666667,9,3
1204,8.4519,7.62,81692.6666666667,9,3
902,8.4506,7.266,79902,9,4
1073,8.4555,7.269,79924,9,4
1157,8.4541,7.264,80197,9,4
891,8.4504,7.287,80007.6666666667,9,4
764,8.4526,7.31,80007.6666666667,9,4
909,8.4631,7.258,80007.6666666667,9,4
750,8.4586,7.262,80007.6666666667,9,4
924,8.4534,7.263,80007.6666666667,9,4
940,8.4568,7.254,80007.6666666667,9,4
1212,8.4514,7.241,80007.6666666667,9,4
1241,8.4605,7.494,80301,9,5
1140,8.4514,7.52,80134,9,5
1245,8.4512,7.509,80958,9,5
940,8.454,7.553,80464.3333333333,9,5
935,8.4514,7.525,80464.3333333333,9,5
918,8.4535,7.537,80464.3333333333,9,5
909,8.46,7.535,80464.3333333333,9,5
941,8.4514,7.589,80464.3333333333,9,5
1237,8.4561,7.549,80464.3333333333,9,5
1002,8.4623,7.555,80464.3333333333,9,5
927,8.4455,7.492,80312,9,6
1219,8.4515,7.521,80396,9,6
1185,8.4453,7.543,80558,9,6
934,8.4454,7.571,80422,9,6
934,8.4505,7.515,80422,9,6
891,8.4521,7.544,80422,9,6
949,8.4517,7.533,80422,9,6
923,8.4477,7.598,80422,9,6
945,8.4561,7.554,80422,9,6
930,8.4452,7.557,80422,9,6
997,8.4625,7.487,81547,9,7
1171,8.4529,7.503,81321,9,7
1050,8.4531,7.516,82061,9,7
956,8.4559,7.571,81643,9,7
904,8.4531,7.512,81643,9,7
913,8.4606,7.542,81643,9,7
934,8.4597,7.543,81643,9,7
915,8.4749,7.57,81643,9,7
913,8.4577,7.545,81643,9,7
1056,8.459,7.547,81643,9,7
1218,8.4471,7.525,79333,9,8
1195,8.4547,7.557,79242,9,8
1059,8.4569,7.57,79139,9,8
893,8.4571,7.595,79238,9,8
911,8.4558,7.54,79238,9,8
888,8.4512,7.567,79238,9,8
909,8.4693,7.577,79238,9,8
899,8.4585,7.608,79238,9,8
907,8.4523,7.562,79238,9,8
1076,8.4527,7.571,79238,9,8
1216,8.4622,7.228,81195,9,9
1002,8.4484,7.218,81306,9,9
972,8.4502,7.211,81788,9,9
1201,8.4541,7.24,81429.6666666667,9,9
1185,8.4512,7.219,81429.6666666667,9,9
1224,8.4542,7.23,81429.6666666667,9,9
1132,8.4554,7.235,81429.6666666667,9,9
1184,8.4535,7.252,81429.6666666667,9,9
1219,8.4589,7.234,81429.6666666667,9,9
1163,8.4454,7.22,81429.6666666667,9,9
888,8.4513,7.492,77274,10,1
908,8.4469,7.616,77153,10,1
1176,8.4516,7.543,77548,10,1
1233,8.4481,7.565,77325,10,1
1134,8.449,7.541,77325,10,1
984,8.4516,7.541,77325,10,1
892,8.452,7.561,77325,10,1
830,8.4615,7.622,77325,10,1
754,8.4508,7.607,77325,10,1
878,8.4502,7.558,77325,10,1
490,8.4547,7.494,76310,10,2
929,8.4517,7.619,76181,10,2
964,8.4601,7.531,76665,10,2
877,8.4532,7.546,76385.3333333333,10,2
916,8.4511,7.536,76385.3333333333,10,2
960,8.451,7.529,76385.3333333333,10,2
922,8.4534,7.561,76385.3333333333,10,2
823,8.4704,7.594,76385.3333333333,10,2
440,8.4514,7.585,76385.3333333333,10,2
862,8.4488,7.561,76385.3333333333,10,2
1199,8.4535,7.534,82399,10,3
938,8.4484,7.653,81836,10,3
975,8.4553,7.581,80670,10,3
926,8.4545,7.583,81635,10,3
751,8.4518,7.563,81635,10,3
901,8.4507,7.563,81635,10,3
569,8.4679,7.567,81635,10,3
878,8.4643,7.619,81635,10,3
1245,8.4526,7.578,81635,10,3
918,8.4576,7.585,81635,10,3
1002,8.4552,7.281,78030,10,4
933,8.4522,7.312,77977,10,4
911,8.4537,7.286,78201,10,4
922,8.4512,7.298,78069.3333333333,10,4
915,8.4531,7.287,78069.3333333333,10,4
911,8.4671,7.313,78069.3333333333,10,4
936,8.4508,7.326,78069.3333333333,10,4
902,8.4513,7.302,78069.3333333333,10,4
785,8.4578,7.309,78069.3333333333,10,4
1077,8.451,7.285,78069.3333333333,10,4
1155,8.4584,7.45,80809,10,5
902,8.4462,7.584,80040,10,5
917,8.4514,7.532,79055,10,5
860,8.4508,7.529,79968,10,5
871,8.4572,7.519,79968,10,5
907,8.4518,7.53,79968,10,5
995,8.4639,7.536,79968,10,5
864,8.457,7.562,79968,10,5
971,8.4523,7.581,79968,10,5
1205,8.4649,7.567,79968,10,5
1166,8.4516,7.465,77797,10,6
867,8.4515,7.608,77586,10,6
485,8.448,7.535,78072,10,6
898,8.4502,7.541,77818.3333333333,10,6
848,8.4546,7.523,77818.3333333333,10,6
907,8.4586,7.548,77818.3333333333,10,6
1249,8.4458,7.551,77818.3333333333,10,6
1177,8.4489,7.577,77818.3333333333,10,6
1246,8.4491,7.584,77818.3333333333,10,6
898,8.4447,7.545,77818.3333333333,10,6
717,8.4556,7.465,81990,10,7
849,8.4478,7.606,81273,10,7
309,8.4508,7.516,80067,10,7
938,8.4572,7.524,81110,10,7
1015,8.4532,7.536,81110,10,7
950,8.4566,7.536,81110,10,7
917,8.4511,7.53,81110,10,7
713,8.4596,7.562,81110,10,7
795,8.4498,7.557,81110,10,7
849,8.4481,7.538,81110,10,7
1025,8.4527,7.503,76568,10,8
1165,8.4574,7.642,76687,10,8
1097,8.464,7.561,76964,10,8
1190,8.4559,7.566,76739.6666666667,10,8
1116,8.4571,7.561,76739.6666666667,10,8
1170,8.4545,7.555,76739.6666666667,10,8
1237,8.4723,7.569,76739.6666666667,10,8
1151,8.452,7.594,76739.6666666667,10,8
1110,8.4507,7.604,76739.6666666667,10,8
1162,8.4515,7.578,76739.6666666667,10,8
1208,8.4537,7.279,82074,10,9
720,8.4474,7.29,80990,10,9
1203,8.451,7.261,80027,10,9
1043,8.4451,7.251,81030.3333333333,10,9
1204,8.4535,7.262,81030.3333333333,10,9
1119,8.447,7.271,81030.3333333333,10,9
1217,8.4521,7.273,81030.3333333333,10,9
1155,8.4584,7.259,81030.3333333333,10,9
1088,8.463,7.264,81030.3333333333,10,9
943,8.4513,7.231,81030.3333333333,10,9
1016,8.4506,7.255,77277,10,10
925,8.4518,7.284,77547,10,10
964,8.4468,7.234,77734,10,10
787,8.4501,7.268,77519.3333333333,10,10
750,8.4539,7.261,77519.3333333333,10,10
893,8.4529,7.243,77519.3333333333,10,10
777,8.455,7.242,77519.3333333333,10,10
890,8.4643,7.259,77519.3333333333,10,10
970,8.4511,7.269,77519.3333333333,10,10
900,8.4491,7.276,77519.3333333333,10,10
711,8.4601,7.535,75185,11,1
807,8.4569,7.597,74543,11,1
819,8.4526,7.563,77760,11,1
703,8.4526,7.566,75829.3333333333,11,1
803,8.4461,7.603,75829.3333333333,11,1
769,8.4491,7.614,75829.3333333333,11,1
878,8.4524,7.577,75829.3333333333,11,1
1075,8.4558,7.617,75829.3333333333,11,1
849,8.458,7.573,75829.3333333333,11,1
831,8.4488,7.614,75829.3333333333,11,1
1126,8.46,7.531,74533,11,2
1120,8.4548,7.595,73766,11,2
828,8.4511,7.572,76977,11,2
745,8.4555,7.546,75092,11,2
807,8.4517,7.621,75092,11,2
759,8.4518,7.639,75092,11,2
886,8.4518,7.588,75092,11,2
995,8.4677,7.608,75092,11,2
1142,8.4582,7.596,75092,11,2
1215,8.4514,7.638,75092,11,2
947,8.4497,7.537,80363,11,3
880,8.4489,7.617,80347,11,3
824,8.4469,7.57,80403,11,3
764,8.4515,7.564,80371,11,3
812,8.4458,7.617,80371,11,3
1211,8.4507,7.644,80371,11,3
1062,8.4662,7.61,80371,11,3
929,8.4666,7.637,80371,11,3
931,8.452,7.608,80371,11,3
917,8.4478,7.64,80371,11,3
1197,8.4523,7.342,76000,11,4
1160,8.4588,7.346,75351,11,4
1161,8.4574,7.301,78962,11,4
1141,8.4507,7.334,76771,11,4
1068,8.4519,7.326,76771,11,4
945,8.4668,7.333,76771,11,4
1007,8.4521,7.308,76771,11,4
983,8.4493,7.309,76771,11,4
1127,8.4494,7.334,76771,11,4
1135,8.4484,7.328,76771,11,4
979,8.4612,7.485,78690,11,5
964,8.4543,7.57,78646,11,5
861,8.45,7.549,78258,11,5
883,8.4508,7.528,78531.3333333333,11,5
955,8.4571,7.595,78531.3333333333,11,5
918,8.4509,7.605,78531.3333333333,11,5
918,8.4499,7.566,78531.3333333333,11,5
1041,8.45,7.586,78531.3333333333,11,5
970,8.4519,7.571,78531.3333333333,11,5
985,8.4641,7.592,78531.3333333333,11,5
799,8.4511,7.499,75580,11,6
989,8.4547,7.562,74847,11,6
794,8.4573,7.523,78195,11,6
1137,8.4509,7.537,76207.3333333333,11,6
1090,8.4565,7.579,76207.3333333333,11,6
1091,8.4628,7.606,76207.3333333333,11,6
902,8.4555,7.545,76207.3333333333,11,6
913,8.4527,7.598,76207.3333333333,11,6
927,8.4559,7.567,76207.3333333333,11,6
907,8.4503,7.594,76207.3333333333,11,6
1078,8.4657,7.506,79559,11,7
1125,8.4521,7.586,79442,11,7
1141,8.4516,7.523,79374,11,7
751,8.4523,7.51,79458.3333333333,11,7
640,8.4567,7.593,79458.3333333333,11,7
783,8.457,7.602,79458.3333333333,11,7
902,8.4546,7.544,79458.3333333333,11,7
997,8.4594,7.592,79458.3333333333,11,7
914,8.4603,7.564,79458.3333333333,11,7
904,8.4536,7.6,79458.3333333333,11,7
713,8.452,7.553,74220,11,8
789,8.4522,7.6,73567,11,8
1159,8.4561,7.571,76690,11,8
1101,8.4548,7.576,74825.6666666667,11,8
1146,8.4525,7.638,74825.6666666667,11,8
1101,8.4531,7.626,74825.6666666667,11,8
1156,8.4603,7.604,74825.6666666667,11,8
1181,8.4648,7.618,74825.6666666667,11,8
857,8.4512,7.608,74825.6666666667,11,8
836,8.4532,7.64,74825.6666666667,11,8
711,8.4599,7.282,79437,11,9
949,8.4559,7.298,79213,11,9
881,8.4549,7.293,79068,11,9
874,8.4524,7.284,79239.3333333333,11,9
900,8.4523,7.313,79239.3333333333,11,9
876,8.4518,7.304,79239.3333333333,11,9
896,8.4477,7.291,79239.3333333333,11,9
966,8.4534,7.301,79239.3333333333,11,9
1189,8.4515,7.316,79239.3333333333,11,9
1159,8.4458,7.287,79239.3333333333,11,9
927,8.4484,7.302,75532,11,10
921,8.4522,7.287,74630,11,10
878,8.4512,7.296,77794,11,10
782,8.4602,7.298,75985.3333333333,11,10
889,8.4554,7.272,75985.3333333333,11,10
813,8.4516,7.301,75985.3333333333,11,10
1038,8.463,7.29,75985.3333333333,11,10
944,8.4567,7.278,75985.3333333333,11,10
929,8.4491,7.297,75985.3333333333,11,10
946,8.4466,7.306,75985.3333333333,11,10
1080,8.4535,7.294,79333,11,11
1124,8.446,7.297,79412,11,11
1122,8.4466,7.309,79223,11,11
1049,8.4474,7.328,79322.6666666667,11,11
1138,8.4449,7.307,79322.6666666667,11,11
1106,8.4498,7.325,79322.6666666667,11,11
1115,8.4527,7.312,79322.6666666667,11,11
961,8.4684,7.328,79322.6666666667,11,11
1121,8.4582,7.307,79322.6666666667,11,11
1144,8.4498,7.299,79322.6666666667,11,11
1044,8.4552,7.796,74762,12,1
1119,8.4509,7.848,74937,12,1
916,8.4559,7.854,74977,12,1
403,8.4529,7.835,74892,12,1
1095,8.4498,7.867,74892,12,1
994,8.4471,7.84,74892,12,1
1026,8.4538,7.914,74892,12,1
1031,8.453,7.908,74892,12,1
862,8.4571,7.903,74892,12,1
1187,8.4461,7.869,74892,12,1
1113,8.4577,7.785,74142,12,2
1058,8.4518,7.81,74254,12,2
1016,8.454,7.871,74320,12,2
745,8.457,7.826,74238.6666666667,12,2
592,8.4557,7.865,74238.6666666667,12,2
606,8.4531,7.837,74238.6666666667,12,2
680,8.4549,7.912,74238.6666666667,12,2
1086,8.4658,7.9,74238.6666666667,12,2
1054,8.4511,7.888,74238.6666666667,12,2
1115,8.451,7.839,74238.6666666667,12,2
696,8.4475,7.813,80145,12,3
740,8.4465,7.845,79782,12,3
1018,8.456,7.85,80192,12,3
913,8.4555,7.88,80039.6666666667,12,3
917,8.4504,7.893,80039.6666666667,12,3
896,8.4537,7.873,80039.6666666667,12,3
672.8,8.4652,7.903,80039.6666666667,12,3
235.4,8.4586,7.935,80039.6666666667,12,3
713,8.4455,7.911,80039.6666666667,12,3
630,8.445,7.873,80039.6666666667,12,3
1119,8.4477,7.31,75894,12,4
965,8.4509,7.325,76072,12,4
892,8.448,7.301,76085,12,4
968,8.445,7.345,76017,12,4
950,8.4544,7.33,76017,12,4
1017,8.4641,7.317,76017,12,4
1129,8.4462,7.327,76017,12,4
820,8.4467,7.341,76017,12,4
1138,8.4477,7.332,76017,12,4
1191,8.448,7.318,76017,12,4
693,8.4554,7.757,78213,12,5
724,8.4468,7.782,78148,12,5
873,8.4475,7.825,78438,12,5
987,8.4489,7.83,78266.3333333333,12,5
893,8.4485,7.866,78266.3333333333,12,5
995,8.4518,7.828,78266.3333333333,12,5
977,8.4462,7.86,78266.3333333333,12,5
782,8.4548,7.902,78266.3333333333,12,5
738,8.4528,7.891,78266.3333333333,12,5
763,8.4621,7.824,78266.3333333333,12,5
1112,8.4492,7.76,74625,12,6
1093,8.452,7.825,74759,12,6
974,8.4572,7.819,74763,12,6
1034,8.4519,7.828,74715.6666666667,12,6
1000,8.4618,7.861,74715.6666666667,12,6
933,8.464,7.822,74715.6666666667,12,6
914,8.4539,7.868,74715.6666666667,12,6
769,8.453,7.895,74715.6666666667,12,6
1089,8.4489,7.876,74715.6666666667,12,6
1103,8.4513,7.826,74715.6666666667,12,6
1105,8.4642,7.736,78390,12,7
1151,8.4469,7.816,78212,12,7
994,8.4502,7.818,78573,12,7
864,8.4533,7.818,78391.6666666667,12,7
827,8.4556,7.833,78391.6666666667,12,7
609,8.4434,7.838,78391.6666666667,12,7
686,8.4605,7.854,78391.6666666667,12,7
830,8.4589,7.884,78391.6666666667,12,7
766,8.4563,7.87,78391.6666666667,12,7
501,8.4469,7.837,78391.6666666667,12,7
773,8.4492,7.795,73262,12,8
809,8.4457,7.818,73338,12,8
1041,8.4566,7.839,73329,12,8
1155,8.4576,7.838,73309.6666666667,12,8
1032,8.4547,7.87,73309.6666666667,12,8
988,8.4577,7.873,73309.6666666667,12,8
1048,8.4606,7.905,73309.6666666667,12,8
538,8.4723,7.922,73309.6666666667,12,8
666,8.4496,7.929,73309.6666666667,12,8
766,8.4484,7.876,73309.6666666667,12,8
1102,8.4669,7.338,77934,12,9
794,8.4504,7.309,77864,12,9
930,8.4585,7.296,78161,12,9
924,8.4577,7.322,77986.3333333333,12,9
642,8.4511,7.289,77986.3333333333,12,9
590,8.4532,7.3,77986.3333333333,12,9
654,8.4565,7.304,77986.3333333333,12,9
731,8.4553,7.287,77986.3333333333,12,9
1152,8.4529,7.329,77986.3333333333,12,9
1096,8.4466,7.287,77986.3333333333,12,9
739,8.447,7.286,74382,12,10
757,8.4533,7.302,74553,12,10
849,8.4524,7.3,74501,12,10
968,8.452,7.297,74478.6666666667,12,10
1066,8.4467,7.296,74478.6666666667,12,10
979,8.4473,7.302,74478.6666666667,12,10
913,8.46,7.303,74478.6666666667,12,10
713,8.4607,7.299,74478.6666666667,12,10
709,8.4525,7.314,74478.6666666667,12,10
763,8.4459,7.298,74478.6666666667,12,10
794,8.4627,7.329,78311,12,11
1014,8.4508,7.318,78078,12,11
958,8.4467,7.319,78531,12,11
1148,8.4489,7.32,78306.6666666667,12,11
633,8.4484,7.309,78306.6666666667,12,11
583,8.4468,7.3,78306.6666666667,12,11
688,8.4481,7.327,78306.6666666667,12,11
657,8.4622,7.328,78306.6666666667,12,11
798,8.4609,7.341,78306.6666666667,12,11
976,8.4506,7.317,78306.6666666667,12,11
1048,8.4529,7.8,74785,12,12
1168,8.4519,7.852,75001,12,12
938,8.4539,7.852,74800,12,12
788,8.4563,7.851,74862,12,12
645,8.4489,7.897,74862,12,12
608,8.4456,7.882,74862,12,12
1111,8.4527,7.908,74862,12,12
1063,8.4623,7.917,74862,12,12
1020,8.4463,7.9,74862,12,12
1177,8.4462,7.801,74862,12,12
623,8.4636,7.847,74959,13,1
1038,8.4462,7.863,73246,13,1
938,8.447,7.888,74388,13,1
953,8.4471,7.91,74197.6666666667,13,1
941,8.4465,7.899,74197.6666666667,13,1
955,8.4451,7.895,74197.6666666667,13,1
672,8.4493,7.928,74197.6666666667,13,1
677,8.4617,7.959,74197.6666666667,13,1
601,8.4532,7.937,74197.6666666667,13,1
431,8.4448,7.896,74197.6666666667,13,1
617,8.4618,7.88,74235,13,2
617,8.4524,7.846,72824,13,2
639,8.4503,7.897,73722,13,2
730,8.4569,7.924,73593.6666666667,13,2
998,8.4546,7.893,73593.6666666667,13,2
983,8.4517,7.916,73593.6666666667,13,2
660,8.454,7.933,73593.6666666667,13,2
419,8.4687,7.958,73593.6666666667,13,2
621,8.4506,7.928,73593.6666666667,13,2
676,8.4504,7.878,73593.6666666667,13,2
841,8.4576,7.892,76911,13,3
1005,8.4536,7.858,76729,13,3
742,8.4568,7.913,77932,13,3
744,8.453,7.936,77190.6666666667,13,3
637,8.451,7.928,77190.6666666667,13,3
966,8.4526,7.928,77190.6666666667,13,3
928,8.4639,7.942,77190.6666666667,13,3
952,8.4709,7.993,77190.6666666667,13,3
796,8.448,7.962,77190.6666666667,13,3
888,8.4517,7.901,77190.6666666667,13,3
992,8.447,7.378,76030,13,4
921,8.4546,7.361,74586,13,4
1040,8.4572,7.381,75477,13,4
1119,8.4481,7.383,75364.3333333333,13,4
1001,8.4498,7.392,75364.3333333333,13,4
680,8.4563,7.35,75364.3333333333,13,4
938,8.4494,7.348,75364.3333333333,13,4
530,8.4451,7.351,75364.3333333333,13,4
1006,8.4486,7.345,75364.3333333333,13,4
1046,8.4496,7.343,75364.3333333333,13,4
931,8.4571,7.822,75094,13,5
1005,8.448,7.809,75097,13,5
1051,8.4513,7.882,76068,13,5
789,8.4531,7.905,75419.6666666667,13,5
604,8.4522,7.882,75419.6666666667,13,5
460,8.4505,7.891,75419.6666666667,13,5
817,8.4571,7.942,75419.6666666667,13,5
1017,8.4526,7.967,75419.6666666667,13,5
904,8.4509,7.93,75419.6666666667,13,5
762,8.4613,7.852,75419.6666666667,13,5
917,8.4481,7.844,73831,13,6
935,8.4582,7.83,72333,13,6
765,8.4556,7.882,73560,13,6
776,8.4499,7.879,73241.3333333333,13,6
619,8.4647,7.883,73241.3333333333,13,6
968,8.4621,7.889,73241.3333333333,13,6
977,8.4461,7.906,73241.3333333333,13,6
1172,8.4473,7.932,73241.3333333333,13,6
853,8.4474,7.908,73241.3333333333,13,6
1038,8.4468,7.843,73241.3333333333,13,6
1073,8.4645,7.846,74523,13,7
996,8.4537,7.835,74462,13,7
1009,8.4567,7.885,75475,13,7
915,8.4531,7.898,74820,13,7
1013,8.4513,7.9,74820,13,7
1006,8.4577,7.883,74820,13,7
1103,8.4549,7.909,74820,13,7
1119,8.4661,7.942,74820,13,7
1075,8.4678,7.904,74820,13,7
1026,8.4535,7.868,74820,13,7
1018,8.4485,7.876,72457,13,8
997,8.4519,7.845,70814,13,8
1003,8.4532,7.907,71974,13,8
1012,8.4515,7.934,71748.3333333333,13,8
749,8.4516,7.911,71748.3333333333,13,8
995,8.4527,7.89,71748.3333333333,13,8
1098,8.4598,7.933,71748.3333333333,13,8
749,8.4644,7.945,71748.3333333333,13,8
998,8.4508,7.933,71748.3333333333,13,8
1038,8.4548,7.918,71748.3333333333,13,8
609,8.4585,7.364,74236,13,9
626,8.4583,7.341,74064,13,9
537,8.4549,7.37,75139,13,9
699,8.4516,7.345,74479.6666666667,13,9
765,8.446,7.374,74479.6666666667,13,9
1011,8.4515,7.332,74479.6666666667,13,9
840,8.4558,7.35,74479.6666666667,13,9
750,8.4622,7.352,74479.6666666667,13,9
617,8.46,7.344,74479.6666666667,13,9
657,8.4456,7.338,74479.6666666667,13,9
752,8.4565,7.349,73515,13,10
954,8.452,7.315,71969,13,10
918,8.4532,7.343,73432,13,10
873,8.4509,7.331,72972,13,10
827,8.4541,7.351,72972,13,10
961,8.4468,7.317,72972,13,10
878,8.4594,7.329,72972,13,10
943,8.4554,7.334,72972,13,10
951,8.4495,7.346,72972,13,10
1076,8.4512,7.32,72972,13,10
1018,8.4593,7.37,74565,13,11
613,8.4521,7.352,74452,13,11
627,8.4674,7.363,75373,13,11
708,8.4525,7.374,74796.6666666667,13,11
965,8.4511,7.384,74796.6666666667,13,11
931,8.4528,7.372,74796.6666666667,13,11
1104,8.4529,7.364,74796.6666666667,13,11
1104,8.4607,7.362,74796.6666666667,13,11
994,8.4617,7.373,74796.6666666667,13,11
658,8.4513,7.365,74796.6666666667,13,11
628,8.463,7.898,74112,13,12
586,8.4526,7.851,72536,13,12
605,8.4499,7.953,73727,13,12
965,8.4483,7.971,73458.3333333333,13,12
902,8.4467,7.95,73458.3333333333,13,12
931,8.4472,7.949,73458.3333333333,13,12
660,8.4488,7.938,73458.3333333333,13,12
774,8.4658,7.998,73458.3333333333,13,12
621,8.4515,7.958,73458.3333333333,13,12
429,8.4454,7.923,73458.3333333333,13,12
813,8.4543,7.336,74937,13,13
791,8.4511,7.31,74975,13,13
842,8.4539,7.342,75981,13,13
860,8.4527,7.315,75297.6666666667,13,13
897,8.4509,7.341,75297.6666666667,13,13
936,8.4468,7.318,75297.6666666667,13,13
676,8.4583,7.305,75297.6666666667,13,13
409,8.4653,7.33,75297.6666666667,13,13
872,8.4522,7.309,75297.6666666667,13,13
841,8.451,7.322,75297.6666666667,13,13
1078,8.4584,7.8,71451,14,1
881,8.4543,7.88,73618,14,1
924,8.447,7.877,72174,14,1
931,8.4534,7.868,72414.3333333333,14,1
916,8.448,7.905,72414.3333333333,14,1
955,8.4459,7.931,72414.3333333333,14,1
818,8.4562,7.894,72414.3333333333,14,1
805,8.4553,7.895,72414.3333333333,14,1
965,8.4631,7.923,72414.3333333333,14,1
660,8.4469,7.866,72414.3333333333,14,1
685,8.4572,7.816,70774,14,2
855,8.4509,7.871,72868,14,2
944,8.4518,7.882,71839,14,2
784,8.4577,7.881,71827,14,2
889,8.4551,7.877,71827,14,2
679,8.4583,7.918,71827,14,2
790,8.4554,7.91,71827,14,2
798,8.4602,7.91,71827,14,2
1027,8.4522,7.949,71827,14,2
919,8.4519,7.859,71827,14,2
756,8.4506,7.836,75013,14,3
733,8.4578,7.88,72133,14,3
695,8.4521,7.894,74686,14,3
571,8.4599,7.92,73944,14,3
930,8.452,7.927,73944,14,3
886,8.4495,7.92,73944,14,3
814,8.461,7.932,73944,14,3
814,8.4581,7.936,73944,14,3
605,8.4466,7.952,73944,14,3
436,8.4462,7.883,73944,14,3
1044,8.4512,7.399,73207,14,4
927,8.4517,7.431,75749,14,4
889,8.4552,7.417,74226,14,4
889,8.4508,7.415,74394,14,4
861,8.4579,7.422,74394,14,4
1185,8.4601,7.428,74394,14,4
1173,8.4505,7.417,74394,14,4
1137,8.455,7.436,74394,14,4
1177,8.4569,7.428,74394,14,4
1167,8.4498,7.432,74394,14,4
742,8.4565,7.778,72886,14,5
723,8.4567,7.822,69679,14,5
838,8.4527,7.891,72359,14,5
947,8.4594,7.862,71641.3333333333,14,5
938,8.4558,7.868,71641.3333333333,14,5
547.1,8.4519,7.891,71641.3333333333,14,5
620,8.4575,7.906,71641.3333333333,14,5
607,8.4551,7.892,71641.3333333333,14,5
499,8.4518,7.921,71641.3333333333,14,5
1057,8.4608,7.85,71641.3333333333,14,5
761,8.4529,7.789,71737,14,6
961,8.4551,7.856,74153,14,6
930,8.4552,7.863,72291,14,6
931,8.4512,7.871,72727,14,6
941,8.4552,7.865,72727,14,6
384,8.4626,7.895,72727,14,6
617,8.4569,7.903,72727,14,6
605,8.4556,7.886,72727,14,6
588,8.4527,7.886,72727,14,6
608,8.4502,7.857,72727,14,6
846,8.4585,7.779,73521,14,7
921,8.4543,7.864,70711,14,7
924,8.4579,7.852,72879,14,7
772,8.4596,7.847,72370.3333333333,14,7
909,8.454,7.847,72370.3333333333,14,7
875,8.4567,7.859,72370.3333333333,14,7
930,8.4555,7.866,72370.3333333333,14,7
967,8.4582,7.848,72370.3333333333,14,7
910,8.4661,7.892,72370.3333333333,14,7
930,8.4611,7.815,72370.3333333333,14,7
677,8.447,7.813,69953,14,8
921,8.4589,7.841,71630,14,8
816,8.4553,7.883,70465,14,8
493,8.4501,7.879,70682.6666666667,14,8
561,8.4553,7.909,70682.6666666667,14,8
919,8.4513,7.898,70682.6666666667,14,8
941,8.4581,7.919,70682.6666666667,14,8
846,8.464,7.936,70682.6666666667,14,8
899,8.4522,7.954,70682.6666666667,14,8
907,8.4535,7.868,70682.6666666667,14,8
706,8.4511,7.376,73035,14,9
893,8.452,7.375,70318,14,9
683,8.4529,7.383,72642,14,9
974,8.4514,7.368,71998.3333333333,14,9
908,8.4463,7.379,71998.3333333333,14,9
1061,8.4507,7.394,71998.3333333333,14,9
886,8.4587,7.387,71998.3333333333,14,9
851,8.4611,7.416,71998.3333333333,14,9
939,8.4645,7.415,71998.3333333333,14,9
551,8.456,7.435,71998.3333333333,14,9
1128,8.4533,7.36,71713,14,10
917,8.4517,7.373,74168,14,10
922,8.4591,7.37,72304,14,10
938,8.4535,7.376,72728.3333333333,14,10
812,8.4468,7.37,72728.3333333333,14,10
757,8.4467,7.371,72728.3333333333,14,10
408,8.4553,7.401,72728.3333333333,14,10
618,8.4565,7.399,72728.3333333333,14,10
284.9,8.4526,7.38,72728.3333333333,14,10
634,8.4485,7.402,72728.3333333333,14,10
1005,8.4594,7.391,73266,14,11
892,8.4522,7.392,70639,14,11
825,8.4494,7.391,72801,14,11
985,8.4497,7.386,72235.3333333333,14,11
946,8.4449,7.415,72235.3333333333,14,11
550,8.445,7.389,72235.3333333333,14,11
955,8.4517,7.404,72235.3333333333,14,11
888,8.4585,7.428,72235.3333333333,14,11
985,8.4632,7.381,72235.3333333333,14,11
951,8.45,7.415,72235.3333333333,14,11
829,8.4514,7.864,71928,14,12
885,8.4455,7.896,74473,14,12
999,8.4493,7.946,72812,14,12
930,8.4562,7.952,73071,14,12
897,8.4518,7.921,73071,14,12
934,8.4472,7.931,73071,14,12
808,8.4582,7.952,73071,14,12
822,8.4657,7.949,73071,14,12
945,8.4518,7.956,73071,14,12
883,8.456,7.895,73071,14,12
736,8.4542,7.373,74071,14,13
926,8.4547,7.349,71287,14,13
816,8.4565,7.376,73178,14,13
925,8.4535,7.345,72845.3333333333,14,13
865,8.4516,7.379,72845.3333333333,14,13
592,8.4518,7.365,72845.3333333333,14,13
814,8.4614,7.391,72845.3333333333,14,13
792,8.4688,7.366,72845.3333333333,14,13
993,8.4516,7.388,72845.3333333333,14,13
918,8.4508,7.403,72845.3333333333,14,13
744,8.4566,7.347,74195,14,14
698,8.4551,7.341,71101,14,14
711,8.4549,7.335,73636,14,14
959,8.4594,7.345,72977.3333333333,14,14
898,8.4474,7.358,72977.3333333333,14,14
663,8.4501,7.358,72977.3333333333,14,14
623,8.4528,7.354,72977.3333333333,14,14
510,8.4703,7.365,72977.3333333333,14,14
319,8.4546,7.378,72977.3333333333,14,14
390,8.4541,7.387,72977.3333333333,14,14
575,8.4567,7.776,70738,15,1
371,8.4483,7.827,67918,15,1
653,8.4478,7.837,71172,15,1
936,8.4484,7.871,69942.6666666667,15,1
716,8.4527,7.806,69942.6666666667,15,1
474.8,8.45,7.863,69942.6666666667,15,1
524,8.445,7.855,69942.6666666667,15,1
367,8.4583,7.892,69942.6666666667,15,1
605,8.4556,7.866,69942.6666666667,15,1
601,8.4454,7.857,69942.6666666667,15,1
930,8.4573,7.759,70289,15,2
977,8.4511,7.806,67339,15,2
911,8.4513,7.84,70587,15,2
833,8.4603,7.836,69405,15,2
725,8.4552,7.815,69405,15,2
528,8.4467,7.862,69405,15,2
586,8.4521,7.868,69405,15,2
593,8.4583,7.887,69405,15,2
629,8.4648,7.865,69405,15,2
621,8.4526,7.851,69405,15,2
837,8.4477,7.801,75371,15,3
580,8.447,7.861,74448,15,3
765,8.4462,7.882,74787,15,3
863,8.4515,7.881,74868.6666666667,15,3
819,8.4527,7.861,74868.6666666667,15,3
886,8.4514,7.881,74868.6666666667,15,3
867,8.4698,7.91,74868.6666666667,15,3
845,8.4644,7.913,74868.6666666667,15,3
868,8.4583,7.904,74868.6666666667,15,3
694,8.4526,7.887,74868.6666666667,15,3
928,8.4599,7.641,73092,15,4
840,8.4528,7.686,70186,15,4
951,8.4576,7.698,73451,15,4
801,8.4522,7.716,72243,15,4
776,8.4542,7.686,72243,15,4
856,8.4581,7.686,72243,15,4
407,8.4516,7.71,72243,15,4
745,8.4461,7.718,72243,15,4
941,8.4504,7.706,72243,15,4
944,8.45,7.698,72243,15,4
720,8.4533,7.759,72491,15,5
872,8.4572,7.789,71735,15,5
717,8.4336,7.835,71910,15,5
898,8.4475,7.822,72045.3333333333,15,5
530,8.4467,7.813,72045.3333333333,15,5
919,8.4479,7.814,72045.3333333333,15,5
946,8.4508,7.863,72045.3333333333,15,5
865,8.457,7.835,72045.3333333333,15,5
543,8.4511,7.85,72045.3333333333,15,5
702,8.4539,7.813,72045.3333333333,15,5
676,8.4585,7.732,72255,15,6
977,8.4567,7.787,69351,15,6
783,8.4545,7.81,72465,15,6
898,8.4511,7.826,71357,15,6
941,8.4564,7.79,71357,15,6
925,8.4667,7.817,71357,15,6
976,8.4516,7.834,71357,15,6
856,8.4452,7.859,71357,15,6
676,8.4532,7.839,71357,15,6
741,8.4469,7.821,71357,15,6
584,8.4576,7.769,74299,15,7
688,8.4592,7.793,73590,15,7
637,8.4532,7.793,73643,15,7
653,8.4606,7.851,73844,15,7
1008,8.4544,7.795,73844,15,7
1012,8.4568,7.802,73844,15,7
995,8.4564,7.809,73844,15,7
563,8.459,7.814,73844,15,7
623,8.46,7.834,73844,15,7
665,8.4479,7.807,73844,15,7
583,8.4534,7.781,69989,15,8
689,8.4536,7.829,67128,15,8
651,8.4596,7.865,70225,15,8
807,8.4578,7.869,69114,15,8
847,8.4532,7.868,69114,15,8
1000,8.4496,7.874,69114,15,8
988,8.4553,7.918,69114,15,8
960,8.4572,7.883,69114,15,8
896,8.4486,7.893,69114,15,8
914,8.451,7.874,69114,15,8
908,8.4573,7.592,74134,15,9
974,8.4473,7.639,73366,15,9
916,8.4467,7.658,73318,15,9
807,8.4502,7.705,73606,15,9
782,8.4459,7.663,73606,15,9
548,8.4457,7.667,73606,15,9
590,8.4501,7.673,73606,15,9
916,8.4618,7.705,73606,15,9
917,8.4584,7.683,73606,15,9
595,8.4472,7.671,73606,15,9
1009,8.4547,7.579,72036,15,10
890,8.4527,7.637,69311,15,10
886,8.4496,7.659,72296,15,10
843,8.4206,7.664,71214.3333333333,15,10
846,8.4511,7.645,71214.3333333333,15,10
858,8.4541,7.675,71214.3333333333,15,10
895,8.4579,7.671,71214.3333333333,15,10
996,8.4702,7.71,71214.3333333333,15,10
1029,8.46,7.674,71214.3333333333,15,10
962,8.4482,7.663,71214.3333333333,15,10
596,8.4626,7.58,74323,15,11
406,8.4521,7.652,73606,15,11
486,8.4513,7.669,73834,15,11
730,8.447,7.698,73921,15,11
721,8.4461,7.667,73921,15,11
561,8.4512,7.686,73921,15,11
584,8.4462,7.682,73921,15,11
605,8.4641,7.729,73921,15,11
642,8.4569,7.687,73921,15,11
643,8.451,7.679,73921,15,11
809,8.4578,7.795,72363,15,12
830,8.4473,7.861,69686,15,12
829,8.4471,7.874,72824,15,12
782,8.4568,7.883,71624.3333333333,15,12
1017,8.4479,7.888,71624.3333333333,15,12
815,8.4469,7.881,71624.3333333333,15,12
807,8.4502,7.915,71624.3333333333,15,12
807,8.4695,7.92,71624.3333333333,15,12
836,8.4525,7.913,71624.3333333333,15,12
840,8.4499,7.86,71624.3333333333,15,12
974,8.4634,7.578,74890,15,13
950,8.448,7.655,73912,15,13
946,8.4453,7.651,74219,15,13
853,8.4522,7.641,74340.3333333333,15,13
714,8.4517,7.645,74340.3333333333,15,13
567,8.4515,7.614,74340.3333333333,15,13
875,8.4571,7.651,74340.3333333333,15,13
804,8.4732,7.667,74340.3333333333,15,13
1032,8.4533,7.682,74340.3333333333,15,13
1016,8.4518,7.675,74340.3333333333,15,13
826,8.4602,7.543,74205,15,14
842,8.4534,7.608,73462,15,14
869,8.4525,7.611,73473,15,14
846,8.4665,7.62,73713.3333333333,15,14
916,8.4478,7.619,73713.3333333333,15,14
898,8.4532,7.612,73713.3333333333,15,14
818,8.4512,7.595,73713.3333333333,15,14
744,8.4741,7.63,73713.3333333333,15,14
668,8.4513,7.616,73713.3333333333,15,14
717,8.4512,7.635,73713.3333333333,15,14
821,8.4591,7.549,72688,15,15
896,8.4477,7.637,69852,15,15
929,8.4541,7.622,73065,15,15
815,8.4524,7.663,71868.3333333333,15,15
794,8.451,7.629,71868.3333333333,15,15
848,8.4511,7.599,71868.3333333333,15,15
615,8.4606,7.646,71868.3333333333,15,15
822,8.4566,7.663,71868.3333333333,15,15
550,8.4664,7.645,71868.3333333333,15,15
959,8.4516,7.656,71868.3333333333,15,15
697,8.4579,7.884,69447,16,1
665,8.4464,7.857,69639,16,1
516,8.4522,7.891,67401,16,1
460.6,8.4482,7.873,68829,16,1
606,8.4509,7.908,68829,16,1
641,8.4451,7.878,68829,16,1
883,8.4459,7.922,68829,16,1
753,8.4521,7.928,68829,16,1
758,8.4587,7.957,68829,16,1
577,8.4488,7.913,68829,16,1
803,8.46,7.873,68872,16,2
729,8.4532,7.879,69171,16,2
764,8.4536,7.863,66946,16,2
627,8.456,7.882,68329.6666666667,16,2
625,8.4506,7.882,68329.6666666667,16,2
658,8.447,7.876,68329.6666666667,16,2
349.8,8.4577,7.936,68329.6666666667,16,2
756,8.4582,7.932,68329.6666666667,16,2
806,8.4565,7.936,68329.6666666667,16,2
764,8.4471,7.921,68329.6666666667,16,2
893,8.4564,7.886,72337,16,3
869,8.449,7.889,72907,16,3
703,8.4506,7.893,72302,16,3
847,8.4508,7.891,72515.3333333333,16,3
740,8.4465,7.908,72515.3333333333,16,3
786,8.4553,7.878,72515.3333333333,16,3
662,8.47,7.969,72515.3333333333,16,3
672,8.4565,7.95,72515.3333333333,16,3
666,8.448,7.977,72515.3333333333,16,3
638,8.4522,7.924,72515.3333333333,16,3
574,8.4499,7.958,71591,16,4
543,8.4526,7.999,71710,16,4
638,8.4492,8.005,69650,16,4
843,8.4448,8.014,70983.6666666667,16,4
785,8.4484,7.993,70983.6666666667,16,4
797,8.4567,8.011,70983.6666666667,16,4
669,8.4477,8.045,70983.6666666667,16,4
669,8.4486,8.044,70983.6666666667,16,4
586,8.4499,8.082,70983.6666666667,16,4
608,8.4463,8.018,70983.6666666667,16,4
1060,8.4547,7.828,69695,16,5
1004,8.4529,7.822,70414,16,5
895,8.4577,7.826,69487,16,5
562,8.4532,7.836,69865.3333333333,16,5
761,8.4563,7.86,69865.3333333333,16,5
796,8.4508,7.829,69865.3333333333,16,5
897,8.4461,7.91,69865.3333333333,16,5
826,8.4562,7.89,69865.3333333333,16,5
829,8.4512,7.925,69865.3333333333,16,5
844,8.4637,7.859,69865.3333333333,16,5
905,8.4457,7.844,71881,16,6
819,8.4549,7.844,71751,16,6
818,8.4513,7.853,69693,16,6
730,8.4495,7.843,71108.3333333333,16,6
741,8.4518,7.862,71108.3333333333,16,6
727,8.4626,7.854,71108.3333333333,16,6
630,8.4525,7.892,71108.3333333333,16,6
987,8.4525,7.878,71108.3333333333,16,6
530,8.4575,7.936,71108.3333333333,16,6
1128,8.4507,7.877,71108.3333333333,16,6
755,8.4669,7.839,72163,16,7
974,8.4569,7.834,72954,16,7
990,8.4581,7.838,72090,16,7
1030,8.4535,7.821,72402.3333333333,16,7
867,8.4545,7.817,72402.3333333333,16,7
838,8.4603,7.81,72402.3333333333,16,7
854,8.4517,7.865,72402.3333333333,16,7
832,8.4547,7.848,72402.3333333333,16,7
616,8.4685,7.879,72402.3333333333,16,7
665,8.452,7.84,72402.3333333333,16,7
688,8.4505,7.864,69412,16,8
590,8.4544,7.853,69407,16,8
592,8.4537,7.873,67283,16,8
829,8.4478,7.867,68700.6666666667,16,8
798,8.445,7.884,68700.6666666667,16,8
777,8.4498,7.879,68700.6666666667,16,8
840,8.4534,7.933,68700.6666666667,16,8
803,8.4569,7.917,68700.6666666667,16,8
855,8.4491,7.956,68700.6666666667,16,8
906,8.4547,7.898,68700.6666666667,16,8
614,8.4624,7.904,72214,16,9
694,8.4468,7.978,72497,16,9
657,8.4477,7.944,71959,16,9
614,8.4461,7.97,72223.3333333333,16,9
771,8.4524,7.981,72223.3333333333,16,9
772,8.4486,7.972,72223.3333333333,16,9
815,8.4466,8.018,72223.3333333333,16,9
772,8.4568,8.013,72223.3333333333,16,9
734,8.455,8.045,72223.3333333333,16,9
602,8.4455,7.992,72223.3333333333,16,9
762,8.4536,7.944,71876,16,10
835,8.452,7.985,71730,16,10
968,8.4489,7.947,69637,16,10
826,8.4537,7.986,71081,16,10
783,8.4473,7.944,71081,16,10
826,8.4475,7.954,71081,16,10
657,8.4669,8.025,71081,16,10
550,8.4596,8.029,71081,16,10
833,8.4526,8.056,71081,16,10
900,8.4445,8.021,71081,16,10
744,8.4551,7.946,72346,16,11
787,8.4534,7.976,72818,16,11
786,8.454,7.984,72097,16,11
811,8.4492,7.991,72420.3333333333,16,11
703,8.4496,7.996,72420.3333333333,16,11
927,8.4458,7.998,72420.3333333333,16,11
933,8.4458,8.022,72420.3333333333,16,11
859,8.462,8.036,72420.3333333333,16,11
741,8.4553,8.072,72420.3333333333,16,11
817,8.4453,8.006,72420.3333333333,16,11
1002,8.4569,7.928,72144,16,12
1017,8.4593,7.903,71985,16,12
855,8.4503,7.912,70215,16,12
836,8.4518,7.906,71448,16,12
808,8.4471,7.926,71448,16,12
846,8.4469,7.92,71448,16,12
752,8.4464,7.959,71448,16,12
760,8.4628,7.941,71448,16,12
887,8.4628,7.982,71448,16,12
1030,8.4562,7.941,71448,16,12
744.6,8.4555,7.884,72868,16,13
579,8.4583,7.944,73468,16,13
593,8.4551,7.932,72928,16,13
621,8.4546,7.952,73088,16,13
614,8.4515,7.937,73088,16,13
554,8.4554,7.938,73088,16,13
376,8.453,7.981,73088,16,13
749,8.4587,7.988,73088,16,13
672,8.4537,8.025,73088,16,13
576,8.4504,7.986,73088,16,13
614,8.4561,7.872,71287,16,14
545,8.4482,7.922,71890,16,14
565,8.4519,7.915,71170,16,14
723,8.4636,7.91,71449,16,14
739,8.4531,7.928,71449,16,14
786,8.4466,7.923,71449,16,14
1007,8.4472,7.963,71449,16,14
669,8.4617,7.992,71449,16,14
912,8.4467,8.003,71449,16,14
504,8.4522,7.963,71449,16,14
637,8.4617,7.871,71640,16,15
563,8.4513,7.926,71640,16,15
654,8.4505,7.928,69364,16,15
805,8.4523,7.931,70881.3333333333,16,15
775,8.4457,7.947,70881.3333333333,16,15
794,8.4492,7.957,70881.3333333333,16,15
673,8.4518,7.964,70881.3333333333,16,15
693,8.4537,7.998,70881.3333333333,16,15
626,8.4624,8.011,70881.3333333333,16,15
596,8.4479,7.965,70881.3333333333,16,15
718,8.454,7.911,72341,16,16
818,8.4588,7.972,73029,16,16
894,8.4559,7.946,72446,16,16
843,8.4564,7.951,72605.3333333333,16,16
809,8.4523,7.983,72605.3333333333,16,16
832,8.4521,7.976,72605.3333333333,16,16
880,8.4634,8.018,72605.3333333333,16,16
834,8.4692,8.002,72605.3333333333,16,16
824,8.4556,8.069,72605.3333333333,16,16
741,8.452,7.968,72605.3333333333,16,16
