"instanceID","wallTime","per.request.avg.time","total.time","set","vmID"
"i-0f932e5411e0fe83a",8.499157906,"1691.24ms","8.4582s",1,1
"i-0f932e5411e0fe83a",8.471395254,"1688.77ms","8.4469s",1,1
"i-0f932e5411e0fe83a",8.478410482,"1689.80ms","8.4542s",1,1
"i-0f932e5411e0fe83a",8.484546185,"1691.37ms","8.4596s",1,1
"i-0f932e5411e0fe83a",8.475707054,"1688.98ms","8.4463s",1,1
"i-0f932e5411e0fe83a",8.47205615,"1688.45ms","8.4477s",1,1
"i-0f932e5411e0fe83a",8.474547148,"1689.48ms","8.4493s",1,1
"i-0f932e5411e0fe83a",8.498326063,"1693.03ms","8.4705s",1,1
"i-0f932e5411e0fe83a",8.480675697,"1689.17ms","8.4544s",1,1
"i-0f932e5411e0fe83a",8.579624414,"1688.53ms","8.4503s",1,1
"i-0f932e5411e0fe83a",8.488729477,"1691.13ms","8.4644s",2,1
"i-0f932e5411e0fe83a",8.478279352,"1690.25ms","8.4529s",2,1
"i-0f932e5411e0fe83a",8.620464802,"1689.45ms","8.4488s",2,1
"i-0f932e5411e0fe83a",8.472941399,"1689.50ms","8.4478s",2,1
"i-0f932e5411e0fe83a",8.47662878,"1690.00ms","8.4503s",2,1
"i-0f932e5411e0fe83a",8.478621006,"1690.02ms","8.4529s",2,1
"i-0f932e5411e0fe83a",8.472768545,"1689.09ms","8.4478s",2,1
"i-0f932e5411e0fe83a",8.493056297,"1692.16ms","8.4675s",2,1
"i-0f932e5411e0fe83a",8.473949194,"1689.28ms","8.4489s",2,1
"i-0f932e5411e0fe83a",8.4741745,"1689.37ms","8.4491s",2,1
"i-0f932e5411e0fe83a",8.483547449,"1690.95ms","8.4588s",3,1
"i-0f932e5411e0fe83a",8.471848488,"1688.81ms","8.4462s",3,1
"i-0f932e5411e0fe83a",8.478438139,"1689.83ms","8.4536s",3,1
"i-0f932e5411e0fe83a",8.477532387,"1690.13ms","8.4524s",3,1
"i-0f932e5411e0fe83a",8.471419096,"1689.01ms","8.4453s",3,1
"i-0f932e5411e0fe83a",8.480151415,"1688.44ms","8.4490s",3,1
"i-0f932e5411e0fe83a",8.475968838,"1690.11ms","8.4517s",3,1
"i-0f932e5411e0fe83a",8.491710186,"1691.64ms","8.4663s",3,1
"i-0f932e5411e0fe83a",8.472019672,"1688.59ms","8.4452s",3,1
"i-0f932e5411e0fe83a",8.473001957,"1688.64ms","8.4478s",3,1
"i-0f932e5411e0fe83a",8.483273506,"1691.25ms","8.4571s",4,1
"i-0f932e5411e0fe83a",8.470817327,"1688.73ms","8.4455s",4,1
"i-0f932e5411e0fe83a",8.476065397,"1688.49ms","8.4502s",4,1
"i-0f932e5411e0fe83a",8.596675873,"1689.93ms","8.4539s",4,1
"i-0f932e5411e0fe83a",8.484930992,"1690.29ms","8.4589s",4,1
"i-0f932e5411e0fe83a",8.479002237,"1688.68ms","8.4537s",4,1
"i-0f932e5411e0fe83a",8.476374149,"1688.81ms","8.4515s",4,1
"i-0f932e5411e0fe83a",8.49731493,"1692.47ms","8.4705s",4,1
"i-0f932e5411e0fe83a",8.479517221,"1689.27ms","8.4486s",4,1
"i-0f932e5411e0fe83a",8.470178843,"1688.68ms","8.4452s",4,1
"i-0f932e5411e0fe83a",8.494080305,"1690.23ms","8.4540s",5,1
"i-0f932e5411e0fe83a",8.477820873,"1689.60ms","8.4506s",5,1
"i-0f932e5411e0fe83a",8.479425192,"1689.24ms","8.4543s",5,1
"i-0f932e5411e0fe83a",8.480452299,"1689.95ms","8.4545s",5,1
"i-0f932e5411e0fe83a",8.480321169,"1688.81ms","8.4537s",5,1
"i-0f932e5411e0fe83a",8.479639053,"1689.24ms","8.4546s",5,1
"i-0f932e5411e0fe83a",8.481333256,"1689.43ms","8.4564s",5,1
"i-0f932e5411e0fe83a",8.495611191,"1692.20ms","8.4706s",5,1
"i-0f932e5411e0fe83a",8.476457357,"1688.55ms","8.4510s",5,1
"i-0f932e5411e0fe83a",8.479866743,"1689.39ms","8.4538s",5,1
"i-0f932e5411e0fe83a",8.50071454,"1691.67ms","8.4648s",6,1
"i-0f932e5411e0fe83a",8.472883701,"1688.71ms","8.4466s",6,1
"i-0f932e5411e0fe83a",8.481019735,"1689.21ms","8.4562s",6,1
"i-0f932e5411e0fe83a",8.479450941,"1689.36ms","8.4533s",6,1
"i-0f932e5411e0fe83a",8.484206676,"1689.70ms","8.4582s",6,1
"i-0f932e5411e0fe83a",8.47815299,"1688.58ms","8.4521s",6,1
"i-0f932e5411e0fe83a",8.475700378,"1688.77ms","8.4509s",6,1
"i-0f932e5411e0fe83a",8.479562044,"1690.20ms","8.4539s",6,1
"i-0f932e5411e0fe83a",8.47195363,"1688.92ms","8.4461s",6,1
"i-0f932e5411e0fe83a",8.471576214,"1688.84ms","8.4463s",6,1
"i-0f932e5411e0fe83a",8.589777946,"1690.59ms","8.4561s",7,1
"i-0f932e5411e0fe83a",8.477688074,"1688.66ms","8.4455s",7,1
"i-0f932e5411e0fe83a",8.475059032,"1689.52ms","8.4497s",7,1
"i-0f932e5411e0fe83a",8.473972797,"1689.46ms","8.4481s",7,1
"i-0f932e5411e0fe83a",8.481173038,"1688.95ms","8.4546s",7,1
"i-0f932e5411e0fe83a",8.477975845,"1688.81ms","8.4524s",7,1
"i-0f932e5411e0fe83a",8.480070829,"1689.46ms","8.4542s",7,1
"i-0f932e5411e0fe83a",8.493960142,"1691.48ms","8.4672s",7,1
"i-0f932e5411e0fe83a",8.477473259,"1688.48ms","8.4511s",7,1
"i-0f932e5411e0fe83a",8.485495329,"1690.05ms","8.4579s",7,1
"i-0f932e5411e0fe83a",8.504586935,"1692.41ms","8.4624s",8,1
"i-0f932e5411e0fe83a",8.480299234,"1688.54ms","8.4511s",8,1
"i-0f932e5411e0fe83a",8.487891436,"1688.47ms","8.4516s",8,1
"i-0f932e5411e0fe83a",8.482863426,"1689.47ms","8.4537s",8,1
"i-0f932e5411e0fe83a",8.476345301,"1689.03ms","8.4516s",8,1
"i-0f932e5411e0fe83a",8.480367422,"1689.27ms","8.4548s",8,1
"i-0f932e5411e0fe83a",8.477885723,"1688.87ms","8.4522s",8,1
"i-0f932e5411e0fe83a",8.48543644,"1691.22ms","8.4601s",8,1
"i-0f932e5411e0fe83a",8.491774559,"1691.11ms","8.4651s",8,1
"i-0f932e5411e0fe83a",8.476047516,"1688.62ms","8.4498s",8,1
"i-0f932e5411e0fe83a",8.485646725,"1689.97ms","8.4577s",9,1
"i-0f932e5411e0fe83a",8.483078241,"1689.09ms","8.4557s",9,1
"i-0f932e5411e0fe83a",8.476055861,"1688.55ms","8.4511s",9,1
"i-0f932e5411e0fe83a",8.481148243,"1689.42ms","8.4567s",9,1
"i-0f932e5411e0fe83a",8.478722334,"1688.98ms","8.4536s",9,1
"i-0f932e5411e0fe83a",8.480630398,"1689.41ms","8.4552s",9,1
"i-0f932e5411e0fe83a",8.481381416,"1689.29ms","8.4549s",9,1
"i-0f932e5411e0fe83a",8.486822128,"1690.71ms","8.4607s",9,1
"i-0f932e5411e0fe83a",8.482702017,"1690.85ms","8.4574s",9,1
"i-0f932e5411e0fe83a",8.478334904,"1689.49ms","8.4483s",9,1
"i-0f932e5411e0fe83a",8.478083372,"1690.00ms","8.4513s",10,1
"i-0f932e5411e0fe83a",8.473498344,"1688.73ms","8.4469s",10,1
"i-0f932e5411e0fe83a",8.480535507,"1689.76ms","8.4516s",10,1
"i-0f932e5411e0fe83a",8.473508596,"1689.48ms","8.4481s",10,1
"i-0f932e5411e0fe83a",8.474837065,"1689.14ms","8.4490s",10,1
"i-0f932e5411e0fe83a",8.477659464,"1688.49ms","8.4516s",10,1
"i-0f932e5411e0fe83a",8.476220846,"1688.78ms","8.4520s",10,1
"i-0f932e5411e0fe83a",8.573247194,"1692.04ms","8.4615s",10,1
"i-0f932e5411e0fe83a",8.475852013,"1690.10ms","8.4508s",10,1
"i-0f932e5411e0fe83a",8.475467682,"1688.45ms","8.4502s",10,1
"i-0f932e5411e0fe83a",8.485333681,"1691.22ms","8.4601s",11,1
"i-0f932e5411e0fe83a",8.485046148,"1689.33ms","8.4569s",11,1
"i-0f932e5411e0fe83a",8.479177475,"1688.57ms","8.4526s",11,1
"i-0f932e5411e0fe83a",8.478038311,"1689.27ms","8.4526s",11,1
"i-0f932e5411e0fe83a",8.472975731,"1689.07ms","8.4461s",11,1
"i-0f932e5411e0fe83a",8.475668907,"1689.38ms","8.4491s",11,1
"i-0f932e5411e0fe83a",8.478362322,"1688.86ms","8.4524s",11,1
"i-0f932e5411e0fe83a",8.481216431,"1690.15ms","8.4558s",11,1
"i-0f932e5411e0fe83a",8.483990908,"1690.99ms","8.4580s",11,1
"i-0f932e5411e0fe83a",8.474916697,"1689.35ms","8.4488s",11,1
"i-0f932e5411e0fe83a",8.480554104,"1690.63ms","8.4552s",12,1
"i-0f932e5411e0fe83a",8.475571632,"1688.71ms","8.4509s",12,1
"i-0f932e5411e0fe83a",8.47989893,"1689.55ms","8.4559s",12,1
"i-0f932e5411e0fe83a",8.477869987,"1689.41ms","8.4529s",12,1
"i-0f932e5411e0fe83a",8.476152658,"1689.19ms","8.4498s",12,1
"i-0f932e5411e0fe83a",8.472077847,"1689.05ms","8.4471s",12,1
"i-0f932e5411e0fe83a",8.482110023,"1689.24ms","8.4538s",12,1
"i-0f932e5411e0fe83a",8.480683088,"1690.01ms","8.4530s",12,1
"i-0f932e5411e0fe83a",8.481724501,"1689.79ms","8.4571s",12,1
"i-0f932e5411e0fe83a",8.473082781,"1688.65ms","8.4461s",12,1
"i-0f932e5411e0fe83a",8.607867479,"1692.04ms","8.4636s",13,1
"i-0f932e5411e0fe83a",8.471958399,"1688.74ms","8.4462s",13,1
"i-0f932e5411e0fe83a",8.47048974,"1689.02ms","8.4470s",13,1
"i-0f932e5411e0fe83a",8.470782757,"1689.34ms","8.4471s",13,1
"i-0f932e5411e0fe83a",8.471739054,"1689.14ms","8.4465s",13,1
"i-0f932e5411e0fe83a",8.472263336,"1688.65ms","8.4451s",13,1
"i-0f932e5411e0fe83a",8.47382617,"1689.66ms","8.4493s",13,1
"i-0f932e5411e0fe83a",8.489593744,"1691.13ms","8.4617s",13,1
"i-0f932e5411e0fe83a",8.478322029,"1689.90ms","8.4532s",13,1
"i-0f932e5411e0fe83a",8.571475744,"1688.64ms","8.4448s",13,1
"i-0f932e5411e0fe83a",8.4836483,"1690.83ms","8.4584s",14,1
"i-0f932e5411e0fe83a",8.480033875,"1689.49ms","8.4543s",14,1
"i-0f932e5411e0fe83a",8.474445581,"1688.87ms","8.4470s",14,1
"i-0f932e5411e0fe83a",8.477945566,"1689.42ms","8.4534s",14,1
"i-0f932e5411e0fe83a",8.477409601,"1689.17ms","8.4480s",14,1
"i-0f932e5411e0fe83a",8.471534491,"1688.60ms","8.4459s",14,1
"i-0f932e5411e0fe83a",8.480693817,"1689.50ms","8.4562s",14,1
"i-0f932e5411e0fe83a",8.483126402,"1690.51ms","8.4553s",14,1
"i-0f932e5411e0fe83a",8.490196705,"1689.94ms","8.4631s",14,1
"i-0f932e5411e0fe83a",8.4720397,"1688.73ms","8.4469s",14,1
"i-0f932e5411e0fe83a",8.481582165,"1690.09ms","8.4567s",15,1
"i-0f932e5411e0fe83a",8.47454834,"1688.73ms","8.4483s",15,1
"i-0f932e5411e0fe83a",8.474494696,"1688.80ms","8.4478s",15,1
"i-0f932e5411e0fe83a",8.474171638,"1689.64ms","8.4484s",15,1
"i-0f932e5411e0fe83a",8.481263638,"1689.02ms","8.4527s",15,1
"i-0f932e5411e0fe83a",8.475107193,"1688.58ms","8.4500s",15,1
"i-0f932e5411e0fe83a",8.471700907,"1688.88ms","8.4450s",15,1
"i-0f932e5411e0fe83a",8.490971327,"1690.81ms","8.4583s",15,1
"i-0f932e5411e0fe83a",8.48240304,"1690.24ms","8.4556s",15,1
"i-0f932e5411e0fe83a",8.474510908,"1688.77ms","8.4454s",15,1
"i-0f932e5411e0fe83a",8.487270117,"1691.25ms","8.4579s",16,1
"i-0f932e5411e0fe83a",8.474224567,"1688.92ms","8.4464s",16,1
"i-0f932e5411e0fe83a",8.478816271,"1689.63ms","8.4522s",16,1
"i-0f932e5411e0fe83a",8.478496552,"1689.51ms","8.4482s",16,1
"i-0f932e5411e0fe83a",8.478119373,"1689.77ms","8.4509s",16,1
"i-0f932e5411e0fe83a",8.605267048,"1688.63ms","8.4451s",16,1
"i-0f932e5411e0fe83a",8.473447323,"1688.83ms","8.4459s",16,1
"i-0f932e5411e0fe83a",8.477701664,"1690.30ms","8.4521s",16,1
"i-0f932e5411e0fe83a",8.485091925,"1691.04ms","8.4587s",16,1
"i-0f932e5411e0fe83a",8.477829933,"1689.54ms","8.4488s",16,1
"i-02d0cd06760855c39",8.514825821,"1690.97ms","8.4563s",2,2
"i-02d0cd06760855c39",8.470307589,"1688.85ms","8.4463s",2,2
"i-02d0cd06760855c39",8.469775677,"1688.78ms","8.4468s",2,2
"i-02d0cd06760855c39",8.479794979,"1689.90ms","8.4558s",2,2
"i-02d0cd06760855c39",8.482249498,"1689.83ms","8.4577s",2,2
"i-02d0cd06760855c39",8.477057219,"1688.64ms","8.4517s",2,2
"i-02d0cd06760855c39",8.480481625,"1690.06ms","8.4572s",2,2
"i-02d0cd06760855c39",8.488814831,"1690.83ms","8.4632s",2,2
"i-02d0cd06760855c39",8.479057074,"1689.28ms","8.4551s",2,2
"i-02d0cd06760855c39",8.475279808,"1688.46ms","8.4504s",2,2
"i-02d0cd06760855c39",8.496506691,"1690.92ms","8.4609s",3,2
"i-02d0cd06760855c39",8.474148989,"1688.82ms","8.4475s",3,2
"i-02d0cd06760855c39",8.47529459,"1689.52ms","8.4507s",3,2
"i-02d0cd06760855c39",8.476999521,"1689.91ms","8.4517s",3,2
"i-02d0cd06760855c39",8.475033998,"1688.66ms","8.4496s",3,2
"i-02d0cd06760855c39",8.474797487,"1689.43ms","8.4500s",3,2
"i-02d0cd06760855c39",8.485280514,"1690.51ms","8.4603s",3,2
"i-02d0cd06760855c39",8.489832401,"1690.68ms","8.4641s",3,2
"i-02d0cd06760855c39",8.475147486,"1688.55ms","8.4502s",3,2
"i-02d0cd06760855c39",8.472036362,"1688.70ms","8.4466s",3,2
"i-02d0cd06760855c39",8.482874632,"1691.07ms","8.4560s",4,2
"i-02d0cd06760855c39",8.481929541,"1688.72ms","8.4519s",4,2
"i-02d0cd06760855c39",8.477260351,"1688.76ms","8.4518s",4,2
"i-02d0cd06760855c39",8.483062983,"1690.24ms","8.4588s",4,2
"i-02d0cd06760855c39",8.47557807,"1688.71ms","8.4509s",4,2
"i-02d0cd06760855c39",8.474840879,"1688.56ms","8.4500s",4,2
"i-02d0cd06760855c39",8.491286755,"1689.85ms","8.4585s",4,2
"i-02d0cd06760855c39",8.494390011,"1692.16ms","8.4696s",4,2
"i-02d0cd06760855c39",8.473584414,"1688.76ms","8.4482s",4,2
"i-02d0cd06760855c39",8.47572875,"1688.49ms","8.4510s",4,2
"i-02d0cd06760855c39",8.4836905,"1690.40ms","8.4586s",5,2
"i-02d0cd06760855c39",8.476558924,"1688.63ms","8.4515s",5,2
"i-02d0cd06760855c39",8.479715824,"1689.86ms","8.4546s",5,2
"i-02d0cd06760855c39",8.477344036,"1689.81ms","8.4517s",5,2
"i-02d0cd06760855c39",8.469551086,"1688.62ms","8.4454s",5,2
"i-02d0cd06760855c39",8.47715044,"1688.69ms","8.4512s",5,2
"i-02d0cd06760855c39",8.478339672,"1689.04ms","8.4541s",5,2
"i-02d0cd06760855c39",8.494162083,"1691.52ms","8.4694s",5,2
"i-02d0cd06760855c39",8.475624561,"1688.49ms","8.4508s",5,2
"i-02d0cd06760855c39",8.4879601,"1689.62ms","8.4564s",5,2
"i-02d0cd06760855c39",8.486765623,"1690.98ms","8.4618s",6,2
"i-02d0cd06760855c39",8.47751236,"1688.56ms","8.4521s",6,2
"i-02d0cd06760855c39",8.477101326,"1688.71ms","8.4519s",6,2
"i-02d0cd06760855c39",8.481142044,"1689.86ms","8.4563s",6,2
"i-02d0cd06760855c39",8.475812435,"1688.91ms","8.4508s",6,2
"i-02d0cd06760855c39",8.478437185,"1688.70ms","8.4515s",6,2
"i-02d0cd06760855c39",8.477926493,"1689.72ms","8.4530s",6,2
"i-02d0cd06760855c39",8.49808979,"1691.49ms","8.4735s",6,2
"i-02d0cd06760855c39",8.477299929,"1689.09ms","8.4526s",6,2
"i-02d0cd06760855c39",8.47913003,"1689.33ms","8.4540s",6,2
"i-02d0cd06760855c39",8.484772205,"1691.03ms","8.4597s",7,2
"i-02d0cd06760855c39",8.483494282,"1689.42ms","8.4567s",7,2
"i-02d0cd06760855c39",8.483732939,"1689.47ms","8.4566s",7,2
"i-02d0cd06760855c39",8.478965521,"1689.42ms","8.4529s",7,2
"i-02d0cd06760855c39",8.48197937,"1690.01ms","8.4561s",7,2
"i-02d0cd06760855c39",8.478299141,"1688.85ms","8.4529s",7,2
"i-02d0cd06760855c39",8.481062174,"1689.49ms","8.4549s",7,2
"i-02d0cd06760855c39",8.491260052,"1691.44ms","8.4659s",7,2
"i-02d0cd06760855c39",8.477271557,"1688.60ms","8.4514s",7,2
"i-02d0cd06760855c39",8.482040644,"1689.44ms","8.4574s",7,2
"i-02d0cd06760855c39",8.489169121,"1691.24ms","8.4652s",8,2
"i-02d0cd06760855c39",8.47241044,"1688.89ms","8.4476s",8,2
"i-02d0cd06760855c39",8.470884323,"1688.80ms","8.4465s",8,2
"i-02d0cd06760855c39",8.486489534,"1689.86ms","8.4610s",8,2
"i-02d0cd06760855c39",8.47851181,"1689.18ms","8.4534s",8,2
"i-02d0cd06760855c39",8.473436356,"1688.84ms","8.4488s",8,2
"i-02d0cd06760855c39",8.481294155,"1689.46ms","8.4531s",8,2
"i-02d0cd06760855c39",8.497196674,"1692.07ms","8.4718s",8,2
"i-02d0cd06760855c39",8.477724552,"1688.88ms","8.4526s",8,2
"i-02d0cd06760855c39",8.479465246,"1688.68ms","8.4521s",8,2
"i-02d0cd06760855c39",8.480774641,"1690.31ms","8.4537s",9,2
"i-02d0cd06760855c39",8.477302313,"1688.78ms","8.4518s",9,2
"i-02d0cd06760855c39",8.480596066,"1689.42ms","8.4560s",9,2
"i-02d0cd06760855c39",8.482100964,"1689.51ms","8.4545s",9,2
"i-02d0cd06760855c39",8.479637384,"1688.97ms","8.4558s",9,2
"i-02d0cd06760855c39",8.477342844,"1688.69ms","8.4521s",9,2
"i-02d0cd06760855c39",8.481297731,"1689.72ms","8.4572s",9,2
"i-02d0cd06760855c39",8.493208885,"1691.87ms","8.4676s",9,2
"i-02d0cd06760855c39",8.47374177,"1689.14ms","8.4489s",9,2
"i-02d0cd06760855c39",8.475804329,"1688.70ms","8.4518s",9,2
"i-02d0cd06760855c39",8.479094505,"1690.08ms","8.4547s",10,2
"i-02d0cd06760855c39",8.476243734,"1688.63ms","8.4517s",10,2
"i-02d0cd06760855c39",8.487399817,"1690.25ms","8.4601s",10,2
"i-02d0cd06760855c39",8.479043007,"1689.50ms","8.4532s",10,2
"i-02d0cd06760855c39",8.477189779,"1689.21ms","8.4511s",10,2
"i-02d0cd06760855c39",8.475397348,"1688.61ms","8.4510s",10,2
"i-02d0cd06760855c39",8.478069782,"1689.08ms","8.4534s",10,2
"i-02d0cd06760855c39",8.495511293,"1692.21ms","8.4704s",10,2
"i-02d0cd06760855c39",8.47726655,"1688.47ms","8.4514s",10,2
"i-02d0cd06760855c39",8.473895788,"1688.67ms","8.4488s",10,2
"i-02d0cd06760855c39",8.485008478,"1691.23ms","8.4600s",11,2
"i-02d0cd06760855c39",8.480014801,"1689.14ms","8.4548s",11,2
"i-02d0cd06760855c39",8.476164818,"1688.40ms","8.4511s",11,2
"i-02d0cd06760855c39",8.480509758,"1689.30ms","8.4555s",11,2
"i-02d0cd06760855c39",8.477097511,"1689.07ms","8.4517s",11,2
"i-02d0cd06760855c39",8.476478577,"1688.55ms","8.4518s",11,2
"i-02d0cd06760855c39",8.476787806,"1688.96ms","8.4518s",11,2
"i-02d0cd06760855c39",8.492939949,"1691.53ms","8.4677s",11,2
"i-02d0cd06760855c39",8.484955549,"1689.69ms","8.4582s",11,2
"i-02d0cd06760855c39",8.476887941,"1688.42ms","8.4514s",11,2
"i-02d0cd06760855c39",8.482856274,"1691.27ms","8.4577s",12,2
"i-02d0cd06760855c39",8.47810483,"1688.60ms","8.4518s",12,2
"i-02d0cd06760855c39",8.478093624,"1688.82ms","8.4540s",12,2
"i-02d0cd06760855c39",8.481903076,"1690.37ms","8.4570s",12,2
"i-02d0cd06760855c39",8.482288599,"1688.95ms","8.4557s",12,2
"i-02d0cd06760855c39",8.476716042,"1688.71ms","8.4531s",12,2
"i-02d0cd06760855c39",8.482109785,"1689.00ms","8.4549s",12,2
"i-02d0cd06760855c39",8.491953611,"1691.53ms","8.4658s",12,2
"i-02d0cd06760855c39",8.475867033,"1688.49ms","8.4511s",12,2
"i-02d0cd06760855c39",8.476887226,"1688.44ms","8.4510s",12,2
"i-02d0cd06760855c39",8.517937422,"1691.19ms","8.4618s",13,2
"i-02d0cd06760855c39",8.477678776,"1688.68ms","8.4524s",13,2
"i-02d0cd06760855c39",8.480626106,"1688.11ms","8.4503s",13,2
"i-02d0cd06760855c39",8.480926037,"1689.23ms","8.4569s",13,2
"i-02d0cd06760855c39",8.47984004,"1688.90ms","8.4546s",13,2
"i-02d0cd06760855c39",8.47584033,"1688.56ms","8.4517s",13,2
"i-02d0cd06760855c39",8.479441404,"1689.23ms","8.4540s",13,2
"i-02d0cd06760855c39",8.495458364,"1690.71ms","8.4687s",13,2
"i-02d0cd06760855c39",8.475929499,"1688.65ms","8.4506s",13,2
"i-02d0cd06760855c39",8.474856138,"1688.61ms","8.4504s",13,2
"i-02d0cd06760855c39",8.482203722,"1690.02ms","8.4572s",14,2
"i-02d0cd06760855c39",8.478239775,"1688.68ms","8.4509s",14,2
"i-02d0cd06760855c39",8.476545334,"1688.59ms","8.4518s",14,2
"i-02d0cd06760855c39",8.48251009,"1689.52ms","8.4577s",14,2
"i-02d0cd06760855c39",8.481516361,"1689.02ms","8.4551s",14,2
"i-02d0cd06760855c39",8.484327555,"1689.84ms","8.4583s",14,2
"i-02d0cd06760855c39",8.492040396,"1689.98ms","8.4554s",14,2
"i-02d0cd06760855c39",8.490120411,"1690.32ms","8.4602s",14,2
"i-02d0cd06760855c39",8.476599216,"1690.18ms","8.4522s",14,2
"i-02d0cd06760855c39",8.476721764,"1689.58ms","8.4519s",14,2
"i-02d0cd06760855c39",8.500485897,"1690.08ms","8.4573s",15,2
"i-02d0cd06760855c39",8.477191687,"1688.60ms","8.4511s",15,2
"i-02d0cd06760855c39",8.479541063,"1688.61ms","8.4513s",15,2
"i-02d0cd06760855c39",8.486872435,"1690.23ms","8.4603s",15,2
"i-02d0cd06760855c39",8.482054949,"1689.85ms","8.4552s",15,2
"i-02d0cd06760855c39",8.474375248,"1688.70ms","8.4467s",15,2
"i-02d0cd06760855c39",8.479042292,"1690.02ms","8.4521s",15,2
"i-02d0cd06760855c39",8.484120369,"1691.55ms","8.4583s",15,2
"i-02d0cd06760855c39",8.490908146,"1689.95ms","8.4648s",15,2
"i-02d0cd06760855c39",8.479665756,"1688.60ms","8.4526s",15,2
"i-02d0cd06760855c39",8.511437178,"1691.35ms","8.4600s",16,2
"i-02d0cd06760855c39",8.478562355,"1688.90ms","8.4532s",16,2
"i-02d0cd06760855c39",8.480829239,"1689.11ms","8.4536s",16,2
"i-02d0cd06760855c39",8.481898785,"1689.40ms","8.4560s",16,2
"i-02d0cd06760855c39",8.476544142,"1689.96ms","8.4506s",16,2
"i-02d0cd06760855c39",8.475303411,"1688.81ms","8.4470s",16,2
"i-02d0cd06760855c39",8.483574629,"1689.56ms","8.4577s",16,2
"i-02d0cd06760855c39",8.485703945,"1690.19ms","8.4582s",16,2
"i-02d0cd06760855c39",8.483628035,"1690.06ms","8.4565s",16,2
"i-02d0cd06760855c39",8.47313261,"1688.71ms","8.4471s",16,2
"i-063926cc434a25a4e",8.491188765,"1689.37ms","8.4535s",3,3
"i-063926cc434a25a4e",8.474133015,"1689.00ms","8.4468s",3,3
"i-063926cc434a25a4e",8.478379011,"1688.67ms","8.4521s",3,3
"i-063926cc434a25a4e",8.479121923,"1689.25ms","8.4536s",3,3
"i-063926cc434a25a4e",8.476624727,"1688.59ms","8.4514s",3,3
"i-063926cc434a25a4e",8.480946779,"1689.36ms","8.4542s",3,3
"i-063926cc434a25a4e",8.489104033,"1690.75ms","8.4592s",3,3
"i-063926cc434a25a4e",8.48294735,"1690.19ms","8.4550s",3,3
"i-063926cc434a25a4e",8.474577188,"1688.90ms","8.4456s",3,3
"i-063926cc434a25a4e",8.471172333,"1688.70ms","8.4451s",3,3
"i-063926cc434a25a4e",8.481534481,"1690.65ms","8.4536s",4,3
"i-063926cc434a25a4e",8.473212719,"1688.93ms","8.4462s",4,3
"i-063926cc434a25a4e",8.473442078,"1688.87ms","8.4460s",4,3
"i-063926cc434a25a4e",8.485704899,"1691.28ms","8.4587s",4,3
"i-063926cc434a25a4e",8.475673914,"1689.10ms","8.4465s",4,3
"i-063926cc434a25a4e",8.479052544,"1688.79ms","8.4520s",4,3
"i-063926cc434a25a4e",8.487239838,"1691.10ms","8.4612s",4,3
"i-063926cc434a25a4e",8.489125013,"1691.84ms","8.4617s",4,3
"i-063926cc434a25a4e",8.475895405,"1688.74ms","8.4459s",4,3
"i-063926cc434a25a4e",8.482773066,"1686.61ms","8.4401s",4,3
"i-063926cc434a25a4e",8.476314545,"1689.44ms","8.4494s",5,3
"i-063926cc434a25a4e",8.483221054,"1689.91ms","8.4570s",5,3
"i-063926cc434a25a4e",8.480371952,"1688.73ms","8.4515s",5,3
"i-063926cc434a25a4e",8.476389408,"1689.56ms","8.4480s",5,3
"i-063926cc434a25a4e",8.474108934,"1689.01ms","8.4469s",5,3
"i-063926cc434a25a4e",8.474171638,"1689.03ms","8.4468s",5,3
"i-063926cc434a25a4e",8.488613605,"1691.82ms","8.4618s",5,3
"i-063926cc434a25a4e",8.488713503,"1690.32ms","8.4619s",5,3
"i-063926cc434a25a4e",8.47838521,"1688.65ms","8.4506s",5,3
"i-063926cc434a25a4e",8.481026173,"1688.58ms","8.4515s",5,3
"i-063926cc434a25a4e",8.475164413,"1688.91ms","8.4482s",6,3
"i-063926cc434a25a4e",8.472833157,"1688.76ms","8.4468s",6,3
"i-063926cc434a25a4e",8.481078863,"1689.57ms","8.4553s",6,3
"i-063926cc434a25a4e",8.480396748,"1689.54ms","8.4542s",6,3
"i-063926cc434a25a4e",8.47755456,"1688.90ms","8.4510s",6,3
"i-063926cc434a25a4e",8.47919488,"1688.72ms","8.4526s",6,3
"i-063926cc434a25a4e",8.49306941,"1691.32ms","8.4666s",6,3
"i-063926cc434a25a4e",8.493317604,"1690.30ms","8.4670s",6,3
"i-063926cc434a25a4e",8.475738287,"1689.14ms","8.4490s",6,3
"i-063926cc434a25a4e",8.471504688,"1688.81ms","8.4459s",6,3
"i-063926cc434a25a4e",8.481581926,"1689.35ms","8.4555s",7,3
"i-063926cc434a25a4e",8.478475809,"1688.85ms","8.4526s",7,3
"i-063926cc434a25a4e",8.480537891,"1688.95ms","8.4535s",7,3
"i-063926cc434a25a4e",8.48473382,"1689.57ms","8.4587s",7,3
"i-063926cc434a25a4e",8.481970787,"1689.58ms","8.4559s",7,3
"i-063926cc434a25a4e",8.479234695,"1689.12ms","8.4523s",7,3
"i-063926cc434a25a4e",8.501887083,"1692.60ms","8.4786s",7,3
"i-063926cc434a25a4e",8.494399786,"1690.35ms","8.4674s",7,3
"i-063926cc434a25a4e",8.478444099,"1688.93ms","8.4524s",7,3
"i-063926cc434a25a4e",8.47984767,"1689.04ms","8.4547s",7,3
"i-063926cc434a25a4e",8.477080584,"1689.94ms","8.4499s",8,3
"i-063926cc434a25a4e",8.614845514,"1688.74ms","8.4502s",8,3
"i-063926cc434a25a4e",8.476278305,"1688.94ms","8.4472s",8,3
"i-063926cc434a25a4e",8.486391783,"1689.63ms","8.4588s",8,3
"i-063926cc434a25a4e",8.681678772,"1688.87ms","8.4489s",8,3
"i-063926cc434a25a4e",8.482312679,"1689.70ms","8.4557s",8,3
"i-063926cc434a25a4e",8.494898558,"1691.52ms","8.4683s",8,3
"i-063926cc434a25a4e",8.491882086,"1690.10ms","8.4645s",8,3
"i-063926cc434a25a4e",8.480481863,"1688.91ms","8.4544s",8,3
"i-063926cc434a25a4e",8.478707314,"1688.78ms","8.4512s",8,3
"i-063926cc434a25a4e",8.481218338,"1689.82ms","8.4563s",9,3
"i-063926cc434a25a4e",8.479285717,"1688.84ms","8.4514s",9,3
"i-063926cc434a25a4e",8.478798866,"1688.68ms","8.4516s",9,3
"i-063926cc434a25a4e",8.486482143,"1689.56ms","8.4574s",9,3
"i-063926cc434a25a4e",8.477154732,"1688.56ms","8.4510s",9,3
"i-063926cc434a25a4e",8.479150772,"1688.61ms","8.4521s",9,3
"i-063926cc434a25a4e",8.493304491,"1691.62ms","8.4660s",9,3
"i-063926cc434a25a4e",8.496070385,"1690.70ms","8.4680s",9,3
"i-063926cc434a25a4e",8.482120514,"1689.74ms","8.4552s",9,3
"i-063926cc434a25a4e",8.478554726,"1688.92ms","8.4519s",9,3
"i-063926cc434a25a4e",8.479327917,"1688.99ms","8.4535s",10,3
"i-063926cc434a25a4e",8.473990202,"1688.81ms","8.4484s",10,3
"i-063926cc434a25a4e",8.481519938,"1689.16ms","8.4553s",10,3
"i-063926cc434a25a4e",8.479965687,"1689.56ms","8.4545s",10,3
"i-063926cc434a25a4e",8.477321386,"1688.62ms","8.4518s",10,3
"i-063926cc434a25a4e",8.475950718,"1688.56ms","8.4507s",10,3
"i-063926cc434a25a4e",8.494715214,"1692.04ms","8.4679s",10,3
"i-063926cc434a25a4e",8.490575075,"1690.29ms","8.4643s",10,3
"i-063926cc434a25a4e",8.47863102,"1688.86ms","8.4526s",10,3
"i-063926cc434a25a4e",8.483542442,"1689.85ms","8.4576s",10,3
"i-063926cc434a25a4e",8.475539684,"1688.94ms","8.4497s",11,3
"i-063926cc434a25a4e",8.476297855,"1688.75ms","8.4489s",11,3
"i-063926cc434a25a4e",8.475751162,"1688.91ms","8.4469s",11,3
"i-063926cc434a25a4e",8.477949858,"1690.21ms","8.4515s",11,3
"i-063926cc434a25a4e",8.472170115,"1688.79ms","8.4458s",11,3
"i-063926cc434a25a4e",8.477020979,"1688.67ms","8.4507s",11,3
"i-063926cc434a25a4e",8.492295742,"1691.35ms","8.4662s",11,3
"i-063926cc434a25a4e",8.492582321,"1690.33ms","8.4666s",11,3
"i-063926cc434a25a4e",8.478668928,"1688.69ms","8.4520s",11,3
"i-063926cc434a25a4e",8.473587036,"1688.84ms","8.4478s",11,3
"i-063926cc434a25a4e",8.473005772,"1689.47ms","8.4475s",12,3
"i-063926cc434a25a4e",8.472311735,"1688.99ms","8.4465s",12,3
"i-063926cc434a25a4e",8.482145309,"1689.00ms","8.4560s",12,3
"i-063926cc434a25a4e",8.48101449,"1689.66ms","8.4555s",12,3
"i-063926cc434a25a4e",8.554126978,"1689.22ms","8.4504s",12,3
"i-063926cc434a25a4e",8.480210781,"1690.62ms","8.4537s",12,3
"i-063926cc434a25a4e",8.491688967,"1692.43ms","8.4652s",12,3
"i-063926cc434a25a4e",8.486281395,"1690.60ms","8.4586s",12,3
"i-063926cc434a25a4e",8.47039485,"1688.93ms","8.4455s",12,3
"i-063926cc434a25a4e",8.471091032,"1688.80ms","8.4450s",12,3
"i-063926cc434a25a4e",8.485489607,"1690.36ms","8.4576s",13,3
"i-063926cc434a25a4e",8.482702732,"1688.81ms","8.4536s",13,3
"i-063926cc434a25a4e",8.483632803,"1689.41ms","8.4568s",13,3
"i-063926cc434a25a4e",8.481140375,"1689.45ms","8.4530s",13,3
"i-063926cc434a25a4e",8.478782177,"1688.47ms","8.4510s",13,3
"i-063926cc434a25a4e",8.480038166,"1688.64ms","8.4526s",13,3
"i-063926cc434a25a4e",8.490015507,"1690.78ms","8.4639s",13,3
"i-063926cc434a25a4e",8.499197006,"1691.06ms","8.4709s",13,3
"i-063926cc434a25a4e",8.477546453,"1688.99ms","8.4480s",13,3
"i-063926cc434a25a4e",8.478035212,"1688.61ms","8.4517s",13,3
"i-063926cc434a25a4e",8.476530552,"1689.17ms","8.4506s",14,3
"i-063926cc434a25a4e",8.484289169,"1689.60ms","8.4578s",14,3
"i-063926cc434a25a4e",8.478573322,"1688.97ms","8.4521s",14,3
"i-063926cc434a25a4e",8.487095833,"1689.57ms","8.4599s",14,3
"i-063926cc434a25a4e",8.479729891,"1688.86ms","8.4520s",14,3
"i-063926cc434a25a4e",8.501578569,"1688.86ms","8.4495s",14,3
"i-063926cc434a25a4e",8.488969088,"1691.05ms","8.4610s",14,3
"i-063926cc434a25a4e",8.485970736,"1690.54ms","8.4581s",14,3
"i-063926cc434a25a4e",8.474211454,"1688.95ms","8.4466s",14,3
"i-063926cc434a25a4e",8.472779751,"1689.13ms","8.4462s",14,3
"i-063926cc434a25a4e",8.474717379,"1689.17ms","8.4477s",15,3
"i-063926cc434a25a4e",8.47473526,"1688.97ms","8.4470s",15,3
"i-063926cc434a25a4e",8.473253965,"1688.95ms","8.4462s",15,3
"i-063926cc434a25a4e",8.479781389,"1689.65ms","8.4515s",15,3
"i-063926cc434a25a4e",8.479423285,"1688.78ms","8.4527s",15,3
"i-063926cc434a25a4e",8.478714705,"1688.72ms","8.4514s",15,3
"i-063926cc434a25a4e",8.500191927,"1691.87ms","8.4698s",15,3
"i-063926cc434a25a4e",8.49164176,"1690.19ms","8.4644s",15,3
"i-063926cc434a25a4e",8.485474586,"1689.39ms","8.4583s",15,3
"i-063926cc434a25a4e",8.55686903,"1688.93ms","8.4526s",15,3
"i-063926cc434a25a4e",8.482366085,"1689.49ms","8.4564s",16,3
"i-063926cc434a25a4e",8.537527323,"1689.35ms","8.4490s",16,3
"i-063926cc434a25a4e",8.554209471,"1689.31ms","8.4506s",16,3
"i-063926cc434a25a4e",8.479691744,"1689.89ms","8.4508s",16,3
"i-063926cc434a25a4e",8.472689152,"1688.86ms","8.4465s",16,3
"i-063926cc434a25a4e",8.481427431,"1689.39ms","8.4553s",16,3
"i-063926cc434a25a4e",8.495333195,"1692.00ms","8.4700s",16,3
"i-063926cc434a25a4e",8.482693434,"1690.46ms","8.4565s",16,3
"i-063926cc434a25a4e",8.474638462,"1689.22ms","8.4480s",16,3
"i-063926cc434a25a4e",8.478080511,"1688.83ms","8.4522s",16,3
"i-0c140e6be3f64fbd8",8.488921404,"1688.77ms","8.4475s",4,4
"i-0c140e6be3f64fbd8",8.481798649,"1690.77ms","8.4550s",4,4
"i-0c140e6be3f64fbd8",8.474078655,"1688.83ms","8.4501s",4,4
"i-0c140e6be3f64fbd8",8.476588488,"1688.99ms","8.4536s",4,4
"i-0c140e6be3f64fbd8",8.475177526,"1689.49ms","8.4518s",4,4
"i-0c140e6be3f64fbd8",8.482409477,"1689.92ms","8.4569s",4,4
"i-0c140e6be3f64fbd8",8.479835033,"1689.65ms","8.4526s",4,4
"i-0c140e6be3f64fbd8",8.472219944,"1688.68ms","8.4457s",4,4
"i-0c140e6be3f64fbd8",8.477434635,"1689.42ms","8.4495s",4,4
"i-0c140e6be3f64fbd8",8.472331524,"1688.67ms","8.4457s",4,4
"i-0c140e6be3f64fbd8",8.478504419,"1689.70ms","8.4513s",5,4
"i-0c140e6be3f64fbd8",8.477104187,"1689.39ms","8.4511s",5,4
"i-0c140e6be3f64fbd8",8.476503372,"1689.76ms","8.4499s",5,4
"i-0c140e6be3f64fbd8",8.472246885,"1688.56ms","8.4454s",5,4
"i-0c140e6be3f64fbd8",8.476570606,"1689.52ms","8.4491s",5,4
"i-0c140e6be3f64fbd8",8.488349915,"1690.84ms","8.4566s",5,4
"i-0c140e6be3f64fbd8",8.480157375,"1690.53ms","8.4541s",5,4
"i-0c140e6be3f64fbd8",8.476519108,"1689.50ms","8.4495s",5,4
"i-0c140e6be3f64fbd8",8.479495287,"1689.46ms","8.4524s",5,4
"i-0c140e6be3f64fbd8",8.475707054,"1688.50ms","8.4511s",5,4
"i-0c140e6be3f64fbd8",8.497588873,"1690.01ms","8.4587s",6,4
"i-0c140e6be3f64fbd8",8.484608173,"1690.00ms","8.4589s",6,4
"i-0c140e6be3f64fbd8",8.473784447,"1689.28ms","8.4488s",6,4
"i-0c140e6be3f64fbd8",8.471706629,"1688.67ms","8.4466s",6,4
"i-0c140e6be3f64fbd8",8.48287797,"1690.76ms","8.4591s",6,4
"i-0c140e6be3f64fbd8",8.480687141,"1690.04ms","8.4524s",6,4
"i-0c140e6be3f64fbd8",8.471447468,"1688.72ms","8.4456s",6,4
"i-0c140e6be3f64fbd8",8.474913359,"1689.68ms","8.4498s",6,4
"i-0c140e6be3f64fbd8",8.480079174,"1690.23ms","8.4555s",6,4
"i-0c140e6be3f64fbd8",8.479282856,"1689.90ms","8.4535s",6,4
"i-0c140e6be3f64fbd8",8.483659029,"1689.68ms","8.4492s",7,4
"i-0c140e6be3f64fbd8",8.484453917,"1689.45ms","8.4544s",7,4
"i-0c140e6be3f64fbd8",8.477887154,"1689.15ms","8.4498s",7,4
"i-0c140e6be3f64fbd8",8.474340439,"1689.56ms","8.4487s",7,4
"i-0c140e6be3f64fbd8",8.478554726,"1689.95ms","8.4527s",7,4
"i-0c140e6be3f64fbd8",8.481800795,"1690.26ms","8.4562s",7,4
"i-0c140e6be3f64fbd8",8.528998137,"1689.40ms","8.4494s",7,4
"i-0c140e6be3f64fbd8",8.472982168,"1688.77ms","8.4473s",7,4
"i-0c140e6be3f64fbd8",8.477854729,"1689.39ms","8.4526s",7,4
"i-0c140e6be3f64fbd8",8.480477095,"1689.36ms","8.4558s",7,4
"i-0c140e6be3f64fbd8",8.477463722,"1690.35ms","8.4519s",8,4
"i-0c140e6be3f64fbd8",8.478301287,"1690.17ms","8.4534s",8,4
"i-0c140e6be3f64fbd8",8.477485418,"1688.94ms","8.4521s",8,4
"i-0c140e6be3f64fbd8",8.476845264,"1688.71ms","8.4518s",8,4
"i-0c140e6be3f64fbd8",8.481969357,"1689.64ms","8.4569s",8,4
"i-0c140e6be3f64fbd8",8.489346504,"1690.73ms","8.4640s",8,4
"i-0c140e6be3f64fbd8",8.478655338,"1689.36ms","8.4549s",8,4
"i-0c140e6be3f64fbd8",8.477126122,"1688.67ms","8.4518s",8,4
"i-0c140e6be3f64fbd8",8.481626272,"1689.34ms","8.4569s",8,4
"i-0c140e6be3f64fbd8",8.476028681,"1688.61ms","8.4508s",8,4
"i-0c140e6be3f64fbd8",8.488385677,"1688.66ms","8.4506s",9,4
"i-0c140e6be3f64fbd8",8.481913567,"1689.21ms","8.4555s",9,4
"i-0c140e6be3f64fbd8",8.48265481,"1688.83ms","8.4541s",9,4
"i-0c140e6be3f64fbd8",8.476523399,"1688.68ms","8.4504s",9,4
"i-0c140e6be3f64fbd8",8.478744745,"1689.57ms","8.4526s",9,4
"i-0c140e6be3f64fbd8",8.489648342,"1690.37ms","8.4631s",9,4
"i-0c140e6be3f64fbd8",8.483768225,"1689.82ms","8.4586s",9,4
"i-0c140e6be3f64fbd8",8.479933262,"1688.79ms","8.4534s",9,4
"i-0c140e6be3f64fbd8",8.481167078,"1689.32ms","8.4568s",9,4
"i-0c140e6be3f64fbd8",8.476800442,"1688.64ms","8.4514s",9,4
"i-0c140e6be3f64fbd8",8.48013258,"1689.41ms","8.4552s",10,4
"i-0c140e6be3f64fbd8",8.476414204,"1689.28ms","8.4522s",10,4
"i-0c140e6be3f64fbd8",8.478164911,"1689.24ms","8.4537s",10,4
"i-0c140e6be3f64fbd8",8.47661972,"1688.54ms","8.4512s",10,4
"i-0c140e6be3f64fbd8",8.480199099,"1689.49ms","8.4531s",10,4
"i-0c140e6be3f64fbd8",8.492742062,"1691.21ms","8.4671s",10,4
"i-0c140e6be3f64fbd8",8.474944115,"1688.81ms","8.4508s",10,4
"i-0c140e6be3f64fbd8",8.475466251,"1688.69ms","8.4513s",10,4
"i-0c140e6be3f64fbd8",8.483278036,"1690.11ms","8.4578s",10,4
"i-0c140e6be3f64fbd8",8.47702837,"1688.47ms","8.4510s",10,4
"i-0c140e6be3f64fbd8",8.477149725,"1688.65ms","8.4523s",11,4
"i-0c140e6be3f64fbd8",8.482387781,"1689.86ms","8.4588s",11,4
"i-0c140e6be3f64fbd8",8.481803656,"1689.52ms","8.4574s",11,4
"i-0c140e6be3f64fbd8",8.47470665,"1688.36ms","8.4507s",11,4
"i-0c140e6be3f64fbd8",8.477570534,"1689.23ms","8.4519s",11,4
"i-0c140e6be3f64fbd8",8.491082191,"1691.25ms","8.4668s",11,4
"i-0c140e6be3f64fbd8",8.477100849,"1688.70ms","8.4521s",11,4
"i-0c140e6be3f64fbd8",8.47424984,"1688.91ms","8.4493s",11,4
"i-0c140e6be3f64fbd8",8.47375083,"1689.47ms","8.4494s",11,4
"i-0c140e6be3f64fbd8",8.474126816,"1688.66ms","8.4484s",11,4
"i-0c140e6be3f64fbd8",8.472331047,"1688.90ms","8.4477s",12,4
"i-0c140e6be3f64fbd8",8.476104975,"1689.40ms","8.4509s",12,4
"i-0c140e6be3f64fbd8",8.473160505,"1689.45ms","8.4480s",12,4
"i-0c140e6be3f64fbd8",8.470806837,"1688.76ms","8.4450s",12,4
"i-0c140e6be3f64fbd8",8.480504274,"1690.76ms","8.4544s",12,4
"i-0c140e6be3f64fbd8",8.488368511,"1690.72ms","8.4641s",12,4
"i-0c140e6be3f64fbd8",8.471050501,"1689.06ms","8.4462s",12,4
"i-0c140e6be3f64fbd8",8.471933126,"1689.03ms","8.4467s",12,4
"i-0c140e6be3f64fbd8",8.473515272,"1689.31ms","8.4477s",12,4
"i-0c140e6be3f64fbd8",8.472588539,"1689.35ms","8.4480s",12,4
"i-0c140e6be3f64fbd8",8.476257086,"1688.99ms","8.4470s",13,4
"i-0c140e6be3f64fbd8",8.480457544,"1690.27ms","8.4546s",13,4
"i-0c140e6be3f64fbd8",8.483946562,"1689.34ms","8.4572s",13,4
"i-0c140e6be3f64fbd8",8.474379778,"1689.39ms","8.4481s",13,4
"i-0c140e6be3f64fbd8",8.476555824,"1689.81ms","8.4498s",13,4
"i-0c140e6be3f64fbd8",8.482650757,"1690.83ms","8.4563s",13,4
"i-0c140e6be3f64fbd8",8.47543478,"1689.81ms","8.4494s",13,4
"i-0c140e6be3f64fbd8",8.473049879,"1688.87ms","8.4451s",13,4
"i-0c140e6be3f64fbd8",8.520564079,"1689.43ms","8.4486s",13,4
"i-0c140e6be3f64fbd8",8.476968288,"1688.50ms","8.4496s",13,4
"i-0c140e6be3f64fbd8",8.476107359,"1688.93ms","8.4512s",14,4
"i-0c140e6be3f64fbd8",8.479040146,"1689.48ms","8.4517s",14,4
"i-0c140e6be3f64fbd8",8.480748415,"1689.22ms","8.4552s",14,4
"i-0c140e6be3f64fbd8",8.47599721,"1688.72ms","8.4508s",14,4
"i-0c140e6be3f64fbd8",8.483830452,"1689.73ms","8.4579s",14,4
"i-0c140e6be3f64fbd8",8.485691309,"1690.85ms","8.4601s",14,4
"i-0c140e6be3f64fbd8",8.477000237,"1688.85ms","8.4505s",14,4
"i-0c140e6be3f64fbd8",8.479808807,"1689.54ms","8.4550s",14,4
"i-0c140e6be3f64fbd8",8.482529879,"1690.06ms","8.4569s",14,4
"i-0c140e6be3f64fbd8",8.475210905,"1688.23ms","8.4498s",14,4
"i-0c140e6be3f64fbd8",8.485202312,"1689.94ms","8.4599s",15,4
"i-0c140e6be3f64fbd8",8.477854013,"1689.40ms","8.4528s",15,4
"i-0c140e6be3f64fbd8",8.48263526,"1689.65ms","8.4576s",15,4
"i-0c140e6be3f64fbd8",8.478053331,"1688.55ms","8.4522s",15,4
"i-0c140e6be3f64fbd8",8.47988987,"1689.42ms","8.4542s",15,4
"i-0c140e6be3f64fbd8",8.48393631,"1689.96ms","8.4581s",15,4
"i-0c140e6be3f64fbd8",8.477270126,"1689.49ms","8.4516s",15,4
"i-0c140e6be3f64fbd8",8.472085714,"1688.78ms","8.4461s",15,4
"i-0c140e6be3f64fbd8",8.47606349,"1689.76ms","8.4504s",15,4
"i-0c140e6be3f64fbd8",8.478933096,"1689.57ms","8.4500s",15,4
"i-0c140e6be3f64fbd8",8.476813078,"1689.68ms","8.4499s",16,4
"i-0c140e6be3f64fbd8",8.479362249,"1689.85ms","8.4526s",16,4
"i-0c140e6be3f64fbd8",8.476082087,"1689.52ms","8.4492s",16,4
"i-0c140e6be3f64fbd8",8.480633259,"1688.87ms","8.4448s",16,4
"i-0c140e6be3f64fbd8",8.478047609,"1689.38ms","8.4484s",16,4
"i-0c140e6be3f64fbd8",8.484501839,"1690.79ms","8.4567s",16,4
"i-0c140e6be3f64fbd8",8.474831343,"1688.74ms","8.4477s",16,4
"i-0c140e6be3f64fbd8",8.477154732,"1688.89ms","8.4486s",16,4
"i-0c140e6be3f64fbd8",8.476358175,"1689.59ms","8.4499s",16,4
"i-0c140e6be3f64fbd8",8.472937584,"1688.87ms","8.4463s",16,4
"i-0fde89abdb393ac5b",8.484569073,"1689.69ms","8.4499s",5,5
"i-0fde89abdb393ac5b",8.465569019,"1688.70ms","8.4448s",5,5
"i-0fde89abdb393ac5b",8.470511198,"1689.10ms","8.4532s",5,5
"i-0fde89abdb393ac5b",8.474663496,"1689.50ms","8.4561s",5,5
"i-0fde89abdb393ac5b",8.468156576,"1688.67ms","8.4491s",5,5
"i-0fde89abdb393ac5b",8.472464085,"1689.37ms","8.4497s",5,5
"i-0fde89abdb393ac5b",8.474972486,"1690.42ms","8.4545s",5,5
"i-0fde89abdb393ac5b",8.471236467,"1689.52ms","8.4489s",5,5
"i-0fde89abdb393ac5b",8.470001698,"1688.49ms","8.4500s",5,5
"i-0fde89abdb393ac5b",8.484500647,"1690.57ms","8.4645s",5,5
"i-0fde89abdb393ac5b",8.475429296,"1690.29ms","8.4548s",6,5
"i-0fde89abdb393ac5b",8.473385334,"1688.51ms","8.4517s",6,5
"i-0fde89abdb393ac5b",8.471033812,"1688.52ms","8.4511s",6,5
"i-0fde89abdb393ac5b",8.481437445,"1690.88ms","8.4619s",6,5
"i-0fde89abdb393ac5b",8.471730709,"1688.54ms","8.4509s",6,5
"i-0fde89abdb393ac5b",8.470932961,"1688.56ms","8.4516s",6,5
"i-0fde89abdb393ac5b",8.473200321,"1689.49ms","8.4531s",6,5
"i-0fde89abdb393ac5b",8.481581926,"1690.22ms","8.4611s",6,5
"i-0fde89abdb393ac5b",8.477253199,"1689.46ms","8.4567s",6,5
"i-0fde89abdb393ac5b",8.476991415,"1689.83ms","8.4564s",6,5
"i-0fde89abdb393ac5b",8.472541332,"1690.15ms","8.4510s",7,5
"i-0fde89abdb393ac5b",8.466615438,"1688.78ms","8.4463s",7,5
"i-0fde89abdb393ac5b",8.470653772,"1690.11ms","8.4510s",7,5
"i-0fde89abdb393ac5b",8.472934246,"1689.81ms","8.4522s",7,5
"i-0fde89abdb393ac5b",8.466184855,"1688.87ms","8.4454s",7,5
"i-0fde89abdb393ac5b",8.466349363,"1688.95ms","8.4456s",7,5
"i-0fde89abdb393ac5b",8.475343466,"1690.90ms","8.4555s",7,5
"i-0fde89abdb393ac5b",8.471320152,"1689.77ms","8.4506s",7,5
"i-0fde89abdb393ac5b",8.469357491,"1688.66ms","8.4497s",7,5
"i-0fde89abdb393ac5b",8.477585793,"1691.12ms","8.4569s",7,5
"i-0fde89abdb393ac5b",8.47928381,"1690.86ms","8.4565s",8,5
"i-0fde89abdb393ac5b",8.476614952,"1689.72ms","8.4544s",8,5
"i-0fde89abdb393ac5b",8.470748901,"1688.81ms","8.4492s",8,5
"i-0fde89abdb393ac5b",8.475094557,"1690.47ms","8.4536s",8,5
"i-0fde89abdb393ac5b",8.466927767,"1688.78ms","8.4464s",8,5
"i-0fde89abdb393ac5b",8.46801424,"1688.63ms","8.4482s",8,5
"i-0fde89abdb393ac5b",8.473997831,"1690.87ms","8.4549s",8,5
"i-0fde89abdb393ac5b",8.474430799,"1690.39ms","8.4530s",8,5
"i-0fde89abdb393ac5b",8.476804256,"1689.57ms","8.4566s",8,5
"i-0fde89abdb393ac5b",8.484538794,"1689.87ms","8.4640s",8,5
"i-0fde89abdb393ac5b",8.480766535,"1690.44ms","8.4605s",9,5
"i-0fde89abdb393ac5b",8.472058296,"1688.56ms","8.4514s",9,5
"i-0fde89abdb393ac5b",8.471670389,"1688.50ms","8.4512s",9,5
"i-0fde89abdb393ac5b",8.474148512,"1689.90ms","8.4540s",9,5
"i-0fde89abdb393ac5b",8.474036932,"1688.57ms","8.4514s",9,5
"i-0fde89abdb393ac5b",8.473854065,"1689.27ms","8.4535s",9,5
"i-0fde89abdb393ac5b",8.484507799,"1690.43ms","8.4600s",9,5
"i-0fde89abdb393ac5b",8.473588705,"1689.89ms","8.4514s",9,5
"i-0fde89abdb393ac5b",8.476328373,"1689.48ms","8.4561s",9,5
"i-0fde89abdb393ac5b",8.482685328,"1689.94ms","8.4623s",9,5
"i-0fde89abdb393ac5b",8.477942944,"1689.83ms","8.4584s",10,5
"i-0fde89abdb393ac5b",8.467109919,"1688.70ms","8.4462s",10,5
"i-0fde89abdb393ac5b",8.471908569,"1690.18ms","8.4514s",10,5
"i-0fde89abdb393ac5b",8.471411467,"1689.38ms","8.4508s",10,5
"i-0fde89abdb393ac5b",8.478077173,"1690.47ms","8.4572s",10,5
"i-0fde89abdb393ac5b",8.472521067,"1688.60ms","8.4518s",10,5
"i-0fde89abdb393ac5b",8.483827591,"1690.26ms","8.4639s",10,5
"i-0fde89abdb393ac5b",8.4775455,"1690.24ms","8.4570s",10,5
"i-0fde89abdb393ac5b",8.472923517,"1689.07ms","8.4523s",10,5
"i-0fde89abdb393ac5b",8.486251831,"1690.40ms","8.4649s",10,5
"i-0fde89abdb393ac5b",8.482373953,"1690.24ms","8.4612s",11,5
"i-0fde89abdb393ac5b",8.475927591,"1689.28ms","8.4543s",11,5
"i-0fde89abdb393ac5b",8.473036766,"1688.48ms","8.4500s",11,5
"i-0fde89abdb393ac5b",8.472913265,"1689.48ms","8.4508s",11,5
"i-0fde89abdb393ac5b",8.478791714,"1689.79ms","8.4571s",11,5
"i-0fde89abdb393ac5b",8.472161055,"1688.49ms","8.4509s",11,5
"i-0fde89abdb393ac5b",8.469964743,"1689.54ms","8.4499s",11,5
"i-0fde89abdb393ac5b",8.471555233,"1689.72ms","8.4500s",11,5
"i-0fde89abdb393ac5b",8.472619057,"1689.54ms","8.4519s",11,5
"i-0fde89abdb393ac5b",8.484463215,"1690.42ms","8.4641s",11,5
"i-0fde89abdb393ac5b",8.476644278,"1690.41ms","8.4554s",12,5
"i-0fde89abdb393ac5b",8.467392683,"1688.94ms","8.4468s",12,5
"i-0fde89abdb393ac5b",8.469423294,"1689.23ms","8.4475s",12,5
"i-0fde89abdb393ac5b",8.469359398,"1689.67ms","8.4489s",12,5
"i-0fde89abdb393ac5b",8.469517708,"1689.48ms","8.4485s",12,5
"i-0fde89abdb393ac5b",8.472175837,"1689.57ms","8.4518s",12,5
"i-0fde89abdb393ac5b",8.467479229,"1689.15ms","8.4462s",12,5
"i-0fde89abdb393ac5b",8.47762084,"1689.96ms","8.4548s",12,5
"i-0fde89abdb393ac5b",8.473240852,"1688.98ms","8.4528s",12,5
"i-0fde89abdb393ac5b",8.482919693,"1689.87ms","8.4621s",12,5
"i-0fde89abdb393ac5b",8.477686882,"1690.38ms","8.4571s",13,5
"i-0fde89abdb393ac5b",8.468865156,"1688.92ms","8.4480s",13,5
"i-0fde89abdb393ac5b",8.472596884,"1689.10ms","8.4513s",13,5
"i-0fde89abdb393ac5b",8.473348856,"1689.38ms","8.4531s",13,5
"i-0fde89abdb393ac5b",8.474005699,"1689.12ms","8.4522s",13,5
"i-0fde89abdb393ac5b",8.471886158,"1688.58ms","8.4505s",13,5
"i-0fde89abdb393ac5b",8.478064299,"1689.98ms","8.4571s",13,5
"i-0fde89abdb393ac5b",8.473164797,"1689.73ms","8.4526s",13,5
"i-0fde89abdb393ac5b",8.471087456,"1688.52ms","8.4509s",13,5
"i-0fde89abdb393ac5b",8.481966496,"1689.79ms","8.4613s",13,5
"i-0fde89abdb393ac5b",8.476762772,"1690.19ms","8.4565s",14,5
"i-0fde89abdb393ac5b",8.478608847,"1689.43ms","8.4567s",14,5
"i-0fde89abdb393ac5b",8.474579334,"1688.71ms","8.4527s",14,5
"i-0fde89abdb393ac5b",8.480039597,"1689.67ms","8.4594s",14,5
"i-0fde89abdb393ac5b",8.476295948,"1688.99ms","8.4558s",14,5
"i-0fde89abdb393ac5b",8.473607779,"1688.59ms","8.4519s",14,5
"i-0fde89abdb393ac5b",8.480249405,"1690.00ms","8.4575s",14,5
"i-0fde89abdb393ac5b",8.477479458,"1689.67ms","8.4551s",14,5
"i-0fde89abdb393ac5b",8.473474979,"1688.69ms","8.4518s",14,5
"i-0fde89abdb393ac5b",8.48203516,"1691.06ms","8.4608s",14,5
"i-0fde89abdb393ac5b",8.474326134,"1690.03ms","8.4533s",15,5
"i-0fde89abdb393ac5b",8.478696823,"1688.67ms","8.4572s",15,5
"i-0fde89abdb393ac5b",8.454375505,"1684.87ms","8.4336s",15,5
"i-0fde89abdb393ac5b",8.469162464,"1689.43ms","8.4475s",15,5
"i-0fde89abdb393ac5b",8.468904972,"1689.17ms","8.4467s",15,5
"i-0fde89abdb393ac5b",8.468800306,"1688.74ms","8.4479s",15,5
"i-0fde89abdb393ac5b",8.47035861,"1689.88ms","8.4508s",15,5
"i-0fde89abdb393ac5b",8.477068424,"1690.61ms","8.4570s",15,5
"i-0fde89abdb393ac5b",8.471978426,"1689.93ms","8.4511s",15,5
"i-0fde89abdb393ac5b",8.474598646,"1690.12ms","8.4539s",15,5
"i-0fde89abdb393ac5b",8.474441767,"1690.00ms","8.4547s",16,5
"i-0fde89abdb393ac5b",8.474006176,"1688.79ms","8.4529s",16,5
"i-0fde89abdb393ac5b",8.479538918,"1689.62ms","8.4577s",16,5
"i-0fde89abdb393ac5b",8.474730968,"1689.39ms","8.4532s",16,5
"i-0fde89abdb393ac5b",8.477709532,"1689.25ms","8.4563s",16,5
"i-0fde89abdb393ac5b",8.474606037,"1689.54ms","8.4508s",16,5
"i-0fde89abdb393ac5b",8.467331648,"1688.91ms","8.4461s",16,5
"i-0fde89abdb393ac5b",8.480424881,"1690.02ms","8.4562s",16,5
"i-0fde89abdb393ac5b",8.471993208,"1688.42ms","8.4512s",16,5
"i-0fde89abdb393ac5b",8.49019146,"1689.74ms","8.4637s",16,5
"i-07e204e253ea21dfc",8.511612415,"1688.59ms","8.4508s",6,6
"i-07e204e253ea21dfc",8.488031149,"1691.34ms","8.4607s",6,6
"i-07e204e253ea21dfc",8.472783089,"1688.64ms","8.4479s",6,6
"i-07e204e253ea21dfc",8.470016241,"1688.62ms","8.4463s",6,6
"i-07e204e253ea21dfc",8.483389139,"1689.89ms","8.4596s",6,6
"i-07e204e253ea21dfc",8.478468657,"1690.11ms","8.4515s",6,6
"i-07e204e253ea21dfc",8.470788956,"1688.85ms","8.4459s",6,6
"i-07e204e253ea21dfc",8.474063635,"1688.85ms","8.4477s",6,6
"i-07e204e253ea21dfc",8.477802753,"1690.20ms","8.4524s",6,6
"i-07e204e253ea21dfc",8.476563931,"1689.75ms","8.4510s",6,6
"i-07e204e253ea21dfc",8.483910799,"1689.49ms","8.4551s",7,6
"i-07e204e253ea21dfc",8.480711937,"1690.43ms","8.4546s",7,6
"i-07e204e253ea21dfc",8.471374273,"1688.99ms","8.4451s",7,6
"i-07e204e253ea21dfc",8.474571943,"1689.38ms","8.4496s",7,6
"i-07e204e253ea21dfc",8.48066473,"1690.38ms","8.4540s",7,6
"i-07e204e253ea21dfc",8.479986668,"1690.07ms","8.4545s",7,6
"i-07e204e253ea21dfc",8.477593184,"1690.12ms","8.4516s",7,6
"i-07e204e253ea21dfc",8.473073244,"1688.95ms","8.4466s",7,6
"i-07e204e253ea21dfc",8.483626604,"1690.07ms","8.4579s",7,6
"i-07e204e253ea21dfc",8.473836422,"1688.81ms","8.4494s",7,6
"i-07e204e253ea21dfc",8.475969315,"1688.69ms","8.4494s",8,6
"i-07e204e253ea21dfc",8.483537436,"1689.55ms","8.4584s",8,6
"i-07e204e253ea21dfc",8.477420807,"1688.47ms","8.4505s",8,6
"i-07e204e253ea21dfc",8.48008585,"1689.50ms","8.4543s",8,6
"i-07e204e253ea21dfc",8.478773117,"1690.01ms","8.4530s",8,6
"i-07e204e253ea21dfc",8.493303299,"1690.49ms","8.4674s",8,6
"i-07e204e253ea21dfc",8.482919216,"1690.22ms","8.4559s",8,6
"i-07e204e253ea21dfc",8.48197937,"1689.14ms","8.4472s",8,6
"i-07e204e253ea21dfc",8.476581335,"1689.53ms","8.4511s",8,6
"i-07e204e253ea21dfc",8.470190287,"1688.67ms","8.4446s",8,6
"i-07e204e253ea21dfc",8.489235401,"1688.72ms","8.4455s",9,6
"i-07e204e253ea21dfc",8.477313042,"1689.87ms","8.4515s",9,6
"i-07e204e253ea21dfc",8.471336842,"1688.78ms","8.4453s",9,6
"i-07e204e253ea21dfc",8.472288132,"1688.94ms","8.4454s",9,6
"i-07e204e253ea21dfc",8.476454973,"1690.01ms","8.4505s",9,6
"i-07e204e253ea21dfc",8.478523254,"1690.33ms","8.4521s",9,6
"i-07e204e253ea21dfc",8.477481604,"1690.27ms","8.4517s",9,6
"i-07e204e253ea21dfc",8.473963499,"1689.17ms","8.4477s",9,6
"i-07e204e253ea21dfc",8.480579138,"1690.69ms","8.4561s",9,6
"i-07e204e253ea21dfc",8.470153809,"1688.89ms","8.4452s",9,6
"i-07e204e253ea21dfc",8.478990316,"1689.60ms","8.4516s",10,6
"i-07e204e253ea21dfc",8.480525494,"1689.52ms","8.4515s",10,6
"i-07e204e253ea21dfc",8.473066807,"1689.43ms","8.4480s",10,6
"i-07e204e253ea21dfc",8.474970102,"1689.60ms","8.4502s",10,6
"i-07e204e253ea21dfc",8.480901003,"1690.13ms","8.4546s",10,6
"i-07e204e253ea21dfc",8.48597765,"1690.76ms","8.4586s",10,6
"i-07e204e253ea21dfc",8.472006798,"1688.93ms","8.4458s",10,6
"i-07e204e253ea21dfc",8.475466728,"1689.56ms","8.4489s",10,6
"i-07e204e253ea21dfc",8.583509445,"1689.25ms","8.4491s",10,6
"i-07e204e253ea21dfc",8.475365639,"1688.59ms","8.4447s",10,6
"i-07e204e253ea21dfc",8.476679087,"1688.40ms","8.4511s",11,6
"i-07e204e253ea21dfc",8.480504036,"1689.91ms","8.4547s",11,6
"i-07e204e253ea21dfc",8.483563662,"1689.58ms","8.4573s",11,6
"i-07e204e253ea21dfc",8.476247311,"1688.43ms","8.4509s",11,6
"i-07e204e253ea21dfc",8.482114553,"1689.75ms","8.4565s",11,6
"i-07e204e253ea21dfc",8.4898808,"1689.80ms","8.4628s",11,6
"i-07e204e253ea21dfc",8.480431557,"1689.33ms","8.4555s",11,6
"i-07e204e253ea21dfc",8.489996672,"1688.65ms","8.4527s",11,6
"i-07e204e253ea21dfc",8.484023571,"1689.86ms","8.4559s",11,6
"i-07e204e253ea21dfc",8.475767851,"1688.40ms","8.4503s",11,6
"i-07e204e253ea21dfc",8.476143122,"1688.99ms","8.4492s",12,6
"i-07e204e253ea21dfc",8.494556189,"1689.33ms","8.4520s",12,6
"i-07e204e253ea21dfc",8.484377384,"1689.21ms","8.4572s",12,6
"i-07e204e253ea21dfc",8.480911732,"1688.61ms","8.4519s",12,6
"i-07e204e253ea21dfc",8.491014481,"1690.81ms","8.4618s",12,6
"i-07e204e253ea21dfc",8.490603924,"1689.99ms","8.4640s",12,6
"i-07e204e253ea21dfc",8.479372025,"1689.01ms","8.4539s",12,6
"i-07e204e253ea21dfc",8.481615305,"1688.81ms","8.4530s",12,6
"i-07e204e253ea21dfc",8.474897623,"1689.45ms","8.4489s",12,6
"i-07e204e253ea21dfc",8.53094101,"1689.40ms","8.4513s",12,6
"i-07e204e253ea21dfc",8.478904247,"1688.89ms","8.4481s",13,6
"i-07e204e253ea21dfc",8.484488726,"1690.25ms","8.4582s",13,6
"i-07e204e253ea21dfc",8.486514568,"1689.28ms","8.4556s",13,6
"i-07e204e253ea21dfc",8.475949287,"1688.71ms","8.4499s",13,6
"i-07e204e253ea21dfc",8.49237299,"1691.77ms","8.4647s",13,6
"i-07e204e253ea21dfc",8.488884211,"1689.88ms","8.4621s",13,6
"i-07e204e253ea21dfc",8.47231555,"1689.02ms","8.4461s",13,6
"i-07e204e253ea21dfc",8.474411011,"1688.94ms","8.4473s",13,6
"i-07e204e253ea21dfc",8.476607561,"1689.34ms","8.4474s",13,6
"i-07e204e253ea21dfc",8.472450256,"1688.70ms","8.4468s",13,6
"i-07e204e253ea21dfc",8.492184877,"1689.50ms","8.4529s",14,6
"i-07e204e253ea21dfc",8.481113911,"1689.18ms","8.4551s",14,6
"i-07e204e253ea21dfc",8.481606483,"1688.96ms","8.4552s",14,6
"i-07e204e253ea21dfc",8.47679162,"1688.81ms","8.4512s",14,6
"i-07e204e253ea21dfc",8.480580091,"1690.48ms","8.4552s",14,6
"i-07e204e253ea21dfc",8.488009453,"1689.69ms","8.4626s",14,6
"i-07e204e253ea21dfc",8.482551575,"1689.72ms","8.4569s",14,6
"i-07e204e253ea21dfc",8.481730461,"1689.51ms","8.4556s",14,6
"i-07e204e253ea21dfc",8.481404305,"1689.25ms","8.4527s",14,6
"i-07e204e253ea21dfc",8.475686312,"1688.69ms","8.4502s",14,6
"i-07e204e253ea21dfc",8.487338066,"1689.89ms","8.4585s",15,6
"i-07e204e253ea21dfc",8.486067533,"1689.30ms","8.4567s",15,6
"i-07e204e253ea21dfc",8.485785007,"1688.93ms","8.4545s",15,6
"i-07e204e253ea21dfc",8.479356766,"1688.53ms","8.4511s",15,6
"i-07e204e253ea21dfc",8.484969139,"1690.23ms","8.4564s",15,6
"i-07e204e253ea21dfc",8.562097549,"1690.56ms","8.4667s",15,6
"i-07e204e253ea21dfc",8.479328156,"1688.71ms","8.4516s",15,6
"i-07e204e253ea21dfc",8.472377062,"1688.80ms","8.4452s",15,6
"i-07e204e253ea21dfc",8.485520363,"1690.53ms","8.4532s",15,6
"i-07e204e253ea21dfc",8.474615574,"1688.96ms","8.4469s",15,6
"i-07e204e253ea21dfc",8.498505831,"1688.67ms","8.4457s",16,6
"i-07e204e253ea21dfc",8.483391523,"1689.76ms","8.4549s",16,6
"i-07e204e253ea21dfc",8.47811985,"1689.42ms","8.4513s",16,6
"i-07e204e253ea21dfc",8.475030422,"1688.84ms","8.4495s",16,6
"i-07e204e253ea21dfc",8.476147413,"1689.86ms","8.4518s",16,6
"i-07e204e253ea21dfc",8.488101244,"1689.73ms","8.4626s",16,6
"i-07e204e253ea21dfc",8.477618694,"1688.70ms","8.4525s",16,6
"i-07e204e253ea21dfc",8.480424881,"1688.72ms","8.4525s",16,6
"i-07e204e253ea21dfc",8.483683109,"1689.55ms","8.4575s",16,6
"i-07e204e253ea21dfc",8.476886511,"1688.67ms","8.4507s",16,6
"i-0afdab38e86a33494",8.498222113,"1690.71ms","8.4554s",7,7
"i-0afdab38e86a33494",8.469317198,"1689.77ms","8.4503s",7,7
"i-0afdab38e86a33494",8.471287966,"1688.95ms","8.4527s",7,7
"i-0afdab38e86a33494",8.474811316,"1689.70ms","8.4554s",7,7
"i-0afdab38e86a33494",8.473732471,"1688.87ms","8.4542s",7,7
"i-0afdab38e86a33494",8.484473467,"1691.04ms","8.4628s",7,7
"i-0afdab38e86a33494",8.474052668,"1689.99ms","8.4521s",7,7
"i-0afdab38e86a33494",8.49094224,"1691.98ms","8.4713s",7,7
"i-0afdab38e86a33494",8.476521969,"1690.30ms","8.4564s",7,7
"i-0afdab38e86a33494",8.473953009,"1690.54ms","8.4548s",7,7
"i-0afdab38e86a33494",8.483705282,"1691.44ms","8.4631s",8,7
"i-0afdab38e86a33494",8.471584797,"1688.78ms","8.4522s",8,7
"i-0afdab38e86a33494",8.474026918,"1688.90ms","8.4535s",8,7
"i-0afdab38e86a33494",8.476058245,"1689.86ms","8.4565s",8,7
"i-0afdab38e86a33494",8.47439456,"1689.04ms","8.4543s",8,7
"i-0afdab38e86a33494",8.476662397,"1689.14ms","8.4574s",8,7
"i-0afdab38e86a33494",8.477597237,"1689.89ms","8.4580s",8,7
"i-0afdab38e86a33494",8.489660978,"1692.31ms","8.4699s",8,7
"i-0afdab38e86a33494",8.474521875,"1689.29ms","8.4549s",8,7
"i-0afdab38e86a33494",8.475850821,"1689.60ms","8.4555s",8,7
"i-0afdab38e86a33494",8.482942104,"1692.12ms","8.4625s",9,7
"i-0afdab38e86a33494",8.473591328,"1688.63ms","8.4529s",9,7
"i-0afdab38e86a33494",8.472762108,"1688.60ms","8.4531s",9,7
"i-0afdab38e86a33494",8.476533175,"1689.67ms","8.4559s",9,7
"i-0afdab38e86a33494",8.474266052,"1688.66ms","8.4531s",9,7
"i-0afdab38e86a33494",8.481589317,"1689.90ms","8.4606s",9,7
"i-0afdab38e86a33494",8.481041908,"1689.57ms","8.4597s",9,7
"i-0afdab38e86a33494",8.49666357,"1693.25ms","8.4749s",9,7
"i-0afdab38e86a33494",8.478873253,"1689.87ms","8.4577s",9,7
"i-0afdab38e86a33494",8.479466677,"1690.17ms","8.4590s",9,7
"i-0afdab38e86a33494",8.478132963,"1690.58ms","8.4556s",10,7
"i-0afdab38e86a33494",8.468838692,"1689.00ms","8.4478s",10,7
"i-0afdab38e86a33494",8.472242117,"1689.52ms","8.4508s",10,7
"i-0afdab38e86a33494",8.478466988,"1690.69ms","8.4572s",10,7
"i-0afdab38e86a33494",8.474568605,"1688.78ms","8.4532s",10,7
"i-0afdab38e86a33494",8.478064537,"1689.12ms","8.4566s",10,7
"i-0afdab38e86a33494",8.472519159,"1689.31ms","8.4511s",10,7
"i-0afdab38e86a33494",8.482155085,"1691.64ms","8.4596s",10,7
"i-0afdab38e86a33494",8.470314741,"1689.25ms","8.4498s",10,7
"i-0afdab38e86a33494",8.468803644,"1688.97ms","8.4481s",10,7
"i-0afdab38e86a33494",8.485496283,"1691.76ms","8.4657s",11,7
"i-0afdab38e86a33494",8.471396446,"1688.88ms","8.4521s",11,7
"i-0afdab38e86a33494",8.471567154,"1688.93ms","8.4516s",11,7
"i-0afdab38e86a33494",8.473130703,"1689.69ms","8.4523s",11,7
"i-0afdab38e86a33494",8.477698565,"1689.48ms","8.4567s",11,7
"i-0afdab38e86a33494",8.477844477,"1689.16ms","8.4570s",11,7
"i-0afdab38e86a33494",8.474313974,"1689.09ms","8.4546s",11,7
"i-0afdab38e86a33494",8.479098797,"1690.65ms","8.4594s",11,7
"i-0afdab38e86a33494",8.480385065,"1690.37ms","8.4603s",11,7
"i-0afdab38e86a33494",8.473853111,"1688.79ms","8.4536s",11,7
"i-0afdab38e86a33494",8.484693527,"1691.27ms","8.4642s",12,7
"i-0afdab38e86a33494",8.467028856,"1689.18ms","8.4469s",12,7
"i-0afdab38e86a33494",8.469782114,"1689.60ms","8.4502s",12,7
"i-0afdab38e86a33494",8.473338366,"1690.04ms","8.4533s",12,7
"i-0afdab38e86a33494",8.476632357,"1689.65ms","8.4556s",12,7
"i-0afdab38e86a33494",8.466858387,"1688.06ms","8.4434s",12,7
"i-0afdab38e86a33494",8.481401205,"1691.01ms","8.4605s",12,7
"i-0afdab38e86a33494",8.480109215,"1690.79ms","8.4589s",12,7
"i-0afdab38e86a33494",8.476945877,"1690.35ms","8.4563s",12,7
"i-0afdab38e86a33494",8.468110323,"1689.08ms","8.4469s",12,7
"i-0afdab38e86a33494",8.484336853,"1692.01ms","8.4645s",13,7
"i-0afdab38e86a33494",8.473901272,"1689.50ms","8.4537s",13,7
"i-0afdab38e86a33494",8.477170706,"1689.64ms","8.4567s",13,7
"i-0afdab38e86a33494",8.477185488,"1689.83ms","8.4531s",13,7
"i-0afdab38e86a33494",8.471719027,"1688.92ms","8.4513s",13,7
"i-0afdab38e86a33494",8.478113413,"1689.29ms","8.4577s",13,7
"i-0afdab38e86a33494",8.475927114,"1689.30ms","8.4549s",13,7
"i-0afdab38e86a33494",8.486566067,"1692.48ms","8.4661s",13,7
"i-0afdab38e86a33494",8.488393307,"1690.72ms","8.4678s",13,7
"i-0afdab38e86a33494",8.472960711,"1688.95ms","8.4535s",13,7
"i-0afdab38e86a33494",8.478543758,"1690.50ms","8.4585s",14,7
"i-0afdab38e86a33494",8.474517107,"1690.52ms","8.4543s",14,7
"i-0afdab38e86a33494",8.478747606,"1689.51ms","8.4579s",14,7
"i-0afdab38e86a33494",8.480550051,"1691.20ms","8.4596s",14,7
"i-0afdab38e86a33494",8.475510597,"1688.87ms","8.4540s",14,7
"i-0afdab38e86a33494",8.477281332,"1689.26ms","8.4567s",14,7
"i-0afdab38e86a33494",8.475661278,"1689.23ms","8.4555s",14,7
"i-0afdab38e86a33494",8.482078791,"1691.01ms","8.4582s",14,7
"i-0afdab38e86a33494",8.487498999,"1690.11ms","8.4661s",14,7
"i-0afdab38e86a33494",8.482546806,"1690.06ms","8.4611s",14,7
"i-0afdab38e86a33494",8.47973752,"1690.56ms","8.4576s",15,7
"i-0afdab38e86a33494",8.478610277,"1689.13ms","8.4592s",15,7
"i-0afdab38e86a33494",8.472046375,"1688.88ms","8.4532s",15,7
"i-0afdab38e86a33494",8.480979919,"1690.57ms","8.4606s",15,7
"i-0afdab38e86a33494",8.474727869,"1688.83ms","8.4544s",15,7
"i-0afdab38e86a33494",8.478556871,"1689.08ms","8.4568s",15,7
"i-0afdab38e86a33494",8.477525234,"1689.26ms","8.4564s",15,7
"i-0afdab38e86a33494",8.480710983,"1691.63ms","8.4590s",15,7
"i-0afdab38e86a33494",8.4811306,"1691.13ms","8.4600s",15,7
"i-0afdab38e86a33494",8.46937871,"1689.48ms","8.4479s",15,7
"i-0afdab38e86a33494",8.48770833,"1692.13ms","8.4669s",16,7
"i-0afdab38e86a33494",8.477652073,"1689.30ms","8.4569s",16,7
"i-0afdab38e86a33494",8.47977972,"1689.35ms","8.4581s",16,7
"i-0afdab38e86a33494",8.472385168,"1690.00ms","8.4535s",16,7
"i-0afdab38e86a33494",8.475285769,"1688.94ms","8.4545s",16,7
"i-0afdab38e86a33494",8.480258465,"1690.18ms","8.4603s",16,7
"i-0afdab38e86a33494",8.472737312,"1689.28ms","8.4517s",16,7
"i-0afdab38e86a33494",8.475176573,"1690.85ms","8.4547s",16,7
"i-0afdab38e86a33494",8.488656282,"1690.62ms","8.4685s",16,7
"i-0afdab38e86a33494",8.473697186,"1689.04ms","8.4520s",16,7
"i-05466d2ecb8f172ce",8.508225441,"1688.97ms","8.4517s",8,8
"i-05466d2ecb8f172ce",8.471027613,"1688.88ms","8.4487s",8,8
"i-05466d2ecb8f172ce",8.47209549,"1689.78ms","8.4503s",8,8
"i-05466d2ecb8f172ce",8.472735167,"1690.26ms","8.4516s",8,8
"i-05466d2ecb8f172ce",8.47291398,"1688.84ms","8.4513s",8,8
"i-05466d2ecb8f172ce",8.470298529,"1689.32ms","8.4479s",8,8
"i-05466d2ecb8f172ce",8.484464407,"1690.92ms","8.4621s",8,8
"i-05466d2ecb8f172ce",8.471139669,"1689.02ms","8.4478s",8,8
"i-05466d2ecb8f172ce",8.469113111,"1689.17ms","8.4462s",8,8
"i-05466d2ecb8f172ce",8.478585005,"1690.56ms","8.4530s",8,8
"i-05466d2ecb8f172ce",8.469327688,"1688.83ms","8.4471s",9,8
"i-05466d2ecb8f172ce",8.477515221,"1690.31ms","8.4547s",9,8
"i-05466d2ecb8f172ce",8.479758024,"1689.49ms","8.4569s",9,8
"i-05466d2ecb8f172ce",8.482363939,"1689.08ms","8.4571s",9,8
"i-05466d2ecb8f172ce",8.480365276,"1689.49ms","8.4558s",9,8
"i-05466d2ecb8f172ce",8.476142406,"1688.86ms","8.4512s",9,8
"i-05466d2ecb8f172ce",8.494001865,"1691.53ms","8.4693s",9,8
"i-05466d2ecb8f172ce",8.482585192,"1690.44ms","8.4585s",9,8
"i-05466d2ecb8f172ce",8.478235722,"1688.69ms","8.4523s",9,8
"i-05466d2ecb8f172ce",8.475847006,"1689.67ms","8.4527s",9,8
"i-05466d2ecb8f172ce",8.476714134,"1688.89ms","8.4527s",10,8
"i-05466d2ecb8f172ce",8.480445385,"1689.45ms","8.4574s",10,8
"i-05466d2ecb8f172ce",8.487227917,"1690.33ms","8.4640s",10,8
"i-05466d2ecb8f172ce",8.48416996,"1689.21ms","8.4559s",10,8
"i-05466d2ecb8f172ce",8.484761953,"1689.52ms","8.4571s",10,8
"i-05466d2ecb8f172ce",8.478686571,"1689.32ms","8.4545s",10,8
"i-05466d2ecb8f172ce",8.496072531,"1691.73ms","8.4723s",10,8
"i-05466d2ecb8f172ce",8.477229357,"1689.09ms","8.4520s",10,8
"i-05466d2ecb8f172ce",8.474268675,"1689.08ms","8.4507s",10,8
"i-05466d2ecb8f172ce",8.473856211,"1690.15ms","8.4515s",10,8
"i-05466d2ecb8f172ce",8.474695683,"1688.75ms","8.4520s",11,8
"i-05466d2ecb8f172ce",8.475438833,"1688.71ms","8.4522s",11,8
"i-05466d2ecb8f172ce",8.480784893,"1689.39ms","8.4561s",11,8
"i-05466d2ecb8f172ce",8.479438543,"1689.09ms","8.4548s",11,8
"i-05466d2ecb8f172ce",8.476318359,"1688.88ms","8.4525s",11,8
"i-05466d2ecb8f172ce",8.476618767,"1689.30ms","8.4531s",11,8
"i-05466d2ecb8f172ce",8.484130383,"1690.94ms","8.4603s",11,8
"i-05466d2ecb8f172ce",8.487908602,"1691.16ms","8.4648s",11,8
"i-05466d2ecb8f172ce",8.474900723,"1688.71ms","8.4512s",11,8
"i-05466d2ecb8f172ce",8.475991011,"1689.53ms","8.4532s",11,8
"i-05466d2ecb8f172ce",8.47243166,"1689.39ms","8.4492s",12,8
"i-05466d2ecb8f172ce",8.468878984,"1689.09ms","8.4457s",12,8
"i-05466d2ecb8f172ce",8.4828372,"1690.66ms","8.4566s",12,8
"i-05466d2ecb8f172ce",8.480534315,"1689.40ms","8.4576s",12,8
"i-05466d2ecb8f172ce",8.480040312,"1688.92ms","8.4547s",12,8
"i-05466d2ecb8f172ce",8.4794209,"1690.04ms","8.4577s",12,8
"i-05466d2ecb8f172ce",8.484620094,"1690.06ms","8.4606s",12,8
"i-05466d2ecb8f172ce",8.495682716,"1691.54ms","8.4723s",12,8
"i-05466d2ecb8f172ce",8.472434759,"1689.16ms","8.4496s",12,8
"i-05466d2ecb8f172ce",8.473022938,"1689.65ms","8.4484s",12,8
"i-05466d2ecb8f172ce",8.469615459,"1688.95ms","8.4485s",13,8
"i-05466d2ecb8f172ce",8.474053144,"1689.80ms","8.4519s",13,8
"i-05466d2ecb8f172ce",8.476603985,"1690.18ms","8.4532s",13,8
"i-05466d2ecb8f172ce",8.474122047,"1689.27ms","8.4515s",13,8
"i-05466d2ecb8f172ce",8.473628283,"1688.74ms","8.4516s",13,8
"i-05466d2ecb8f172ce",8.475254536,"1688.76ms","8.4527s",13,8
"i-05466d2ecb8f172ce",8.484130383,"1689.81ms","8.4598s",13,8
"i-05466d2ecb8f172ce",8.489667654,"1690.07ms","8.4644s",13,8
"i-05466d2ecb8f172ce",8.473043203,"1688.81ms","8.4508s",13,8
"i-05466d2ecb8f172ce",8.477208853,"1689.64ms","8.4548s",13,8
"i-05466d2ecb8f172ce",8.469259739,"1689.02ms","8.4470s",14,8
"i-05466d2ecb8f172ce",8.481767178,"1690.29ms","8.4589s",14,8
"i-05466d2ecb8f172ce",8.477010489,"1690.52ms","8.4553s",14,8
"i-05466d2ecb8f172ce",8.472875595,"1689.63ms","8.4501s",14,8
"i-05466d2ecb8f172ce",8.476990938,"1689.61ms","8.4553s",14,8
"i-05466d2ecb8f172ce",8.473674536,"1688.89ms","8.4513s",14,8
"i-05466d2ecb8f172ce",8.486481428,"1689.81ms","8.4581s",14,8
"i-05466d2ecb8f172ce",8.486895561,"1690.25ms","8.4640s",14,8
"i-05466d2ecb8f172ce",8.474306345,"1688.75ms","8.4522s",14,8
"i-05466d2ecb8f172ce",8.476679325,"1689.55ms","8.4535s",14,8
"i-05466d2ecb8f172ce",8.476832151,"1688.99ms","8.4534s",15,8
"i-05466d2ecb8f172ce",8.475905418,"1688.82ms","8.4536s",15,8
"i-05466d2ecb8f172ce",8.481997252,"1690.81ms","8.4596s",15,8
"i-05466d2ecb8f172ce",8.480038881,"1689.32ms","8.4578s",15,8
"i-05466d2ecb8f172ce",8.476027727,"1688.78ms","8.4532s",15,8
"i-05466d2ecb8f172ce",8.472112417,"1689.19ms","8.4496s",15,8
"i-05466d2ecb8f172ce",8.48319149,"1690.71ms","8.4553s",15,8
"i-05466d2ecb8f172ce",8.48023963,"1690.45ms","8.4572s",15,8
"i-05466d2ecb8f172ce",8.47043705,"1689.57ms","8.4486s",15,8
"i-05466d2ecb8f172ce",8.473746777,"1689.82ms","8.4510s",15,8
"i-05466d2ecb8f172ce",8.473153591,"1689.02ms","8.4505s",16,8
"i-05466d2ecb8f172ce",8.478975058,"1689.11ms","8.4544s",16,8
"i-05466d2ecb8f172ce",8.478674889,"1689.98ms","8.4537s",16,8
"i-05466d2ecb8f172ce",8.47463131,"1689.42ms","8.4478s",16,8
"i-05466d2ecb8f172ce",8.469488144,"1688.98ms","8.4450s",16,8
"i-05466d2ecb8f172ce",8.473667383,"1689.43ms","8.4498s",16,8
"i-05466d2ecb8f172ce",8.478556395,"1690.02ms","8.4534s",16,8
"i-05466d2ecb8f172ce",8.48110652,"1690.36ms","8.4569s",16,8
"i-05466d2ecb8f172ce",8.471918344,"1689.16ms","8.4491s",16,8
"i-05466d2ecb8f172ce",8.478758335,"1690.37ms","8.4547s",16,8
"i-008aa216226f36fe1",8.504313946,"1691.51ms","8.4622s",9,9
"i-008aa216226f36fe1",8.473305702,"1688.70ms","8.4484s",9,9
"i-008aa216226f36fe1",8.47571373,"1689.51ms","8.4502s",9,9
"i-008aa216226f36fe1",8.480047703,"1689.50ms","8.4541s",9,9
"i-008aa216226f36fe1",8.476964235,"1688.53ms","8.4512s",9,9
"i-008aa216226f36fe1",8.478821039,"1689.56ms","8.4542s",9,9
"i-008aa216226f36fe1",8.4836936,"1689.94ms","8.4554s",9,9
"i-008aa216226f36fe1",8.480442047,"1690.27ms","8.4535s",9,9
"i-008aa216226f36fe1",8.483652115,"1690.82ms","8.4589s",9,9
"i-008aa216226f36fe1",8.469512701,"1688.81ms","8.4454s",9,9
"i-008aa216226f36fe1",8.478972435,"1690.61ms","8.4537s",10,9
"i-008aa216226f36fe1",8.472755909,"1688.88ms","8.4474s",10,9
"i-008aa216226f36fe1",8.476483345,"1690.02ms","8.4510s",10,9
"i-008aa216226f36fe1",8.470030308,"1688.83ms","8.4451s",10,9
"i-008aa216226f36fe1",8.479206085,"1689.57ms","8.4535s",10,9
"i-008aa216226f36fe1",8.471774817,"1688.67ms","8.4470s",10,9
"i-008aa216226f36fe1",8.480193853,"1690.20ms","8.4521s",10,9
"i-008aa216226f36fe1",8.48550272,"1691.43ms","8.4584s",10,9
"i-008aa216226f36fe1",8.487549067,"1689.86ms","8.4630s",10,9
"i-008aa216226f36fe1",8.475360155,"1688.58ms","8.4513s",10,9
"i-008aa216226f36fe1",8.485002995,"1690.68ms","8.4599s",11,9
"i-008aa216226f36fe1",8.481146097,"1689.46ms","8.4559s",11,9
"i-008aa216226f36fe1",8.481382608,"1689.47ms","8.4549s",11,9
"i-008aa216226f36fe1",8.478866577,"1689.42ms","8.4524s",11,9
"i-008aa216226f36fe1",8.477871418,"1688.79ms","8.4523s",11,9
"i-008aa216226f36fe1",8.479389668,"1688.55ms","8.4518s",11,9
"i-008aa216226f36fe1",8.591099739,"1689.41ms","8.4477s",11,9
"i-008aa216226f36fe1",8.478460073,"1690.52ms","8.4534s",11,9
"i-008aa216226f36fe1",8.475985289,"1689.71ms","8.4515s",11,9
"i-008aa216226f36fe1",8.470499754,"1688.74ms","8.4458s",11,9
"i-008aa216226f36fe1",8.492454529,"1691.37ms","8.4669s",12,9
"i-008aa216226f36fe1",8.476423264,"1688.88ms","8.4504s",12,9
"i-008aa216226f36fe1",8.482103348,"1689.72ms","8.4585s",12,9
"i-008aa216226f36fe1",8.482190132,"1689.36ms","8.4577s",12,9
"i-008aa216226f36fe1",8.476899385,"1688.90ms","8.4511s",12,9
"i-008aa216226f36fe1",8.478104591,"1688.82ms","8.4532s",12,9
"i-008aa216226f36fe1",8.481077909,"1689.55ms","8.4565s",12,9
"i-008aa216226f36fe1",8.479902744,"1690.18ms","8.4553s",12,9
"i-008aa216226f36fe1",8.618865728,"1690.04ms","8.4529s",12,9
"i-008aa216226f36fe1",8.47063446,"1688.95ms","8.4466s",12,9
"i-008aa216226f36fe1",8.483647585,"1690.69ms","8.4585s",13,9
"i-008aa216226f36fe1",8.483852625,"1689.93ms","8.4583s",13,9
"i-008aa216226f36fe1",8.479769468,"1689.24ms","8.4549s",13,9
"i-008aa216226f36fe1",8.475843906,"1688.62ms","8.4516s",13,9
"i-008aa216226f36fe1",8.471843004,"1687.99ms","8.4460s",13,9
"i-008aa216226f36fe1",8.475869179,"1688.92ms","8.4515s",13,9
"i-008aa216226f36fe1",8.480530024,"1689.37ms","8.4558s",13,9
"i-008aa216226f36fe1",8.487174034,"1690.53ms","8.4622s",13,9
"i-008aa216226f36fe1",8.485352516,"1690.00ms","8.4600s",13,9
"i-008aa216226f36fe1",8.471037865,"1688.89ms","8.4456s",13,9
"i-008aa216226f36fe1",8.476123095,"1690.16ms","8.4511s",14,9
"i-008aa216226f36fe1",8.480590343,"1689.02ms","8.4520s",14,9
"i-008aa216226f36fe1",8.477582932,"1689.01ms","8.4529s",14,9
"i-008aa216226f36fe1",8.477218151,"1688.73ms","8.4514s",14,9
"i-008aa216226f36fe1",8.474820852,"1688.91ms","8.4463s",14,9
"i-008aa216226f36fe1",8.476700783,"1688.80ms","8.4507s",14,9
"i-008aa216226f36fe1",8.485201597,"1690.14ms","8.4587s",14,9
"i-008aa216226f36fe1",8.486197233,"1690.60ms","8.4611s",14,9
"i-008aa216226f36fe1",8.48970747,"1689.94ms","8.4645s",14,9
"i-008aa216226f36fe1",8.481415033,"1689.42ms","8.4560s",14,9
"i-008aa216226f36fe1",8.626569033,"1690.61ms","8.4573s",15,9
"i-008aa216226f36fe1",8.612925768,"1688.97ms","8.4473s",15,9
"i-008aa216226f36fe1",8.471220255,"1689.27ms","8.4467s",15,9
"i-008aa216226f36fe1",8.477984428,"1689.88ms","8.4502s",15,9
"i-008aa216226f36fe1",8.470340014,"1688.98ms","8.4459s",15,9
"i-008aa216226f36fe1",8.472167015,"1688.89ms","8.4457s",15,9
"i-008aa216226f36fe1",8.475393534,"1689.78ms","8.4501s",15,9
"i-008aa216226f36fe1",8.48622179,"1691.77ms","8.4618s",15,9
"i-008aa216226f36fe1",8.48321557,"1690.58ms","8.4584s",15,9
"i-008aa216226f36fe1",8.472030878,"1688.96ms","8.4472s",15,9
"i-008aa216226f36fe1",8.486170053,"1691.53ms","8.4624s",16,9
"i-008aa216226f36fe1",8.473007202,"1689.11ms","8.4468s",16,9
"i-008aa216226f36fe1",8.472863913,"1689.51ms","8.4477s",16,9
"i-008aa216226f36fe1",8.470784664,"1689.15ms","8.4461s",16,9
"i-008aa216226f36fe1",8.476796627,"1689.63ms","8.4524s",16,9
"i-008aa216226f36fe1",8.474225283,"1689.69ms","8.4486s",16,9
"i-008aa216226f36fe1",8.471214294,"1689.25ms","8.4466s",16,9
"i-008aa216226f36fe1",8.481884003,"1690.54ms","8.4568s",16,9
"i-008aa216226f36fe1",8.479660034,"1690.96ms","8.4550s",16,9
"i-008aa216226f36fe1",8.469991922,"1688.91ms","8.4455s",16,9
"i-01b2eb7a4adfba9f2",8.490465641,"1688.68ms","8.4506s",10,10
"i-01b2eb7a4adfba9f2",8.470568419,"1688.86ms","8.4518s",10,10
"i-01b2eb7a4adfba9f2",8.465376139,"1689.02ms","8.4468s",10,10
"i-01b2eb7a4adfba9f2",8.46848774,"1689.43ms","8.4501s",10,10
"i-01b2eb7a4adfba9f2",8.472361565,"1688.29ms","8.4539s",10,10
"i-01b2eb7a4adfba9f2",8.47244525,"1688.96ms","8.4529s",10,10
"i-01b2eb7a4adfba9f2",8.474334717,"1690.59ms","8.4550s",10,10
"i-01b2eb7a4adfba9f2",8.484185219,"1692.02ms","8.4643s",10,10
"i-01b2eb7a4adfba9f2",8.46989274,"1688.67ms","8.4511s",10,10
"i-01b2eb7a4adfba9f2",8.468471289,"1688.65ms","8.4491s",10,10
"i-01b2eb7a4adfba9f2",8.467690945,"1689.21ms","8.4484s",11,10
"i-01b2eb7a4adfba9f2",8.471898556,"1689.60ms","8.4522s",11,10
"i-01b2eb7a4adfba9f2",8.470000267,"1688.59ms","8.4512s",11,10
"i-01b2eb7a4adfba9f2",8.481026888,"1689.55ms","8.4602s",11,10
"i-01b2eb7a4adfba9f2",8.477009773,"1689.54ms","8.4554s",11,10
"i-01b2eb7a4adfba9f2",8.472009182,"1689.14ms","8.4516s",11,10
"i-01b2eb7a4adfba9f2",8.485063791,"1691.34ms","8.4630s",11,10
"i-01b2eb7a4adfba9f2",8.476492405,"1690.47ms","8.4567s",11,10
"i-01b2eb7a4adfba9f2",8.469608545,"1688.90ms","8.4491s",11,10
"i-01b2eb7a4adfba9f2",8.466028452,"1688.74ms","8.4466s",11,10
"i-01b2eb7a4adfba9f2",8.469066381,"1688.97ms","8.4470s",12,10
"i-01b2eb7a4adfba9f2",8.473106861,"1689.14ms","8.4533s",12,10
"i-01b2eb7a4adfba9f2",8.471408606,"1689.31ms","8.4524s",12,10
"i-01b2eb7a4adfba9f2",8.471721172,"1689.42ms","8.4520s",12,10
"i-01b2eb7a4adfba9f2",8.467573166,"1688.93ms","8.4467s",12,10
"i-01b2eb7a4adfba9f2",8.466710806,"1689.37ms","8.4473s",12,10
"i-01b2eb7a4adfba9f2",8.480154276,"1690.81ms","8.4600s",12,10
"i-01b2eb7a4adfba9f2",8.48054719,"1690.25ms","8.4607s",12,10
"i-01b2eb7a4adfba9f2",8.471741915,"1688.93ms","8.4525s",12,10
"i-01b2eb7a4adfba9f2",8.464455605,"1688.60ms","8.4459s",12,10
"i-01b2eb7a4adfba9f2",8.476821423,"1690.40ms","8.4565s",13,10
"i-01b2eb7a4adfba9f2",8.471425056,"1688.74ms","8.4520s",13,10
"i-01b2eb7a4adfba9f2",8.4741745,"1689.05ms","8.4532s",13,10
"i-01b2eb7a4adfba9f2",8.470974207,"1689.47ms","8.4509s",13,10
"i-01b2eb7a4adfba9f2",8.473973274,"1689.39ms","8.4541s",13,10
"i-01b2eb7a4adfba9f2",8.466740131,"1689.30ms","8.4468s",13,10
"i-01b2eb7a4adfba9f2",8.48007226,"1691.09ms","8.4594s",13,10
"i-01b2eb7a4adfba9f2",8.474928856,"1690.21ms","8.4554s",13,10
"i-01b2eb7a4adfba9f2",8.469593525,"1688.64ms","8.4495s",13,10
"i-01b2eb7a4adfba9f2",8.470522881,"1688.62ms","8.4512s",13,10
"i-01b2eb7a4adfba9f2",8.473395824,"1689.73ms","8.4533s",14,10
"i-01b2eb7a4adfba9f2",8.471540213,"1688.80ms","8.4517s",14,10
"i-01b2eb7a4adfba9f2",8.4793787,"1688.93ms","8.4591s",14,10
"i-01b2eb7a4adfba9f2",8.473143101,"1689.48ms","8.4535s",14,10
"i-01b2eb7a4adfba9f2",8.466112137,"1688.72ms","8.4468s",14,10
"i-01b2eb7a4adfba9f2",8.465474844,"1689.21ms","8.4467s",14,10
"i-01b2eb7a4adfba9f2",8.474594355,"1690.41ms","8.4553s",14,10
"i-01b2eb7a4adfba9f2",8.477100372,"1690.47ms","8.4565s",14,10
"i-01b2eb7a4adfba9f2",8.471944809,"1688.81ms","8.4526s",14,10
"i-01b2eb7a4adfba9f2",8.467291117,"1688.69ms","8.4485s",14,10
"i-01b2eb7a4adfba9f2",8.47723031,"1689.35ms","8.4547s",15,10
"i-01b2eb7a4adfba9f2",8.474512815,"1688.75ms","8.4527s",15,10
"i-01b2eb7a4adfba9f2",8.470205545,"1688.67ms","8.4496s",15,10
"i-01b2eb7a4adfba9f2",8.441201925,"1682.83ms","8.4206s",15,10
"i-01b2eb7a4adfba9f2",8.471719503,"1688.68ms","8.4511s",15,10
"i-01b2eb7a4adfba9f2",8.474670887,"1688.92ms","8.4541s",15,10
"i-01b2eb7a4adfba9f2",8.478750229,"1690.42ms","8.4579s",15,10
"i-01b2eb7a4adfba9f2",8.491085291,"1691.25ms","8.4702s",15,10
"i-01b2eb7a4adfba9f2",8.482185841,"1690.07ms","8.4600s",15,10
"i-01b2eb7a4adfba9f2",8.471631527,"1688.92ms","8.4482s",15,10
"i-01b2eb7a4adfba9f2",8.47454381,"1689.78ms","8.4536s",16,10
"i-01b2eb7a4adfba9f2",8.474232912,"1689.87ms","8.4520s",16,10
"i-01b2eb7a4adfba9f2",8.471685648,"1689.38ms","8.4489s",16,10
"i-01b2eb7a4adfba9f2",8.474906683,"1689.51ms","8.4537s",16,10
"i-01b2eb7a4adfba9f2",8.467042685,"1688.75ms","8.4473s",16,10
"i-01b2eb7a4adfba9f2",8.46779418,"1689.15ms","8.4475s",16,10
"i-01b2eb7a4adfba9f2",8.48752284,"1691.66ms","8.4669s",16,10
"i-01b2eb7a4adfba9f2",8.479380131,"1690.30ms","8.4596s",16,10
"i-01b2eb7a4adfba9f2",8.472351313,"1688.81ms","8.4526s",16,10
"i-01b2eb7a4adfba9f2",8.464425802,"1688.31ms","8.4445s",16,10
"i-00dd1a9a70a761375",8.500306845,"1690.20ms","8.4535s",11,11
"i-00dd1a9a70a761375",8.471672297,"1688.71ms","8.4460s",11,11
"i-00dd1a9a70a761375",8.473483086,"1688.69ms","8.4466s",11,11
"i-00dd1a9a70a761375",8.472691059,"1689.38ms","8.4474s",11,11
"i-00dd1a9a70a761375",8.469477415,"1688.69ms","8.4449s",11,11
"i-00dd1a9a70a761375",8.479158401,"1688.57ms","8.4498s",11,11
"i-00dd1a9a70a761375",8.480603695,"1688.75ms","8.4527s",11,11
"i-00dd1a9a70a761375",8.49489665,"1691.69ms","8.4684s",11,11
"i-00dd1a9a70a761375",8.483597755,"1689.82ms","8.4582s",11,11
"i-00dd1a9a70a761375",8.477983236,"1688.55ms","8.4498s",11,11
"i-00dd1a9a70a761375",8.487517834,"1691.49ms","8.4627s",12,11
"i-00dd1a9a70a761375",8.477329969,"1688.92ms","8.4508s",12,11
"i-00dd1a9a70a761375",8.472952604,"1689.04ms","8.4467s",12,11
"i-00dd1a9a70a761375",8.474255323,"1689.57ms","8.4489s",12,11
"i-00dd1a9a70a761375",8.475171804,"1688.93ms","8.4484s",12,11
"i-00dd1a9a70a761375",8.471581697,"1688.86ms","8.4468s",12,11
"i-00dd1a9a70a761375",8.473782063,"1689.41ms","8.4481s",12,11
"i-00dd1a9a70a761375",8.488558769,"1690.95ms","8.4622s",12,11
"i-00dd1a9a70a761375",8.486274242,"1689.94ms","8.4609s",12,11
"i-00dd1a9a70a761375",8.481595039,"1688.63ms","8.4506s",12,11
"i-00dd1a9a70a761375",8.486729622,"1691.14ms","8.4593s",13,11
"i-00dd1a9a70a761375",8.481923342,"1688.63ms","8.4521s",13,11
"i-00dd1a9a70a761375",8.494470119,"1690.88ms","8.4674s",13,11
"i-00dd1a9a70a761375",8.481796026,"1689.41ms","8.4525s",13,11
"i-00dd1a9a70a761375",8.477348328,"1688.65ms","8.4511s",13,11
"i-00dd1a9a70a761375",8.480261326,"1688.78ms","8.4528s",13,11
"i-00dd1a9a70a761375",8.479049444,"1688.98ms","8.4529s",13,11
"i-00dd1a9a70a761375",8.487338066,"1690.35ms","8.4607s",13,11
"i-00dd1a9a70a761375",8.48952651,"1689.82ms","8.4617s",13,11
"i-00dd1a9a70a761375",8.476826668,"1688.62ms","8.4513s",13,11
"i-00dd1a9a70a761375",8.485357761,"1690.69ms","8.4594s",14,11
"i-00dd1a9a70a761375",8.47797513,"1688.73ms","8.4522s",14,11
"i-00dd1a9a70a761375",8.474583149,"1688.94ms","8.4494s",14,11
"i-00dd1a9a70a761375",8.47576642,"1689.55ms","8.4497s",14,11
"i-00dd1a9a70a761375",8.472200155,"1688.75ms","8.4449s",14,11
"i-00dd1a9a70a761375",8.473270893,"1688.72ms","8.4450s",14,11
"i-00dd1a9a70a761375",8.477664471,"1689.05ms","8.4517s",14,11
"i-00dd1a9a70a761375",8.483777523,"1690.57ms","8.4585s",14,11
"i-00dd1a9a70a761375",8.489002466,"1689.98ms","8.4632s",14,11
"i-00dd1a9a70a761375",8.476685047,"1688.71ms","8.4500s",14,11
"i-00dd1a9a70a761375",8.488692045,"1692.36ms","8.4626s",15,11
"i-00dd1a9a70a761375",8.478335142,"1688.69ms","8.4521s",15,11
"i-00dd1a9a70a761375",8.476229906,"1688.62ms","8.4513s",15,11
"i-00dd1a9a70a761375",8.47185874,"1689.38ms","8.4470s",15,11
"i-00dd1a9a70a761375",8.471750021,"1688.84ms","8.4461s",15,11
"i-00dd1a9a70a761375",8.477290154,"1688.61ms","8.4512s",15,11
"i-00dd1a9a70a761375",8.471353769,"1689.14ms","8.4462s",15,11
"i-00dd1a9a70a761375",8.489362478,"1691.47ms","8.4641s",15,11
"i-00dd1a9a70a761375",8.485528946,"1690.39ms","8.4569s",15,11
"i-00dd1a9a70a761375",8.476842403,"1688.76ms","8.4510s",15,11
"i-00dd1a9a70a761375",8.482310057,"1690.29ms","8.4551s",16,11
"i-00dd1a9a70a761375",8.480165243,"1688.88ms","8.4534s",16,11
"i-00dd1a9a70a761375",8.482030153,"1689.05ms","8.4540s",16,11
"i-00dd1a9a70a761375",8.475340605,"1689.70ms","8.4492s",16,11
"i-00dd1a9a70a761375",8.475532293,"1689.33ms","8.4496s",16,11
"i-00dd1a9a70a761375",8.473352671,"1688.93ms","8.4458s",16,11
"i-00dd1a9a70a761375",8.471521378,"1688.97ms","8.4458s",16,11
"i-00dd1a9a70a761375",8.488523006,"1691.05ms","8.4620s",16,11
"i-00dd1a9a70a761375",8.481559277,"1690.18ms","8.4553s",16,11
"i-00dd1a9a70a761375",8.47727561,"1688.67ms","8.4453s",16,11
"i-07b1ad7ee4554ad5d",8.623816967,"1690.34ms","8.4529s",12,12
"i-07b1ad7ee4554ad5d",8.478651285,"1688.75ms","8.4519s",12,12
"i-07b1ad7ee4554ad5d",8.480421066,"1688.95ms","8.4539s",12,12
"i-07b1ad7ee4554ad5d",8.616392612,"1690.21ms","8.4563s",12,12
"i-07b1ad7ee4554ad5d",8.609096766,"1688.33ms","8.4489s",12,12
"i-07b1ad7ee4554ad5d",8.473104477,"1688.92ms","8.4456s",12,12
"i-07b1ad7ee4554ad5d",8.480203629,"1690.38ms","8.4527s",12,12
"i-07b1ad7ee4554ad5d",8.491347075,"1691.45ms","8.4623s",12,12
"i-07b1ad7ee4554ad5d",8.473425388,"1688.82ms","8.4463s",12,12
"i-07b1ad7ee4554ad5d",8.473138809,"1688.74ms","8.4462s",12,12
"i-07b1ad7ee4554ad5d",8.490730524,"1691.93ms","8.4630s",13,12
"i-07b1ad7ee4554ad5d",8.480674267,"1688.85ms","8.4526s",13,12
"i-07b1ad7ee4554ad5d",8.476689816,"1689.30ms","8.4499s",13,12
"i-07b1ad7ee4554ad5d",8.475678444,"1689.60ms","8.4483s",13,12
"i-07b1ad7ee4554ad5d",8.474468231,"1688.94ms","8.4467s",13,12
"i-07b1ad7ee4554ad5d",8.474817514,"1689.02ms","8.4472s",13,12
"i-07b1ad7ee4554ad5d",8.475996017,"1689.62ms","8.4488s",13,12
"i-07b1ad7ee4554ad5d",8.494046211,"1691.63ms","8.4658s",13,12
"i-07b1ad7ee4554ad5d",8.478909492,"1689.91ms","8.4515s",13,12
"i-07b1ad7ee4554ad5d",8.473593473,"1688.63ms","8.4454s",13,12
"i-07b1ad7ee4554ad5d",8.48120141,"1690.12ms","8.4514s",14,12
"i-07b1ad7ee4554ad5d",8.478015184,"1688.91ms","8.4455s",14,12
"i-07b1ad7ee4554ad5d",8.476662636,"1689.69ms","8.4493s",14,12
"i-07b1ad7ee4554ad5d",8.485332489,"1690.26ms","8.4562s",14,12
"i-07b1ad7ee4554ad5d",8.585853338,"1688.69ms","8.4518s",14,12
"i-07b1ad7ee4554ad5d",8.474927425,"1688.77ms","8.4472s",14,12
"i-07b1ad7ee4554ad5d",8.486566544,"1690.69ms","8.4582s",14,12
"i-07b1ad7ee4554ad5d",8.493891716,"1691.69ms","8.4657s",14,12
"i-07b1ad7ee4554ad5d",8.480410337,"1688.63ms","8.4518s",14,12
"i-07b1ad7ee4554ad5d",8.491456509,"1689.72ms","8.4560s",14,12
"i-07b1ad7ee4554ad5d",8.485510111,"1690.38ms","8.4578s",15,12
"i-07b1ad7ee4554ad5d",8.475473166,"1689.01ms","8.4473s",15,12
"i-07b1ad7ee4554ad5d",8.590723991,"1688.84ms","8.4471s",15,12
"i-07b1ad7ee4554ad5d",8.48440814,"1690.17ms","8.4568s",15,12
"i-07b1ad7ee4554ad5d",8.475650549,"1688.90ms","8.4479s",15,12
"i-07b1ad7ee4554ad5d",8.474380732,"1688.85ms","8.4469s",15,12
"i-07b1ad7ee4554ad5d",8.477006912,"1689.47ms","8.4502s",15,12
"i-07b1ad7ee4554ad5d",8.498719215,"1693.08ms","8.4695s",15,12
"i-07b1ad7ee4554ad5d",8.479396343,"1689.14ms","8.4525s",15,12
"i-07b1ad7ee4554ad5d",8.477058172,"1688.75ms","8.4499s",15,12
"i-07b1ad7ee4554ad5d",8.486452341,"1690.88ms","8.4569s",16,12
"i-07b1ad7ee4554ad5d",8.48743701,"1689.85ms","8.4593s",16,12
"i-07b1ad7ee4554ad5d",8.480158091,"1688.84ms","8.4503s",16,12
"i-07b1ad7ee4554ad5d",8.480121374,"1689.80ms","8.4518s",16,12
"i-07b1ad7ee4554ad5d",8.477630138,"1688.85ms","8.4471s",16,12
"i-07b1ad7ee4554ad5d",8.476113558,"1688.92ms","8.4469s",16,12
"i-07b1ad7ee4554ad5d",8.47590661,"1689.00ms","8.4464s",16,12
"i-07b1ad7ee4554ad5d",8.492238998,"1691.35ms","8.4628s",16,12
"i-07b1ad7ee4554ad5d",8.492326975,"1689.93ms","8.4628s",16,12
"i-07b1ad7ee4554ad5d",8.487207174,"1689.35ms","8.4562s",16,12
"i-0f8116b809aebcae3",8.504216909,"1690.39ms","8.4543s",13,13
"i-0f8116b809aebcae3",8.478497982,"1688.99ms","8.4511s",13,13
"i-0f8116b809aebcae3",8.48101306,"1689.02ms","8.4539s",13,13
"i-0f8116b809aebcae3",8.478925943,"1689.28ms","8.4527s",13,13
"i-0f8116b809aebcae3",8.477422714,"1688.57ms","8.4509s",13,13
"i-0f8116b809aebcae3",8.477527618,"1689.02ms","8.4468s",13,13
"i-0f8116b809aebcae3",8.487617016,"1689.46ms","8.4583s",13,13
"i-0f8116b809aebcae3",8.494530201,"1691.80ms","8.4653s",13,13
"i-0f8116b809aebcae3",8.482744694,"1689.48ms","8.4522s",13,13
"i-0f8116b809aebcae3",8.479003906,"1689.48ms","8.4510s",13,13
"i-0f8116b809aebcae3",8.482317448,"1690.12ms","8.4542s",14,13
"i-0f8116b809aebcae3",8.484570026,"1689.58ms","8.4547s",14,13
"i-0f8116b809aebcae3",8.484429359,"1689.36ms","8.4565s",14,13
"i-0f8116b809aebcae3",8.481006384,"1689.35ms","8.4535s",14,13
"i-0f8116b809aebcae3",8.478713512,"1688.54ms","8.4516s",14,13
"i-0f8116b809aebcae3",8.4781847,"1688.70ms","8.4518s",14,13
"i-0f8116b809aebcae3",8.488287449,"1690.46ms","8.4614s",14,13
"i-0f8116b809aebcae3",8.520059824,"1691.17ms","8.4688s",14,13
"i-0f8116b809aebcae3",8.479329586,"1688.62ms","8.4516s",14,13
"i-0f8116b809aebcae3",8.477836132,"1688.62ms","8.4508s",14,13
"i-0f8116b809aebcae3",8.519579411,"1691.69ms","8.4634s",15,13
"i-0f8116b809aebcae3",8.476095676,"1688.93ms","8.4480s",15,13
"i-0f8116b809aebcae3",8.47350502,"1688.72ms","8.4453s",15,13
"i-0f8116b809aebcae3",8.480648279,"1690.26ms","8.4522s",15,13
"i-0f8116b809aebcae3",8.546931028,"1688.85ms","8.4517s",15,13
"i-0f8116b809aebcae3",8.478902578,"1688.68ms","8.4515s",15,13
"i-0f8116b809aebcae3",8.484493732,"1689.97ms","8.4571s",15,13
"i-0f8116b809aebcae3",8.501534224,"1692.51ms","8.4732s",15,13
"i-0f8116b809aebcae3",8.481691837,"1689.16ms","8.4533s",15,13
"i-0f8116b809aebcae3",8.478660822,"1688.70ms","8.4518s",15,13
"i-0f8116b809aebcae3",8.485237598,"1690.11ms","8.4555s",16,13
"i-0f8116b809aebcae3",8.487109423,"1689.65ms","8.4583s",16,13
"i-0f8116b809aebcae3",8.483966589,"1689.10ms","8.4551s",16,13
"i-0f8116b809aebcae3",8.483910322,"1689.53ms","8.4546s",16,13
"i-0f8116b809aebcae3",8.482359409,"1688.75ms","8.4515s",16,13
"i-0f8116b809aebcae3",8.483768702,"1689.42ms","8.4554s",16,13
"i-0f8116b809aebcae3",8.483469963,"1689.00ms","8.4530s",16,13
"i-0f8116b809aebcae3",8.487436771,"1690.34ms","8.4587s",16,13
"i-0f8116b809aebcae3",8.482762098,"1690.30ms","8.4537s",16,13
"i-0f8116b809aebcae3",8.480093002,"1688.82ms","8.4504s",16,13
"i-081e4bdadae4aae5a",8.523263454,"1690.52ms","8.4566s",14,14
"i-081e4bdadae4aae5a",8.479721785,"1689.00ms","8.4551s",14,14
"i-081e4bdadae4aae5a",8.480704308,"1690.61ms","8.4549s",14,14
"i-081e4bdadae4aae5a",8.484829903,"1690.98ms","8.4594s",14,14
"i-081e4bdadae4aae5a",8.473246813,"1688.89ms","8.4474s",14,14
"i-081e4bdadae4aae5a",8.476610899,"1689.03ms","8.4501s",14,14
"i-081e4bdadae4aae5a",8.479735136,"1689.45ms","8.4528s",14,14
"i-081e4bdadae4aae5a",8.496425152,"1691.39ms","8.4703s",14,14
"i-081e4bdadae4aae5a",8.481251717,"1688.81ms","8.4546s",14,14
"i-081e4bdadae4aae5a",8.479965448,"1688.96ms","8.4541s",14,14
"i-081e4bdadae4aae5a",8.486377001,"1691.34ms","8.4602s",15,14
"i-081e4bdadae4aae5a",8.482170343,"1689.07ms","8.4534s",15,14
"i-081e4bdadae4aae5a",8.479584455,"1689.04ms","8.4525s",15,14
"i-081e4bdadae4aae5a",8.494166374,"1690.98ms","8.4665s",15,14
"i-081e4bdadae4aae5a",8.476123333,"1689.02ms","8.4478s",15,14
"i-081e4bdadae4aae5a",8.488126993,"1689.70ms","8.4532s",15,14
"i-081e4bdadae4aae5a",8.480027437,"1689.73ms","8.4512s",15,14
"i-081e4bdadae4aae5a",8.503243685,"1692.67ms","8.4741s",15,14
"i-081e4bdadae4aae5a",8.480063677,"1689.66ms","8.4513s",15,14
"i-081e4bdadae4aae5a",8.479703426,"1689.15ms","8.4512s",15,14
"i-081e4bdadae4aae5a",8.482981682,"1691.06ms","8.4561s",16,14
"i-081e4bdadae4aae5a",8.476007462,"1689.41ms","8.4482s",16,14
"i-081e4bdadae4aae5a",8.482672691,"1689.62ms","8.4519s",16,14
"i-081e4bdadae4aae5a",8.492054224,"1690.19ms","8.4636s",16,14
"i-081e4bdadae4aae5a",8.482841492,"1690.54ms","8.4531s",16,14
"i-081e4bdadae4aae5a",8.47531414,"1689.19ms","8.4466s",16,14
"i-081e4bdadae4aae5a",8.475183487,"1689.36ms","8.4472s",16,14
"i-081e4bdadae4aae5a",8.489284515,"1692.27ms","8.4617s",16,14
"i-081e4bdadae4aae5a",8.475179672,"1689.26ms","8.4467s",16,14
"i-081e4bdadae4aae5a",8.481062889,"1688.79ms","8.4522s",16,14
"i-005293d8767a011fc",8.502904415,"1690.68ms","8.4591s",15,15
"i-005293d8767a011fc",8.475049973,"1688.84ms","8.4477s",15,15
"i-005293d8767a011fc",8.480986595,"1689.36ms","8.4541s",15,15
"i-005293d8767a011fc",8.478975773,"1689.46ms","8.4524s",15,15
"i-005293d8767a011fc",8.477641106,"1688.62ms","8.4510s",15,15
"i-005293d8767a011fc",8.480008364,"1688.65ms","8.4511s",15,15
"i-005293d8767a011fc",8.487859488,"1690.02ms","8.4606s",15,15
"i-005293d8767a011fc",8.484582186,"1691.21ms","8.4566s",15,15
"i-005293d8767a011fc",8.494787931,"1690.14ms","8.4664s",15,15
"i-005293d8767a011fc",8.479768515,"1688.66ms","8.4516s",15,15
"i-005293d8767a011fc",8.49514842,"1691.77ms","8.4617s",16,15
"i-005293d8767a011fc",8.482175112,"1689.94ms","8.4513s",16,15
"i-005293d8767a011fc",8.482417822,"1689.20ms","8.4505s",16,15
"i-005293d8767a011fc",8.480279684,"1689.44ms","8.4523s",16,15
"i-005293d8767a011fc",8.474348545,"1688.80ms","8.4457s",16,15
"i-005293d8767a011fc",8.498984575,"1688.73ms","8.4492s",16,15
"i-005293d8767a011fc",8.479131937,"1688.97ms","8.4518s",16,15
"i-005293d8767a011fc",8.483248711,"1690.26ms","8.4537s",16,15
"i-005293d8767a011fc",8.491544247,"1690.23ms","8.4624s",16,15
"i-005293d8767a011fc",8.47630477,"1688.64ms","8.4479s",16,15
"i-021fd4e179ad58b81",8.493074894,"1689.79ms","8.4540s",16,16
"i-021fd4e179ad58b81",8.48431325,"1689.74ms","8.4588s",16,16
"i-021fd4e179ad58b81",8.481949091,"1689.07ms","8.4559s",16,16
"i-021fd4e179ad58b81",8.482339859,"1689.82ms","8.4564s",16,16
"i-021fd4e179ad58b81",8.476601839,"1688.63ms","8.4523s",16,16
"i-021fd4e179ad58b81",8.480591774,"1688.76ms","8.4521s",16,16
"i-021fd4e179ad58b81",8.490937471,"1692.34ms","8.4634s",16,16
"i-021fd4e179ad58b81",8.495612144,"1691.14ms","8.4692s",16,16
"i-021fd4e179ad58b81",8.481489658,"1689.18ms","8.4556s",16,16
"i-021fd4e179ad58b81",8.478278399,"1688.58ms","8.4520s",16,16
