experimentID,instanceID,instanceType,wallTime,startTime,endTime,testOption,1 KiB Throughput,1 MiB Throughput,1 GiB Throughput,4 GiB Throughput,total-time,thread-num
1660437010-0,i-00cf8b83d58fa3681,m5d.large,53.222633838653564,1660437121.600362,1660437174.822996, -w -m32 -e1 -x0 -d2,14906.647610,11261.765908,9595.525777,9693.195759,"['256 11788.596149', '512 12191.422692', '1024 14906.647610', '2048 14139.446466', '4096 11798.821250', '8192 11532.130529', '16384 11662.091887', '32768 12306.458584', '65536 11779.200804', '131072 11433.798381', '262144 13581.734011', '524288 12769.146355', '1048576 11261.765908', '2097152 11569.029125', '4194304 15813.276824', '8388608 18008.189809', '16777216 12849.688717', '33554432 10396.838728', '67108864 9895.331655', '134217728 9650.599686', '268435456 9539.603377', '536870912 9555.137938', '1073741824 9595.525777', '2147483648 9687.139252', '4294967296 9693.195759', '']",
1660437010-0,i-046cf96efd2d89889,m5d.large,53.19930291175842,1660437122.2615914,1660437175.4608943, -w -m32 -e1 -x0 -d2,11192.770033,19820.756638,9993.730519,10096.982890,"['256 11614.700175', '512 11351.563807', '1024 11192.770033', '2048 12552.182902', '4096 11398.731059', '8192 15051.656738', '16384 15215.664072', '32768 11352.367203', '65536 11847.559789', '131072 12670.374552', '262144 20953.175978', '524288 20936.229456', '1048576 19820.756638', '2097152 18777.648423', '4194304 18758.453464', '8388608 18029.421113', '16777216 15703.279547', '33554432 11072.779757', '67108864 9869.518385', '134217728 9801.559591', '268435456 9727.195778', '536870912 9916.175037', '1073741824 9993.730519', '2147483648 10092.485223', '4294967296 10096.982890', '']",
1660437010-0,i-0af062bb38b369a30,m5d.large,52.929914236068726,1660437122.3625762,1660437175.2924905, -w -m32 -e1 -x0 -d2,20566.874121,20336.915703,9488.387344,9613.696758,"['256 22442.074006', '512 23123.731625', '1024 20566.874121', '2048 22111.844648', '4096 22977.752091', '8192 23348.661526', '16384 23659.712357', '32768 22815.523726', '65536 21236.037455', '131072 21247.255788', '262144 21236.757170', '524288 21240.755413', '1048576 20336.915703', '2097152 19089.821327', '4194304 19051.254554', '8388608 17807.131408', '16777216 12758.260069', '33554432 10328.320283', '67108864 9776.125196', '134217728 9509.706388', '268435456 9448.881089', '536870912 9424.204186', '1073741824 9488.387344', '2147483648 9545.042031', '4294967296 9613.696758', '']",
1660437010-0,i-047c8734a993baf73,m5d.large,53.3319730758667,1660437121.5603538,1660437174.8923268, -w -m32 -e1 -x0 -d2,15191.532468,19967.162008,9624.029319,9669.051125,"['256 14117.344568', '512 11587.947596', '1024 15191.532468', '2048 21796.170718', '4096 22642.049596', '8192 23045.337849', '16384 23301.025245', '32768 22481.618653', '65536 20934.334552', '131072 20935.587478', '262144 20937.850284', '524288 20924.643303', '1048576 19967.162008', '2097152 18770.567974', '4194304 18778.239358', '8388608 18091.552131', '16777216 15977.068236', '33554432 10564.811845', '67108864 9591.391913', '134217728 9412.937134', '268435456 9436.473536', '536870912 9522.711347', '1073741824 9624.029319', '2147483648 9661.680988', '4294967296 9669.051125', '']",
1660437010-0,i-08abb0b01eb86cce0,m5d.large,52.918516635894775,1660437121.7268176,1660437174.6453342, -w -m32 -e1 -x0 -d2,20290.506271,20112.995401,9846.305883,9821.844368,"['256 22141.149859', '512 22813.645907', '1024 20290.506271', '2048 21804.005831', '4096 22659.903073', '8192 23114.214190', '16384 23341.127083', '32768 22501.723932', '65536 20949.238161', '131072 20891.083458', '262144 20957.912483', '524288 20958.210805', '1048576 20112.995401', '2097152 18826.519794', '4194304 18790.195386', '8388608 18238.456225', '16777216 17623.405216', '33554432 12503.076390', '67108864 10261.804258', '134217728 9612.528422', '268435456 9647.909324', '536870912 9684.857630', '1073741824 9846.305883', '2147483648 9835.264505', '4294967296 9821.844368', '']",
1660437010-0,i-063682e911c73b356,m5d.large,53.374757051467896,1660437122.1005857,1660437175.4753428, -w -m32 -e1 -x0 -d2,20602.345942,20242.181488,9516.327886,9548.320721,"['256 22479.662720', '512 23164.908747', '1024 20602.345942', '2048 22101.380181', '4096 22992.786483', '8192 23466.902149', '16384 23695.858579', '32768 22846.932922', '65536 21266.812178', '131072 21272.819173', '262144 21274.058762', '524288 21273.754155', '1048576 20242.181488', '2097152 19137.226132', '4194304 19078.764371', '8388608 18209.905186', '16777216 16687.440185', '33554432 11293.940579', '67108864 9949.013037', '134217728 9567.086888', '268435456 9417.863740', '536870912 9448.303010', '1073741824 9516.327886', '2147483648 9553.222289', '4294967296 9548.320721', '']",
1660437010-0,i-03ccad021a1c8a7b3,m5d.large,52.91244029998779,1660437122.2236898,1660437175.13613, -w -m32 -e1 -x0 -d2,20571.580507,20225.228968,9512.765801,9640.744610,"['256 22444.304128', '512 23131.432116', '1024 20571.580507', '2048 22118.048339', '4096 22952.885183', '8192 23335.672589', '16384 23664.232782', '32768 22873.187723', '65536 21239.895319', '131072 21248.099250', '262144 21248.586671', '524288 21251.967511', '1048576 20225.228968', '2097152 19088.089406', '4194304 19060.524611', '8388608 17772.695409', '16777216 12675.141603', '33554432 10296.081970', '67108864 9748.878231', '134217728 9527.377570', '268435456 9465.523192', '536870912 9443.990525', '1073741824 9512.765801', '2147483648 9566.623115', '4294967296 9640.744610', '']",
1660437010-0,i-0262a58f461f8c4d9,m5d.large,53.448142528533936,1660437122.055325,1660437175.5034676, -w -m32 -e1 -x0 -d2,11254.263910,11287.418119,9503.217810,9536.196432,"['256 17563.833759', '512 15209.732698', '1024 11254.263910', '2048 10842.192035', '4096 11898.616060', '8192 11259.448802', '16384 11876.845835', '32768 12626.336506', '65536 11214.239037', '131072 14172.996985', '262144 12452.519486', '524288 11061.526773', '1048576 11287.418119', '2097152 15150.846539', '4194304 18780.147579', '8388608 18119.024799', '16777216 15816.589473', '33554432 10682.050875', '67108864 9619.593720', '134217728 9368.298378', '268435456 9330.787993', '536870912 9395.274471', '1073741824 9503.217810', '2147483648 9499.307167', '4294967296 9536.196432', '']",
1660437010-0,i-0b77a37835f56f396,m5d.large,53.4033420085907,1660437121.744759,1660437175.148101, -w -m32 -e1 -x0 -d2,12440.359441,11311.770910,9511.482031,9497.310805,"['256 13227.018533', '512 16492.730299', '1024 12440.359441', '2048 10892.180372', '4096 11368.954806', '8192 11626.303043', '16384 11709.523397', '32768 11686.652954', '65536 11192.384520', '131072 13090.728657', '262144 12780.581546', '524288 11032.714367', '1048576 11311.770910', '2097152 13986.437227', '4194304 18801.080674', '8388608 18124.981948', '16777216 16509.958619', '33554432 10753.215692', '67108864 9786.318357', '134217728 9449.627485', '268435456 9447.679836', '536870912 9492.090233', '1073741824 9511.482031', '2147483648 9506.628253', '4294967296 9497.310805', '']",
1660437010-0,i-0c89a4167029eab16,m5d.large,52.77693748474121,1660437121.5215175,1660437174.298455, -w -m32 -e1 -x0 -d2,20301.163515,19934.039370,9981.614974,10113.715304,"['256 22056.562118', '512 22814.298386', '1024 20301.163515', '2048 21817.854803', '4096 22669.697749', '8192 23121.006441', '16384 23350.914134', '32768 22466.078109', '65536 20952.692256', '131072 20893.859487', '262144 20963.012544', '524288 20959.450027', '1048576 19934.039370', '2097152 18813.587416', '4194304 18790.259864', '8388608 18070.332558', '16777216 16201.770031', '33554432 12091.988656', '67108864 10427.042704', '134217728 9802.934657', '268435456 9525.127664', '536870912 9847.017045', '1073741824 9981.614974', '2147483648 10088.145763', '4294967296 10113.715304', '']",
1660437010-0,i-0ef9d04af3ab548de,m5d.large,52.96938467025757,1660437121.9881442,1660437174.9575288, -w -m32 -e1 -x0 -d2,20449.291425,20315.201481,9815.306157,9629.080542,"['256 22382.935471', '512 23061.273275', '1024 20449.291425', '2048 22049.702700', '4096 22912.949992', '8192 23339.084346', '16384 23604.444710', '32768 22811.007259', '65536 21177.623947', '131072 21190.446852', '262144 21193.339091', '524288 21184.183584', '1048576 20315.201481', '2097152 18920.457563', '4194304 18996.295909', '8388608 18415.826230', '16777216 16978.239065', '33554432 11943.609949', '67108864 10014.651342', '134217728 9583.796222', '268435456 9565.124153', '536870912 9666.814273', '1073741824 9815.306157', '2147483648 9702.380885', '4294967296 9629.080542', '']",
1660437010-0,i-0e8d46d6bd28e60ff,m5d.large,53.01546549797058,1660437121.6760015,1660437174.691467, -w -m32 -e1 -x0 -d2,20300.915296,19936.733027,9639.195762,9438.111046,"['256 22146.945733', '512 22824.905362', '1024 20300.915296', '2048 21819.632820', '4096 22669.211530', '8192 23120.067504', '16384 23349.987962', '32768 22513.031297', '65536 20945.806703', '131072 20960.641140', '262144 20891.312796', '524288 20959.788160', '1048576 19936.733027', '2097152 18826.331350', '4194304 18809.579740', '8388608 18250.572810', '16777216 17358.178548', '33554432 12279.443715', '67108864 10096.933473', '134217728 9656.187772', '268435456 9574.826924', '536870912 9555.785285', '1073741824 9639.195762', '2147483648 9533.561676', '4294967296 9438.111046', '']",
1660437010-0,i-02d43e47b5103b29d,m5d.large,52.96916842460632,1660437121.7577446,1660437174.726913, -w -m32 -e1 -x0 -d2,20293.823447,20009.644097,9787.808420,9700.844765,"['256 22159.100028', '512 22776.275760', '1024 20293.823447', '2048 21826.609530', '4096 22677.173906', '8192 23125.509396', '16384 23357.712760', '32768 22568.766552', '65536 20953.850319', '131072 20957.139837', '262144 20897.579436', '524288 20961.998089', '1048576 20009.644097', '2097152 18836.215444', '4194304 18817.634419', '8388608 18220.902618', '16777216 16737.035121', '33554432 11663.757272', '67108864 10152.966673', '134217728 9749.360446', '268435456 9616.244958', '536870912 9637.896764', '1073741824 9787.808420', '2147483648 9722.759755', '4294967296 9700.844765', '']",
1660437010-0,i-04cdffa68e0344f91,m5d.large,53.336928606033325,1660437121.9162621,1660437175.2531908, -w -m32 -e1 -x0 -d2,10616.785528,20169.300030,9627.260033,9673.150649,"['256 11002.297284', '512 11245.924777', '1024 10616.785528', '2048 11377.587237', '4096 12928.340502', '8192 11664.498962', '16384 14943.261119', '32768 14068.191841', '65536 11504.113679', '131072 11571.384735', '262144 14278.962057', '524288 20936.948097', '1048576 20169.300030', '2097152 18865.397338', '4194304 18790.908133', '8388608 18171.276197', '16777216 15913.720119', '33554432 11290.475162', '67108864 9860.895308', '134217728 9619.121848', '268435456 9477.048255', '536870912 9493.286998', '1073741824 9627.260033', '2147483648 9626.305910', '4294967296 9673.150649', '']",
1660437010-0,i-0e9c04dc6fe734b6a,m5d.large,53.485817193984985,1660437121.7711859,1660437175.257003, -w -m32 -e1 -x0 -d2,15340.822962,11568.932847,9785.303020,9813.744036,"['256 10983.810900', '512 11141.838482', '1024 15340.822962', '2048 12869.453990', '4096 12811.572009', '8192 11606.773127', '16384 16550.911470', '32768 13378.641291', '65536 12083.799049', '131072 12087.269073', '262144 11452.864153', '524288 11629.832100', '1048576 11568.932847', '2097152 11379.819441', '4194304 11391.092353', '8388608 13323.145151', '16777216 10932.613616', '33554432 8510.021340', '67108864 8289.214144', '134217728 8327.359557', '268435456 8871.990733', '536870912 9675.939750', '1073741824 9785.303020', '2147483648 9825.696392', '4294967296 9813.744036', '']",
1660437010-0,i-05c067b295788d3d6,m5d.large,52.686604738235474,1660437121.6652162,1660437174.351821, -w -m32 -e1 -x0 -d2,20290.423208,19909.866016,10186.315759,10125.223107,"['256 22142.810775', '512 22714.782615', '1024 20290.423208', '2048 21811.382891', '4096 22663.959242', '8192 23113.387420', '16384 23341.562546', '32768 22555.310612', '65536 20946.170168', '131072 20955.170466', '262144 20955.932243', '524288 20951.614829', '1048576 19909.866016', '2097152 18806.629469', '4194304 18787.157725', '8388608 18198.457403', '16777216 17208.806670', '33554432 12100.019050', '67108864 10440.387565', '134217728 10049.754618', '268435456 9879.563444', '536870912 9989.507337', '1073741824 10186.315759', '2147483648 10160.727779', '4294967296 10125.223107', '']",
1660437010-0,i-027b9db2cd4d14cfd,m5d.large,53.23270559310913,1660437121.6424944,1660437174.8752, -w -m32 -e1 -x0 -d2,10421.633960,11529.140016,9170.556820,9857.160574,"['256 11403.456120', '512 11455.941768', '1024 10421.633960', '2048 10821.132593', '4096 15288.071359', '8192 13788.023541', '16384 11985.784993', '32768 13910.153562', '65536 13156.908110', '131072 11763.275292', '262144 11029.544330', '524288 11270.225313', '1048576 11529.140016', '2097152 11274.853270', '4194304 11354.966421', '8388608 10922.454547', '16777216 9782.373631', '33554432 8771.942768', '67108864 8245.444007', '134217728 8199.215528', '268435456 8294.549138', '536870912 8334.420085', '1073741824 9170.556820', '2147483648 9792.443795', '4294967296 9857.160574', '']",
1660437010-0,i-066b936fd27fb5b60,m5d.large,53.5345344543457,1660437122.0109868,1660437175.5455213, -w -m32 -e1 -x0 -d2,10734.744708,11136.952231,8195.896834,9459.779158,"['256 11822.987594', '512 11655.024838', '1024 10734.744708', '2048 10806.209997', '4096 15137.133121', '8192 13712.095213', '16384 12635.609051', '32768 11820.339009', '65536 13923.583209', '131072 13715.362160', '262144 11743.428016', '524288 11103.040898', '1048576 11136.952231', '2097152 11026.226271', '4194304 11194.869785', '8388608 10974.658235', '16777216 9105.730708', '33554432 8178.598215', '67108864 8261.647237', '134217728 8160.439630', '268435456 8101.596813', '536870912 8077.816942', '1073741824 8195.896834', '2147483648 8284.357812', '4294967296 9459.779158', '']",
1660437010-0,i-049f3c5a46c680447,m5d.large,53.25712776184082,1660437121.80499,1660437175.0621178, -w -m32 -e1 -x0 -d2,10872.669696,19926.108498,9782.656751,9766.074908,"['256 11148.688223', '512 12933.598181', '1024 10872.669696', '2048 18905.342427', '4096 22665.217877', '8192 23116.451654', '16384 23345.014632', '32768 22525.191436', '65536 20899.869811', '131072 20949.803715', '262144 20950.345939', '524288 20941.259961', '1048576 19926.108498', '2097152 18815.360488', '4194304 18790.323329', '8388608 18163.869708', '16777216 16785.759241', '33554432 11325.177966', '67108864 10096.976531', '134217728 9653.854103', '268435456 9573.531932', '536870912 9672.537435', '1073741824 9782.656751', '2147483648 9783.730725', '4294967296 9766.074908', '']",
1660437010-0,i-004976c5fadf1c0cf,m5d.large,53.588011503219604,1660437122.3915014,1660437175.979513, -w -m32 -e1 -x0 -d2,10919.579859,20108.897567,9420.063407,9532.091750,"['256 11071.310237', '512 12416.581482', '1024 10919.579859', '2048 14755.516378', '4096 11934.823603', '8192 11240.669988', '16384 11321.309697', '32768 20644.048213', '65536 20935.550369', '131072 20929.355269', '262144 20901.427533', '524288 20939.401877', '1048576 20108.897567', '2097152 18769.637275', '4194304 18762.587451', '8388608 18104.917137', '16777216 13287.224064', '33554432 9899.303949', '67108864 9381.473790', '134217728 9308.970466', '268435456 9350.016141', '536870912 9375.360355', '1073741824 9420.063407', '2147483648 9461.388511', '4294967296 9532.091750', '']",
1660437010-0,i-00254dbd7e88d2bd8,m5d.large,53.501646757125854,1660437121.9947977,1660437175.4964445, -w -m32 -e1 -x0 -d2,11811.687932,19733.792498,9556.552376,9497.547993,"['256 11309.230163', '512 11617.150821', '1024 11811.687932', '2048 11048.497792', '4096 15876.705621', '8192 12374.017543', '16384 11164.427252', '32768 11396.153479', '65536 18893.293371', '131072 20899.883551', '262144 20927.808016', '524288 20934.393356', '1048576 19733.792498', '2097152 18779.841068', '4194304 18750.096212', '8388608 17980.931088', '16777216 14652.506900', '33554432 10161.137280', '67108864 9602.112486', '134217728 9410.057402', '268435456 9432.644991', '536870912 9522.770242', '1073741824 9556.552376', '2147483648 9502.355501', '4294967296 9497.547993', '']",
1660437010-0,i-05a2044a9c1b64f2a,m5d.large,52.902761459350586,1660437121.6271536,1660437174.529915, -w -m32 -e1 -x0 -d2,20289.611554,19854.530149,9647.167877,9654.343020,"['256 22048.760861', '512 22808.921776', '1024 20289.611554', '2048 21808.665161', '4096 22658.920777', '8192 23110.147642', '16384 23337.324890', '32768 22422.548507', '65536 20941.415572', '131072 20933.964961', '262144 20951.190874', '524288 20945.983701', '1048576 19854.530149', '2097152 18843.955508', '4194304 18752.238363', '8388608 18074.032927', '16777216 15006.843985', '33554432 10404.266298', '67108864 9887.700341', '134217728 9734.641033', '268435456 9510.554662', '536870912 9510.159886', '1073741824 9647.167877', '2147483648 9682.364257', '4294967296 9654.343020', '']",
1660437010-0,i-07875eca39541cc3b,m5d.large,52.97535538673401,1660437121.7182627,1660437174.693618, -w -m32 -e1 -x0 -d2,20286.224098,20004.987954,9790.915643,9650.223550,"['256 22138.869311', '512 22807.061355', '1024 20286.224098', '2048 21809.062788', '4096 22657.903838', '8192 23108.103551', '16384 23335.843090', '32768 22497.396682', '65536 20936.370116', '131072 20920.821437', '262144 20871.875638', '524288 20945.247887', '1048576 20004.987954', '2097152 18833.353879', '4194304 18788.449224', '8388608 18228.922210', '16777216 17284.559656', '33554432 12456.631887', '67108864 10334.285619', '134217728 9655.128988', '268435456 9663.410646', '536870912 9632.648095', '1073741824 9790.915643', '2147483648 9678.409567', '4294967296 9650.223550', '']",
1660437010-0,i-04f47a62aa16e9c15,m5d.large,52.90218424797058,1660437121.6549244,1660437174.5571086, -w -m32 -e1 -x0 -d2,20592.183118,20275.200701,9714.089492,9592.280461,"['256 22471.657946', '512 23151.748986', '1024 20592.183118', '2048 22134.324457', '4096 22996.137598', '8192 23449.806359', '16384 23603.439829', '32768 22861.612681', '65536 21257.079451', '131072 21247.347422', '262144 21267.298350', '524288 21261.318226', '1048576 20275.200701', '2097152 19090.277542', '4194304 19057.118364', '8388608 18502.581404', '16777216 17535.802424', '33554432 12445.170197', '67108864 9957.439968', '134217728 9769.068136', '268435456 9604.886926', '536870912 9570.642326', '1073741824 9714.089492', '2147483648 9678.311976', '4294967296 9592.280461', '']",
1660437010-0,i-062edaeb2dacd4c9b,m5d.large,53.50243067741394,1660437121.9571073,1660437175.459538, -w -m32 -e1 -x0 -d2,11710.250456,20064.268334,9587.898020,9534.304092,"['256 12073.811700', '512 12674.336729', '1024 11710.250456', '2048 15291.630739', '4096 12146.580814', '8192 11163.203906', '16384 11724.219330', '32768 21656.792823', '65536 20946.509162', '131072 20936.605585', '262144 20930.094438', '524288 20944.122641', '1048576 20064.268334', '2097152 18814.565791', '4194304 18781.349745', '8388608 18191.276294', '16777216 16893.701717', '33554432 11342.148389', '67108864 9570.172224', '134217728 9502.517574', '268435456 9331.184051', '536870912 9492.565080', '1073741824 9587.898020', '2147483648 9592.883440', '4294967296 9534.304092', '']",
1660437010-0,i-08aa9d28390a67e8c,m5d.large,52.96192955970764,1660437121.595087,1660437174.5570166, -w -m32 -e1 -x0 -d2,20297.136952,19944.732986,9632.788033,9590.050567,"['256 22145.545112', '512 22822.651831', '1024 20297.136952', '2048 21744.843991', '4096 22675.169159', '8192 23123.000694', '16384 23351.597563', '32768 22568.919331', '65536 20955.872997', '131072 20961.961317', '262144 20963.643589', '524288 20957.875050', '1048576 19944.732986', '2097152 18808.142613', '4194304 18802.199135', '8388608 18240.705630', '16777216 17541.680731', '33554432 12241.271531', '67108864 10266.371377', '134217728 9725.741087', '268435456 9589.739123', '536870912 9542.317189', '1073741824 9632.788033', '2147483648 9645.851574', '4294967296 9590.050567', '']",
1660437010-0,i-007e25ab977fc90f9,m5d.large,52.97096014022827,1660437121.68647,1660437174.6574302, -w -m32 -e1 -x0 -d2,20587.307966,20181.102855,9387.259333,9484.747059,"['256 22486.993870', '512 23170.081767', '1024 20587.307966', '2048 22108.470630', '4096 23016.018570', '8192 23472.709309', '16384 23704.156474', '32768 22908.749213', '65536 21269.624979', '131072 21277.941894', '262144 21278.926441', '524288 21276.197703', '1048576 20181.102855', '2097152 19034.001946', '4194304 19097.643288', '8388608 18063.687297', '16777216 12554.885864', '33554432 9796.822522', '67108864 8935.287820', '134217728 9562.636713', '268435456 9478.993346', '536870912 9479.697479', '1073741824 9387.259333', '2147483648 9481.610161', '4294967296 9484.747059', '']",
1660437010-0,i-0aa909cd85878f9ed,m5d.large,53.463162899017334,1660437121.632222,1660437175.0953848, -w -m32 -e1 -x0 -d2,20288.329680,20139.444964,9675.837805,9592.364044,"['256 14533.179836', '512 22814.103186', '1024 20288.329680', '2048 21768.673273', '4096 22662.485947', '8192 23095.834944', '16384 23343.875390', '32768 22554.908952', '65536 20921.099781', '131072 20954.172081', '262144 20955.628509', '524288 20954.146328', '1048576 20139.444964', '2097152 18801.174600', '4194304 18801.592292', '8388608 18144.619285', '16777216 17140.900191', '33554432 11640.683015', '67108864 10003.896597', '134217728 9643.690307', '268435456 9482.984832', '536870912 9488.211654', '1073741824 9675.837805', '2147483648 9609.353335', '4294967296 9592.364044', '']",
1660437010-0,i-06682a329b6d029d1,m5d.large,52.988717794418335,1660437121.3141055,1660437174.3028233, -w -m32 -e1 -x0 -d2,20298.345258,20082.746266,9759.674618,9641.372297,"['256 22140.749963', '512 22818.350688', '1024 20298.345258', '2048 21817.348089', '4096 22670.255286', '8192 23114.347454', '16384 23347.456992', '32768 22515.202164', '65536 20952.094864', '131072 20881.931035', '262144 20958.460614', '524288 20958.195679', '1048576 20082.746266', '2097152 18785.726201', '4194304 18818.083497', '8388608 18193.304954', '16777216 17798.516346', '33554432 12928.528500', '67108864 10456.527726', '134217728 9827.128850', '268435456 9666.075549', '536870912 9601.238645', '1073741824 9759.674618', '2147483648 9700.800481', '4294967296 9641.372297', '']",
1660437010-0,i-006452aa6be7632c2,m5d.large,53.080896615982056,1660437122.3277895,1660437175.4086862, -w -m32 -e1 -x0 -d2,20569.208936,20146.750617,9469.354720,9345.700783,"['256 22473.553418', '512 23146.339969', '1024 20569.208936', '2048 22133.307933', '4096 22988.816692', '8192 23387.208828', '16384 23682.879328', '32768 22866.237209', '65536 21259.534191', '131072 21267.676251', '262144 21265.704109', '524288 21263.154080', '1048576 20146.750617', '2097152 19043.124981', '4194304 19032.434682', '8388608 18431.415018', '16777216 15636.051878', '33554432 10813.837378', '67108864 9640.653776', '134217728 9303.288654', '268435456 9285.750452', '536870912 9345.345676', '1073741824 9469.354720', '2147483648 9307.266293', '4294967296 9345.700783', '']",
1660437010-0,i-01538eaf89f9cba74,m5d.large,53.42376375198364,1660437121.9278731,1660437175.351637, -w -m32 -e1 -x0 -d2,14213.033853,12530.170071,7899.350265,7913.665860,"['256 16743.179792', '512 14576.770689', '1024 14213.033853', '2048 17901.349018', '4096 18200.929667', '8192 18857.666287', '16384 18703.651482', '32768 15070.103124', '65536 13734.182341', '131072 11416.800721', '262144 11487.421829', '524288 11233.563864', '1048576 12530.170071', '2097152 13843.675333', '4194304 12804.567525', '8388608 11140.824961', '16777216 9639.886490', '33554432 8756.392336', '67108864 8146.650504', '134217728 7819.383404', '268435456 7785.725876', '536870912 7827.435346', '1073741824 7899.350265', '2147483648 7869.970441', '4294967296 7913.665860', '']",
1660437010-0,i-0e17fbd01996c9970,m5d.large,52.962260484695435,1660437122.0214503,1660437174.9837108, -w -m32 -e1 -x0 -d2,20288.724322,20173.281404,9676.900415,9700.266544,"['256 22140.672739', '512 22810.043162', '1024 20288.724322', '2048 21811.966644', '4096 22645.822279', '8192 23061.645037', '16384 23337.187381', '32768 22498.631544', '65536 20938.545330', '131072 20942.972675', '262144 20943.540157', '524288 20939.472904', '1048576 20173.281404', '2097152 18812.363637', '4194304 18690.753128', '8388608 18012.353842', '16777216 15463.678251', '33554432 10693.001139', '67108864 9757.336705', '134217728 9495.981334', '268435456 9521.392463', '536870912 9545.637862', '1073741824 9676.900415', '2147483648 9692.280746', '4294967296 9700.266544', '']",
1660437010-0,i-00039082a5bb0ff89,m5d.large,53.419830322265625,1660437121.8699853,1660437175.2898157, -w -m32 -e1 -x0 -d2,20004.210242,20004.210242,9889.281757,9932.186361,"['256 13316.777909', '512 11889.214964', '1024 12622.930863', '2048 14087.468714', '4096 11003.967952', '8192 11280.005406', '16384 14497.521471', '32768 22559.948116', '65536 20909.360124', '131072 20945.849906', '262144 20938.227858', '524288 20956.974056', '1048576 20004.210242', '2097152 18807.365631', '4194304 18793.578505', '8388608 18170.525367', '16777216 15759.368524', '33554432 11069.530214', '67108864 10059.372752', '134217728 9689.055377', '268435456 9728.946706', '536870912 9830.163816', '1073741824 9889.281757', '2147483648 9859.680241', '4294967296 9932.186361', '']",
1660437010-0,i-0f846b8c53ba21958,m5d.large,52.64789938926697,1660437121.4894857,1660437174.1373851, -w -m32 -e1 -x0 -d2,20285.601389,19975.937861,10175.449952,10148.417775,"['256 22132.805536', '512 22805.866851', '1024 20285.601389', '2048 21778.222214', '4096 22651.904738', '8192 23033.185304', '16384 23319.421899', '32768 22496.906454', '65536 20931.906389', '131072 20938.331299', '262144 20916.492114', '524288 20940.581265', '1048576 19975.937861', '2097152 18814.884043', '4194304 18799.521712', '8388608 18209.996067', '16777216 17221.903550', '33554432 12433.826584', '67108864 10336.292588', '134217728 9984.978143', '268435456 9973.480879', '536870912 9982.242562', '1073741824 10175.449952', '2147483648 10162.933240', '4294967296 10148.417775', '']",
1660437010-0,i-0efd99a5067db123f,m5d.large,53.467369079589844,1660437121.758034,1660437175.225403, -w -m32 -e1 -x0 -d2,14257.870357,11483.190010,9572.698829,9599.594330,"['256 11051.128214', '512 19919.231824', '1024 14257.870357', '2048 13955.095605', '4096 11505.239532', '8192 14543.613912', '16384 14256.209268', '32768 12415.702160', '65536 11256.075798', '131072 11278.697972', '262144 11379.702143', '524288 11368.556752', '1048576 11483.190010', '2097152 11372.247716', '4194304 13024.756218', '8388608 12128.680831', '16777216 9713.892279', '33554432 8434.990028', '67108864 8250.705881', '134217728 8774.245934', '268435456 9411.908090', '536870912 9459.336905', '1073741824 9572.698829', '2147483648 9603.008488', '4294967296 9599.594330', '']",
1660437010-0,i-01fc20ba4d39357bc,m5d.large,53.505717515945435,1660437121.7574384,1660437175.263156, -w -m32 -e1 -x0 -d2,12638.125598,11118.653048,7791.634025,7814.683978,"['256 12111.997558', '512 13058.708774', '1024 12638.125598', '2048 15815.406463', '4096 18753.625656', '8192 19816.910155', '16384 18899.940915', '32768 19029.621108', '65536 17698.699904', '131072 14022.941398', '262144 14845.500825', '524288 11398.284082', '1048576 11118.653048', '2097152 10355.033116', '4194304 10484.883315', '8388608 15296.810038', '16777216 10498.116015', '33554432 8419.305021', '67108864 8111.367670', '134217728 7928.808959', '268435456 7995.211358', '536870912 8164.865894', '1073741824 7791.634025', '2147483648 7748.331625', '4294967296 7814.683978', '']",
1660437010-0,i-0ffcbcc4a3d5a898e,m5d.large,52.91878962516785,1660437122.1187263,1660437175.0375159, -w -m32 -e1 -x0 -d2,20610.759178,20452.053835,9919.502769,9745.201368,"['256 22485.372200', '512 23168.711170', '1024 20610.759178', '2048 22156.686134', '4096 23018.459396', '8192 23471.920332', '16384 23704.382030', '32768 22859.879172', '65536 21244.559874', '131072 21280.977091', '262144 21280.767755', '524288 21274.163835', '1048576 20452.053835', '2097152 19130.506292', '4194304 19097.969341', '8388608 18517.998897', '16777216 18173.294011', '33554432 13990.845021', '67108864 10693.661256', '134217728 10016.616409', '268435456 9834.571955', '536870912 9748.976799', '1073741824 9919.502769', '2147483648 9780.517913', '4294967296 9745.201368', '']",
1660437010-0,i-05b27c7dfe69b840c,m5d.large,52.87392282485962,1660437122.123435,1660437174.9973578, -w -m32 -e1 -x0 -d2,20611.864197,20279.465870,9811.340354,9785.985306,"['256 22495.197624', '512 23172.643691', '1024 20611.864197', '2048 22161.310722', '4096 23019.338797', '8192 23481.438204', '16384 23707.467738', '32768 22837.037252', '65536 21280.733124', '131072 21285.828823', '262144 21287.481830', '524288 21261.244879', '1048576 20279.465870', '2097152 19175.306760', '4194304 19113.535947', '8388608 18546.763997', '16777216 17462.594530', '33554432 12499.010150', '67108864 10373.885483', '134217728 9854.170952', '268435456 9709.807258', '536870912 9668.535132', '1073741824 9811.340354', '2147483648 9773.226546', '4294967296 9785.985306', '']",
1660437010-0,i-01966e2be9d431790,m5d.large,53.53630805015564,1660437122.0211494,1660437175.5574574, -w -m32 -e1 -x0 -d2,10425.991831,11607.546198,8859.810018,9334.978717,"['256 11539.598361', '512 11396.028433', '1024 10425.991831', '2048 16127.254973', '4096 13897.494524', '8192 12103.083591', '16384 13102.721967', '32768 14867.630507', '65536 12755.265882', '131072 11019.100564', '262144 11230.502627', '524288 11523.124475', '1048576 11607.546198', '2097152 11393.888030', '4194304 11162.649478', '8388608 10606.300746', '16777216 8951.961326', '33554432 8095.931903', '67108864 7942.457379', '134217728 7930.893908', '268435456 8050.215129', '536870912 8101.254298', '1073741824 8859.810018', '2147483648 9310.834240', '4294967296 9334.978717', '']",
1660437010-0,i-05deb01f3ad288558,m5d.large,52.74000668525696,1660437121.9314766,1660437174.6714833, -w -m32 -e1 -x0 -d2,20552.689919,20284.103792,10101.090357,9969.862976,"['256 22498.771731', '512 23174.019005', '1024 20552.689919', '2048 22168.135771', '4096 23026.612504', '8192 23480.955962', '16384 23713.822009', '32768 22864.526052', '65536 21281.007688', '131072 21292.005412', '262144 21291.583141', '524288 21287.120612', '1048576 20284.103792', '2097152 19093.300279', '4194304 19091.587127', '8388608 18541.951353', '16777216 17569.629575', '33554432 12408.949887', '67108864 10531.959539', '134217728 9825.562736', '268435456 9849.305548', '536870912 9912.200100', '1073741824 10101.090357', '2147483648 10018.613064', '4294967296 9969.862976', '']",
1660437010-0,i-032abb3228875ad10,m5d.large,52.70936417579651,1660437121.7763877,1660437174.4857519, -w -m32 -e1 -x0 -d2,20409.930502,20047.863480,10141.406313,10188.125942,"['256 22267.023373', '512 22902.410540', '1024 20409.930502', '2048 21938.538391', '4096 22798.078550', '8192 23246.150241', '16384 23446.708001', '32768 22633.796913', '65536 21057.946086', '131072 21075.393242', '262144 20995.880057', '524288 21074.412102', '1048576 20047.863480', '2097152 19016.080693', '4194304 18911.533742', '8388608 18315.456520', '16777216 16648.732099', '33554432 11666.446666', '67108864 10344.472414', '134217728 10026.280816', '268435456 9912.105854', '536870912 10040.063831', '1073741824 10141.406313', '2147483648 10192.734151', '4294967296 10188.125942', '']",
1660437010-0,i-051eed356edeba87d,m5d.large,52.92023277282715,1660437122.1735659,1660437175.0937986, -w -m32 -e1 -x0 -d2,20591.893842,20254.889782,9863.553019,9687.183755,"['256 22474.372515', '512 23131.877371', '1024 20591.893842', '2048 22137.654690', '4096 22977.251357', '8192 23461.617083', '16384 23692.824762', '32768 22836.443138', '65536 21234.951866', '131072 21268.910816', '262144 21270.426610', '524288 21267.580816', '1048576 20254.889782', '2097152 19154.510542', '4194304 19080.215920', '8388608 18524.276318', '16777216 18163.415612', '33554432 13788.677504', '67108864 10672.578256', '134217728 10018.686822', '268435456 9811.866065', '536870912 9719.563079', '1073741824 9863.553019', '2147483648 9718.941592', '4294967296 9687.183755', '']",
1660437010-0,i-02c65d6c4c3068683,m5d.large,52.95860433578491,1660437122.2908757,1660437175.24948, -w -m32 -e1 -x0 -d2,20293.115739,19921.840448,9899.990817,9727.337066,"['256 22143.156522', '512 22817.106543', '1024 20293.115739', '2048 21815.416602', '4096 22645.578673', '8192 23116.869340', '16384 23345.694359', '32768 22557.697178', '65536 20927.319424', '131072 20955.815024', '262144 20955.685273', '524288 20956.066497', '1048576 19921.840448', '2097152 18843.975577', '4194304 18823.597470', '8388608 18179.752043', '16777216 17783.676877', '33554432 13827.940694', '67108864 10664.606335', '134217728 9972.628124', '268435456 9759.677610', '536870912 9781.755030', '1073741824 9899.990817', '2147483648 9782.421546', '4294967296 9727.337066', '']",
1660437010-0,i-0827a7b2d4b1cd00a,m5d.large,53.56609106063843,1660437122.1112425,1660437175.6773336, -w -m32 -e1 -x0 -d2,11026.767066,20019.303891,9391.781167,9423.674093,"['256 11183.277506', '512 13438.485546', '1024 11026.767066', '2048 15553.563543', '4096 13330.885231', '8192 11153.512471', '16384 11540.605604', '32768 17669.438112', '65536 20924.736120', '131072 20921.593376', '262144 20936.785537', '524288 20933.309525', '1048576 20019.303891', '2097152 18763.239422', '4194304 18722.889449', '8388608 18075.865362', '16777216 15367.834271', '33554432 10263.974363', '67108864 9639.137180', '134217728 9275.366960', '268435456 9281.065142', '536870912 9348.629233', '1073741824 9391.781167', '2147483648 9437.232845', '4294967296 9423.674093', '']",
1660437010-0,i-0a11abc46743e2148,m5d.large,52.91246700286865,1660437121.6012807,1660437174.5137477, -w -m32 -e1 -x0 -d2,20297.115724,19784.927692,9863.682368,9804.283026,"['256 22148.793577', '512 22820.157912', '1024 20297.115724', '2048 21802.157840', '4096 22670.288977', '8192 23119.079239', '16384 23348.344111', '32768 22563.773203', '65536 20927.343079', '131072 20959.046239', '262144 20955.142798', '524288 20954.239480', '1048576 19784.927692', '2097152 18762.268136', '4194304 18820.462953', '8388608 18262.734046', '16777216 17850.372000', '33554432 12785.416041', '67108864 10639.637287', '134217728 10017.288001', '268435456 9830.586744', '536870912 9792.080022', '1073741824 9863.682368', '2147483648 9856.568876', '4294967296 9804.283026', '']",
1660437010-0,i-01b10f93270d90e3d,m5d.large,53.529402017593384,1660437122.3634076,1660437175.8928096, -w -m32 -e1 -x0 -d2,11774.585123,20039.797306,9568.395159,9596.135882,"['256 11178.343580', '512 11652.986550', '1024 11774.585123', '2048 11489.255858', '4096 13867.490927', '8192 14791.335824', '16384 11106.247754', '32768 11349.421631', '65536 12351.462157', '131072 20905.570089', '262144 20936.706569', '524288 20950.873621', '1048576 20039.797306', '2097152 18780.886113', '4194304 18764.415053', '8388608 18040.054628', '16777216 15793.124037', '33554432 10902.793099', '67108864 9604.449202', '134217728 9359.561294', '268435456 9350.000968', '536870912 9442.563082', '1073741824 9568.395159', '2147483648 9512.745255', '4294967296 9596.135882', '']",
1660437010-0,i-04829211808c14061,m5d.large,52.95133972167969,1660437122.1996808,1660437175.1510205, -w -m32 -e1 -x0 -d2,20604.104814,20097.234317,9661.390368,9561.379549,"['256 22484.371832', '512 23167.682750', '1024 20604.104814', '2048 22146.487912', '4096 23012.735350', '8192 23384.424904', '16384 23705.814949', '32768 22854.832471', '65536 21271.658723', '131072 21281.863155', '262144 21281.382065', '524288 21109.943898', '1048576 20097.234317', '2097152 19093.966958', '4194304 19034.718439', '8388608 18531.985907', '16777216 16788.464169', '33554432 12163.716968', '67108864 10044.266000', '134217728 9686.080715', '268435456 9472.530656', '536870912 9490.169738', '1073741824 9661.390368', '2147483648 9563.642196', '4294967296 9561.379549', '']",
1660437010-0,i-094dd57c4f2709e9e,m5d.large,52.95798468589783,1660437121.792832,1660437174.7508166, -w -m32 -e1 -x0 -d2,20611.997349,20141.806624,9731.873511,9687.422520,"['256 22461.694234', '512 23186.106261', '1024 20611.997349', '2048 22160.022174', '4096 23021.453805', '8192 23476.606779', '16384 23677.871780', '32768 22859.713397', '65536 21205.476464', '131072 21283.748646', '262144 21286.457690', '524288 21280.003414', '1048576 20141.806624', '2097152 19126.059606', '4194304 19100.274193', '8388608 18436.542171', '16777216 16411.154979', '33554432 11151.892612', '67108864 9943.126838', '134217728 9612.145722', '268435456 9539.462091', '536870912 9571.061452', '1073741824 9731.873511', '2147483648 9685.881217', '4294967296 9687.422520', '']",
