instanceID,sysbench,ycruncher,pgbench,iperf,setId,tenants
i-0009b7735dea24732,9.04635172411111,6.52665172677777,123377,1179.1,48,48
i-002f7e27ea3e0bc1c,9.04348537666666,6.53257081244444,123286,1075.2,48,48
i-007e12c9530b8cdea,9.52516418033333,6.52344634811111,122657.666666666,857.8,48,48
i-008e6f72c7403b5d3,9.04128413733333,6.48758445844444,123779.666666666,1077,48,48
i-00ba7a56c944e5a25,9.04279941977777,6.56898339577777,123144,1621.9,48,48
i-00d71d40b42658392,9.04251692033333,6.52293101944444,123051,1018,48,48
i-01f539b055c2a5d34,9.04438418788888,6.54147897833333,122862.666666666,1020.7,48,48
i-0243a74ede206f760,9.04150915155555,6.54712488911111,123389,1063.1,48,48
i-02765ba82e12781a4,9.04849976966666,6.52255241077777,123798.333333333,2118.8,48,48
i-02ca0e36a4acaf9fc,9.04408407211111,6.59277603355555,121889.666666666,962.9,48,48
i-040dfb2d2a1990b9d,9.04425181288889,6.56314773033333,123572.666666666,1629.2,48,48
i-048c3c6548c1a414a,9.04779712355555,6.44815741644444,122087.666666666,1290.8,48,48
i-0507566c757134fb6,9.04280037344444,6.50366348688888,123698.666666666,1166.1,48,48
i-05e473f8ff82c1527,9.04365099811111,6.50575937155555,122617.333333333,1914.7,48,48
i-067b2519b614c8f9d,9.04288906544444,6.46133489077777,123604.333333333,1079.1,48,48
i-06b96f53253b4cc2e,9.04348140288889,6.53239247522222,124621.333333333,968.3,48,48
i-071a48cf857bce94f,9.04071593288888,6.38072379422222,123231,1605.4,48,48
i-07379900fe80899d6,9.04360201633333,6.516331858,122560.666666666,1181.5,48,48
i-0763ab86e85627573,9.04464909755555,6.547708829,114626.666666666,2101.3,48,48
i-07998976f194caa97,9.04178735933333,6.55249404933333,124477.333333333,1018.9,48,48
i-07be1c77f6fdf8eda,9.04353920622222,6.55582804155555,124697.333333333,940.5,48,48
i-07c76ac1348426483,9.04217606111111,6.55022774822222,120987,1933.2,48,48
i-0837f0f6a7a42ac68,9.04436169722222,6.58341937599999,123209.666666666,1633.9,48,48
i-084caea7d9c000ba9,9.04413342466666,6.53500080111111,123095.333333333,1615.6,48,48
i-08559b79281547ef2,9.04287878688889,6.49428979566666,124267.666666666,1077.1,48,48
i-08e70b514c8c3cd5a,9.04389007877777,6.53525243866666,123006.666666666,917,48,48
i-08ff78a502245298a,9.04285362022222,6.54942798622222,123412.333333333,982.2,48,48
i-095d06d26dd29ecec,9.04504476644444,6.44794072055555,124327.666666666,1045.5,48,48
i-0977cb2af690d36fd,9.04597287722222,6.512336572,124736.333333333,949.3,48,48
i-09c658651b17c197e,9.04466499211111,6.53447053177777,121159.333333333,1105.4,48,48
i-0ab84c959b473605a,9.04355388222222,6.52153171444444,123040,1514.4,48,48
i-0aecb3d1daeccc874,9.04200201544444,6.55496623777777,124828.333333333,1088.3,48,48
i-0b138e3642a677559,9.04633193544444,6.51267454355555,123374.333333333,1053.9,48,48
i-0b3a38b18367faa71,9.04151882077777,6.42095541966666,122475.666666666,1843.6,48,48
i-0ba417327f988ba2b,9.05140060855555,6.56423322344444,122970.666666666,1546.6,48,48
i-0bfaa8f4e041c36fa,9.04282262588888,6.51071304744444,124206.666666666,1470.9,48,48
i-0c3e9f9e7b281edfe,9.04305028911111,6.53484225288889,125848.666666666,934.1,48,48
i-0cc4b604b837f69d9,9.04138543844444,6.53538987377777,123427,1053.2,48,48
i-0d136c81f43ce8a29,9.04190675411111,6.53093258566666,123526.666666666,1188,48,48
i-0d1c421d52c368b29,9.04502473933333,6.55123554344444,123335.666666666,1673.8,48,48
i-0d44050a4e6a71d7c,9.04312565588888,6.46117716366666,124210,818.2,48,48
i-0d6feb91baa545931,9.04287764744444,6.57872941777777,121454.666666666,1067.4,48,48
i-0d75b8bf3603b2040,9.04240488988889,6.476328929,122447,1057.2,48,48
i-0dcfa6d3bc470d28d,9.04413639177777,6.48754005966666,124719.666666666,1117,48,48
i-0e167bbfcd6a685f5,9.04340563877777,6.51909441411111,122529.666666666,1480.4,48,48
i-0ede59d8254436a40,9.04096158344444,6.53902109477777,123651.333333333,1079.6,48,48
i-0f285214d5c41327e,9.04333432522222,6.40957199222222,123640.666666666,1039.4,48,48
i-0f472084ac3992ad9,9.04453055066666,6.55292307011111,125537.333333333,1502.6,48,48
i-0009b7735dea24732,9.04861206488889,6.42541983388888,124874.666666666,1009.3,47,47
i-002f7e27ea3e0bc1c,9.05058134933333,6.49694808322222,123011,1157.6,47,47
i-007e12c9530b8cdea,9.05139901888889,6.41694294088888,121913,1018.9,47,47
i-008e6f72c7403b5d3,9.04852281688889,6.41918253888888,125413.333333333,1248.3,47,47
i-00ba7a56c944e5a25,9.05254048777778,6.55402527933333,124615.333333333,1403.5,47,47
i-00d71d40b42658392,9.048826615,6.60955013155555,122821.666666666,1028.7,47,47
i-01f539b055c2a5d34,9.04847290788889,6.426703665,124665.666666666,1127.6,47,47
i-0243a74ede206f760,9.04729231211111,6.46619359633333,124727,1020.5,47,47
i-02765ba82e12781a4,9.04921544922222,6.52325807666666,123073,1087.4,47,47
i-02ca0e36a4acaf9fc,9.05002625788889,6.49123464677777,122478,1115.7,47,47
i-040dfb2d2a1990b9d,9.04779654077777,6.44917334455555,123491,1068.7,47,47
i-048c3c6548c1a414a,9.04977345466666,6.596384075,123590.333333333,1013.4,47,47
i-0507566c757134fb6,9.05362860366666,6.54673123366666,124023.666666666,1177.7,47,47
i-05e473f8ff82c1527,9.05232771233333,6.41159741088888,124017.666666666,1298.2,47,47
i-067b2519b614c8f9d,9.05017603788888,6.38406875388888,123165.666666666,1029.5,47,47
i-06b96f53253b4cc2e,9.05060021099999,6.53071777022222,124210,1149.3,47,47
i-071a48cf857bce94f,9.05105969644444,6.52821699777777,122764.333333333,1266.2,47,47
i-07379900fe80899d6,9.05327502888888,6.52901297155555,123157,1096.3,47,47
i-0763ab86e85627573,9.05155862688889,6.545122438,115599.333333333,1364.5,47,47
i-07998976f194caa97,9.05080318455555,6.47673975077777,124298.666666666,1157.4,47,47
i-07be1c77f6fdf8eda,9.05416300544444,6.55573132311111,124603,855.3,47,47
i-07c76ac1348426483,9.04566007177777,6.53012975055555,121790.333333333,1457.6,47,47
i-0837f0f6a7a42ac68,9.05817121944444,6.51446273577777,124017.666666666,899,47,47
i-084caea7d9c000ba9,9.048520618,6.54799763366666,122709,876.2,47,47
i-08559b79281547ef2,9.05052275133333,6.51627847877777,123678.666666666,968.8,47,47
i-08e70b514c8c3cd5a,9.04733880366666,6.42287333811111,124678,1133.7,47,47
i-08ff78a502245298a,9.04622024955555,6.44045016499999,124997.333333333,983.1,47,47
i-095d06d26dd29ecec,9.04854488366666,6.52693544488888,124139.666666666,1058,47,47
i-0977cb2af690d36fd,9.05804626144444,6.43211420366666,126133.333333333,1389.4,47,47
i-09c658651b17c197e,9.04722240244444,6.57624491066666,122291,1036.4,47,47
i-0aecb3d1daeccc874,9.04795262544444,6.61454155722222,125058,1178.2,47,47
i-0b138e3642a677559,9.05093532144444,6.39676568222222,122998.333333333,1088.5,47,47
i-0b3a38b18367faa71,9.048381408,6.38951730733333,123844.666666666,1375.2,47,47
i-0ba417327f988ba2b,9.05725616877777,6.56308711888889,122896,1156.8,47,47
i-0bfaa8f4e041c36fa,9.04825033066666,6.533539878,123704,1150.2,47,47
i-0c3e9f9e7b281edfe,9.05051607566666,6.54164282477777,126649.666666666,937.2,47,47
i-0cc4b604b837f69d9,9.04878298444444,6.405739069,123066,1052.3,47,47
i-0d136c81f43ce8a29,9.04932509533333,6.48983171244444,124849.333333333,1266,47,47
i-0d1c421d52c368b29,9.04779484522222,6.56128915155555,122588,1073,47,47
i-0d44050a4e6a71d7c,9.04737552011111,6.59722929555555,123700,972,47,47
i-0d6feb91baa545931,9.05691379977778,6.502318965,121857.666666666,1132,47,47
i-0d75b8bf3603b2040,9.05564697588889,6.42637093866666,123772,1054.4,47,47
i-0dcfa6d3bc470d28d,9.051319599,6.42962956444444,124550.666666666,1069.8,47,47
i-0e167bbfcd6a685f5,9.05019712433333,6.53095920877777,124012.666666666,1090.7,47,47
i-0ede59d8254436a40,9.04647853644444,6.40306798622222,125163,1281,47,47
i-0f285214d5c41327e,9.05070050566666,6.491168552,125052.666666666,1046.3,47,47
i-0f472084ac3992ad9,9.06086068677777,6.52724374655555,126058.333333333,1142.8,47,47
i-0009b7735dea24732,9.05457904599999,6.35343615222222,126450.666666666,1139.5,46,46
i-002f7e27ea3e0bc1c,9.04512029222222,6.35062154144444,123215.333333333,1239.8,46,46
i-007e12c9530b8cdea,9.06746806033333,6.38274086855555,122515.333333333,1034.6,46,46
i-008e6f72c7403b5d3,9.04215810011111,6.354813099,127146.333333333,1124.7,46,46
i-00ba7a56c944e5a25,9.05446330688888,6.55326069744444,126584.666666666,1440.3,46,46
i-00d71d40b42658392,9.04204034811111,6.358044068,123655.333333333,1017.2,46,46
i-01f539b055c2a5d34,9.051512162,6.30547613566666,126836,1111.6,46,46
i-0243a74ede206f760,9.05649632877777,6.36476956466666,126725.666666666,938.2,46,46
i-02765ba82e12781a4,9.04446559477777,6.55247320066666,123554,1198.1,46,46
i-02ca0e36a4acaf9fc,9.04302631488888,6.37420434433333,124641,1229,46,46
i-040dfb2d2a1990b9d,9.04323045422222,6.37060930977777,123902,897.8,46,46
i-048c3c6548c1a414a,9.04800351455555,6.57862077833333,125962,1332.1,46,46
i-0507566c757134fb6,9.05448547999999,6.52718191677777,124209.666666666,1348.8,46,46
i-05e473f8ff82c1527,9.05563900211111,6.36432817244444,125899,1015.6,46,46
i-067b2519b614c8f9d,9.04189480677777,6.36168106399999,123145,1125.3,46,46
i-06b96f53253b4cc2e,9.04560756677778,6.52873606155555,124580.333333333,1052.8,46,46
i-071a48cf857bce94f,9.04292702666666,6.40740723066666,123424,1431,46,46
i-07379900fe80899d6,9.05125949111111,6.52530569477777,125030,1046.4,46,46
i-0763ab86e85627573,9.05347953911111,6.55153364622222,117659,1394.5,46,46
i-07998976f194caa97,9.05397672122222,6.37163784755555,124533.666666666,1372.4,46,46
i-07be1c77f6fdf8eda,9.04281881133333,6.54153209266666,124394,1140.9,46,46
i-07c76ac1348426483,9.05194150077777,6.50734506711111,123775.666666666,1350.5,46,46
i-0837f0f6a7a42ac68,9.04376859144444,6.55863674477777,125991.666666666,1125.7,46,46
i-084caea7d9c000ba9,9.05365244533333,6.56727947122222,123074.666666666,985.3,46,46
i-08559b79281547ef2,9.04381595722222,6.53527408177777,124162,915.2,46,46
i-08e70b514c8c3cd5a,9.05328265844444,6.40221460655555,126861,1052.1,46,46
i-08ff78a502245298a,9.05017733577777,6.367086437,126988,945.7,46,46
i-095d06d26dd29ecec,9.04680548777777,6.44679652322222,124126.333333333,1056.8,46,46
i-0977cb2af690d36fd,9.04441245399999,6.36080325977777,128345.666666666,1182.5,46,46
i-09c658651b17c197e,9.05385462433333,6.55716472188889,124561.666666666,1239.1,46,46
i-0aecb3d1daeccc874,9.04448411177777,6.54184616966666,125068,1222.1,46,46
i-0b138e3642a677559,9.04550282144444,6.339143541,123295,1036.6,46,46
i-0b3a38b18367faa71,9.04138247177777,6.30748820322222,125701,1127.4,46,46
i-0ba417327f988ba2b,9.04961495922222,6.57599745855555,123281.666666666,1249.6,46,46
i-0bfaa8f4e041c36fa,9.05276017722222,6.54207314388888,124397.666666666,1027.7,46,46
i-0c3e9f9e7b281edfe,9.04161291655555,6.51510357844444,128365.333333333,1103.9,46,46
i-0cc4b604b837f69d9,9.04042636011111,6.34515603366666,123714,1157.9,46,46
i-0d136c81f43ce8a29,9.05100724433333,6.37465514077777,126643.333333333,1258.3,46,46
i-0d1c421d52c368b29,9.04463754777777,6.53941488277777,122670.333333333,1030.8,46,46
i-0d44050a4e6a71d7c,9.04545201188889,6.56338572477777,123999.666666666,1310.8,46,46
i-0d6feb91baa545931,9.05445257811111,6.31839858155555,121818.333333333,1037.6,46,46
i-0dcfa6d3bc470d28d,9.05333675277777,6.34767537644444,125027,1142.1,46,46
i-0e167bbfcd6a685f5,9.04465863433333,6.55260207922222,125747.666666666,1057,46,46
i-0ede59d8254436a40,9.04394115333333,6.41949902644444,127297,1069.9,46,46
i-0f285214d5c41327e,9.04125645411111,6.48874682844444,126675.666666666,944.6,46,46
i-0f472084ac3992ad9,9.05378421133333,6.543979115,126469.666666666,1066.2,46,46
i-0009b7735dea24732,9.05009770411111,6.28092635988888,127170.333333333,1204.5,45,45
i-002f7e27ea3e0bc1c,9.04857158655555,6.38157550499999,125858,1250.3,45,45
i-007e12c9530b8cdea,9.05610866022222,6.41970581466666,125318,997.4,45,45
i-008e6f72c7403b5d3,9.04916289111111,6.39017144855555,127709.333333333,1363.2,45,45
i-00ba7a56c944e5a25,9.05047588877777,6.39636535111111,127472,1283.5,45,45
i-00d71d40b42658392,9.04485827011111,6.39149994322222,126195.333333333,1156.7,45,45
i-01f539b055c2a5d34,9.05605011511111,6.38298273088888,127562.666666666,957.3,45,45
i-0243a74ede206f760,9.04946411966666,6.39300251011111,127374,922.4,45,45
i-02765ba82e12781a4,9.05537772177777,6.39619035211111,125857,1380.1,45,45
i-02ca0e36a4acaf9fc,9.04380551977777,6.44878257655555,125491.666666666,1277.3,45,45
i-040dfb2d2a1990b9d,9.05260295355555,6.33309351088888,126561.666666666,1145.1,45,45
i-048c3c6548c1a414a,9.04710650455555,6.42278324233333,126786.666666666,1281.3,45,45
i-0507566c757134fb6,9.04163093044444,6.43131126277777,127364,1210.7,45,45
i-05e473f8ff82c1527,9.053882387,6.34464248033333,127071,1234.5,45,45
i-067b2519b614c8f9d,9.04994813622222,6.38924951011111,126103.666666666,1027.3,45,45
i-06b96f53253b4cc2e,9.05054309622222,6.50274125733333,127051.333333333,1197,45,45
i-071a48cf857bce94f,9.04596707555555,6.44815368133333,125536,1353.2,45,45
i-07379900fe80899d6,9.05049541266666,6.46897896122222,126115.333333333,1162,45,45
i-0763ab86e85627573,9.04828484844444,6.43295113244444,118435.666666666,1393.9,45,45
i-07998976f194caa97,9.05517260244444,6.41406930833333,127066,1150.3,45,45
i-07be1c77f6fdf8eda,9.04546369433333,6.46812277388888,127237.333333333,814.3,45,45
i-07c76ac1348426483,9.055335866,6.41281329266666,124766,1082.7,45,45
i-0837f0f6a7a42ac68,9.04621251433333,6.45857622899999,127040.666666666,1394.3,45,45
i-084caea7d9c000ba9,9.05024491411111,6.44330027366666,125437.666666666,1002.4,45,45
i-08559b79281547ef2,9.05864159255555,6.428883791,126958.666666666,1073.2,45,45
i-08e70b514c8c3cd5a,9.04606469455555,6.38864302644444,127705.333333333,864.7,45,45
i-08ff78a502245298a,9.04842933022222,6.40752164522222,127925.333333333,1245.8,45,45
i-095d06d26dd29ecec,9.04683195211111,6.43672023866666,127522,1022.5,45,45
i-0977cb2af690d36fd,9.05524457822222,6.35989491133333,128967.333333333,1132.5,45,45
i-09c658651b17c197e,9.05078909144444,6.50613225811111,125702,1132.7,45,45
i-0b138e3642a677559,9.04849216666666,6.38836826222222,125793.666666666,1383.4,45,45
i-0b3a38b18367faa71,9.04266002433333,6.31353828633333,126643.666666666,1212.1,45,45
i-0ba417327f988ba2b,9.07345830066666,6.55299120466666,126517.333333333,1295,45,45
i-0bfaa8f4e041c36fa,9.04675825433333,6.45406484599999,126813.666666666,1013.2,45,45
i-0c3e9f9e7b281edfe,9.04671645177777,6.41563346633333,129274.666666666,1000.4,45,45
i-0cc4b604b837f69d9,9.04775561233333,6.35780530488888,126214,1422.9,45,45
i-0d136c81f43ce8a29,9.05139250222222,6.40274707477777,127383,1082.4,45,45
i-0d1c421d52c368b29,9.06885788177778,6.44075515544444,125035,938,45,45
i-0d44050a4e6a71d7c,9.04994535444444,6.44651910988888,126428.666666666,1350,45,45
i-0d6feb91baa545931,9.05626281088888,6.37992191311111,124465.333333333,1123.2,45,45
i-0dcfa6d3bc470d28d,9.05464882311111,6.38268616477777,127859.333333333,1147.8,45,45
i-0e167bbfcd6a685f5,9.05412430233333,6.42803727255555,126804.333333333,1146.9,45,45
i-0ede59d8254436a40,9.04793892977777,6.35685340566666,128155,1239.6,45,45
i-0f285214d5c41327e,9.04553331277777,6.33584253,127759.666666666,1273.8,45,45
i-0f472084ac3992ad9,9.05814602655555,6.43702679222222,128930.333333333,986.6,45,45
i-0009b7735dea24732,9.04429724488888,6.30951433711111,127250.333333333,1173.7,44,44
i-002f7e27ea3e0bc1c,8.78243682111111,6.34818347288888,127493.666666666,1302.1,44,44
i-007e12c9530b8cdea,9.04689698744444,6.33829659877777,126875.333333333,897.4,44,44
i-008e6f72c7403b5d3,8.78214769911111,6.36722800466666,128233,1448.6,44,44
i-00ba7a56c944e5a25,8.78322328466666,6.49674431477777,127302.666666666,1335.4,44,44
i-00d71d40b42658392,8.78194162577777,6.30389528822222,128699,1090.2,44,44
i-01f539b055c2a5d34,9.04763597899999,6.30643039277777,127543.666666666,1049.3,44,44
i-0243a74ede206f760,8.78346570322222,6.37284737144444,127388,914,44,44
i-02765ba82e12781a4,9.04810516044444,6.43109260677777,127510.333333333,1817,44,44
i-02ca0e36a4acaf9fc,8.78137016288888,6.35333058566666,125542,1467,44,44
i-048c3c6548c1a414a,8.783463796,6.47526913211111,126550.333333333,1299.7,44,44
i-0507566c757134fb6,9.04570637811111,6.41962803744444,129365.333333333,1215.1,44,44
i-05e473f8ff82c1527,9.04719951411111,6.26580672788888,126948.666666666,1259.6,44,44
i-067b2519b614c8f9d,9.04273152344444,6.343211386,127210,1051.6,44,44
i-06b96f53253b4cc2e,9.04637757933333,6.44998025888888,128611,1120.5,44,44
i-071a48cf857bce94f,9.04584688622222,6.38948008744444,127250,1226.5,44,44
i-07379900fe80899d6,8.78160579988888,6.49919109866666,125877.666666666,1237.3,44,44
i-0763ab86e85627573,9.04314957711111,6.45669984811111,118088.333333333,1807.2,44,44
i-07998976f194caa97,9.04715432044444,6.34889017222222,128287.333333333,1374.1,44,44
i-07be1c77f6fdf8eda,9.04482603066666,6.42232203477777,128733,971.9,44,44
i-07c76ac1348426483,9.045246972,6.446297725,124045.666666666,1248.7,44,44
i-0837f0f6a7a42ac68,8.78471551999999,6.46779908066666,126865,1028.8,44,44
i-084caea7d9c000ba9,9.043384658,6.49404920477777,126817.666666666,1119.9,44,44
i-08559b79281547ef2,8.78290165799999,6.41258046355555,128221.333333333,956.6,44,44
i-08e70b514c8c3cd5a,9.04366713111111,6.33977052877777,127464,939.8,44,44
i-08ff78a502245298a,8.78279002511111,6.361854103,127727,1165.5,44,44
i-095d06d26dd29ecec,8.78434507044444,6.39374083933333,129017,1268.7,44,44
i-0977cb2af690d36fd,9.04927118622222,6.29634438622222,129156,938.8,44,44
i-09c658651b17c197e,9.04600940811111,6.48295495255555,125345.666666666,1224.1,44,44
i-0b138e3642a677559,8.79996095777777,6.31291810666666,127118,1195.5,44,44
i-0b3a38b18367faa71,8.78837659622222,6.29891143922222,126667.333333333,1228.9,44,44
i-0ba417327f988ba2b,8.78905248644444,6.44763822011111,127763.333333333,1046.2,44,44
i-0bfaa8f4e041c36fa,8.78227615366666,6.42226446988888,128146.333333333,881.8,44,44
i-0c3e9f9e7b281edfe,8.78234736133333,6.43655191533333,129650,1223.6,44,44
i-0cc4b604b837f69d9,8.77988606044444,6.30568618244444,127898.666666666,1297.3,44,44
i-0d136c81f43ce8a29,9.04540673888889,6.36061753155555,127059.333333333,931.4,44,44
i-0d1c421d52c368b29,9.04772588966666,6.44638803288888,126731,1159.8,44,44
i-0d44050a4e6a71d7c,8.78327327299999,6.49052545766666,127900.333333333,1190,44,44
i-0d6feb91baa545931,9.046113915,6.31982556977777,126744,1002,44,44
i-0dcfa6d3bc470d28d,8.78406726011111,6.30524341277777,129955.666666666,1375.2,44,44
i-0e167bbfcd6a685f5,9.04556846622222,6.44951417711111,126596.333333333,1225.3,44,44
i-0ede59d8254436a40,9.04722539577778,6.42891536811111,128256.333333333,1437.3,44,44
i-0f285214d5c41327e,9.04353695433333,6.34334084711111,127798.666666666,1286.2,44,44
i-0f472084ac3992ad9,9.05129440622222,6.44401266844444,130378.333333333,1028.3,44,44
i-0009b7735dea24732,9.04244179199999,6.32816166344444,127360,1372.6,43,43
i-002f7e27ea3e0bc1c,8.77673183555555,6.33966313466666,128680,1450,43,43
i-007e12c9530b8cdea,9.04326494533333,6.31014625233333,128288,1030.3,43,43
i-008e6f72c7403b5d3,8.77739021522222,6.31770149877777,128036.666666666,1376.6,43,43
i-00ba7a56c944e5a25,8.77735511466666,6.37026129833333,127362,1644,43,43
i-00d71d40b42658392,8.77458222722222,6.35260846877777,130058.333333333,1117.6,43,43
i-01f539b055c2a5d34,9.043940703,6.36417338588888,127519,1140.7,43,43
i-0243a74ede206f760,8.77841348122222,6.37049889566666,127366,1193.7,43,43
i-02ca0e36a4acaf9fc,8.77514772955555,6.34945760833333,125592,1646,43,43
i-048c3c6548c1a414a,8.78002370733333,6.36495775644444,126491.333333333,1143.9,43,43
i-0507566c757134fb6,9.040886879,6.36271805222222,130125.333333333,1155.2,43,43
i-05e473f8ff82c1527,9.04155913988889,6.31286009133333,127176,1228.2,43,43
i-067b2519b614c8f9d,9.04089932944444,6.33445154288888,128229.333333333,1320.5,43,43
i-06b96f53253b4cc2e,9.04300737388889,6.33924274966666,130081,1139.6,43,43
i-071a48cf857bce94f,9.04053110533333,6.33922892155555,128925.666666666,1272.9,43,43
i-07379900fe80899d6,8.7764527531111,6.45482230188888,125893,1533.4,43,43
i-0763ab86e85627573,9.04371195355555,6.38198643255555,118510.666666666,1092.9,43,43
i-07998976f194caa97,9.04397720766666,6.36827169522222,129365.666666666,1517.1,43,43
i-07be1c77f6fdf8eda,9.04163124822222,6.31927818733333,129976,1054.9,43,43
i-07c76ac1348426483,9.04213004633333,6.38142885088889,124595.666666666,1418.9,43,43
i-0837f0f6a7a42ac68,8.779578474,6.393830776,126866.666666666,1108.3,43,43
i-084caea7d9c000ba9,9.04298610155555,6.39527355299999,127917,1179.4,43,43
i-08559b79281547ef2,8.77619163188888,6.35804798855555,129626.666666666,1281.6,43,43
i-08e70b514c8c3cd5a,9.04447568777777,6.29482057355555,127540.333333333,1001.2,43,43
i-08ff78a502245298a,8.77849078188889,6.35378826988888,127823.333333333,1193.4,43,43
i-095d06d26dd29ecec,8.77715317422222,6.36863176055555,130087.333333333,1163.3,43,43
i-0977cb2af690d36fd,9.04372549055555,6.29740283233333,129567,1493.8,43,43
i-09c658651b17c197e,9.041606744,6.41217645011111,125609,1361.1,43,43
i-0b138e3642a677559,8.77877754622222,6.29747332455555,128194.666666666,1330.9,43,43
i-0b3a38b18367faa71,8.77296527233333,6.31765784155555,126588.666666666,1129.5,43,43
i-0ba417327f988ba2b,8.78115667233333,6.36236723288888,129315,1478.5,43,43
i-0bfaa8f4e041c36fa,8.77541515566666,6.37667319511111,129343.666666666,901.7,43,43
i-0c3e9f9e7b281edfe,8.77666883988888,6.40859625066666,129678,1006.6,43,43
i-0cc4b604b837f69d9,8.77549764855555,6.33242935611111,128777.333333333,1316.2,43,43
i-0d136c81f43ce8a29,9.04265631577777,6.36025057911111,127105.666666666,1194.9,43,43
i-0d1c421d52c368b29,9.04364408388889,6.39404927355555,128596.333333333,865.1,43,43
i-0d44050a4e6a71d7c,8.77856466511111,6.33491190277777,129187,1213.3,43,43
i-0d6feb91baa545931,9.04382631522222,6.34428469344444,128535.666666666,1113.7,43,43
i-0dcfa6d3bc470d28d,8.77812631933333,6.33498035533333,131294,1011.8,43,43
i-0e167bbfcd6a685f5,9.04250881399999,6.38646782766666,126828,1340.1,43,43
i-0ede59d8254436a40,9.04163437422222,6.34048533444444,128432.666666666,1167.5,43,43
i-0f285214d5c41327e,9.04065913622222,6.34242492266666,127800.333333333,1094.8,43,43
i-0f472084ac3992ad9,9.04634099533333,6.33657474,131369,1173.9,43,43
i-0009b7735dea24732,9.04247877322222,6.08110907344444,128788.333333333,1269.6,42,42
i-002f7e27ea3e0bc1c,8.77820695766666,6.16145507488888,128963,1375.6,42,42
i-007e12c9530b8cdea,9.04275539188889,6.18030805055555,128298,900.3,42,42
i-008e6f72c7403b5d3,8.79182640688889,6.10117210277777,129392.666666666,1455.8,42,42
i-00ba7a56c944e5a25,8.77717449944444,6.39639237188888,128491,1407.4,42,42
i-00d71d40b42658392,8.77543462633333,6.15030792022222,129847.333333333,931.1,42,42
i-01f539b055c2a5d34,9.04267528333333,6.15198440022222,129040.666666666,957.4,42,42
i-0243a74ede206f760,8.77706474722222,6.16902634822222,128817,1186.9,42,42
i-02ca0e36a4acaf9fc,8.77667085344444,6.16101582844444,127144.666666666,1442.8,42,42
i-048c3c6548c1a414a,8.78155787811111,6.41753522566666,128157,1292.7,42,42
i-0507566c757134fb6,9.04175856388888,6.31237133355555,130352.666666666,1307.9,42,42
i-067b2519b614c8f9d,9.04201311533333,6.120314969,129084,1342.4,42,42
i-06b96f53253b4cc2e,9.04254380866666,6.44198534211111,129908.666666666,1446.8,42,42
i-071a48cf857bce94f,9.04156782888888,6.26875882688888,128989,1043.1,42,42
i-07379900fe80899d6,8.77592783511111,6.35496245477777,127279.333333333,1462,42,42
i-0763ab86e85627573,9.04307084622222,6.39295175333333,119922.666666666,1371.5,42,42
i-07998976f194caa97,9.04236963055555,6.15475548644444,129480.666666666,1402.9,42,42
i-07be1c77f6fdf8eda,9.04290829766666,6.36078749755555,129958.666666666,1017.4,42,42
i-07c76ac1348426483,9.04254889488888,6.53392497711111,126500.333333333,1296.7,42,42
i-0837f0f6a7a42ac68,8.77808504644444,6.39872323144444,128753,1217.6,42,42
i-084caea7d9c000ba9,9.04344148111111,6.37829852077777,128258.333333333,1074.3,42,42
i-08559b79281547ef2,8.77508319755555,6.32233066033333,129962,1040.6,42,42
i-08e70b514c8c3cd5a,9.04319845311111,6.12747714255555,129051.666666666,969.4,42,42
i-08ff78a502245298a,8.77759212911111,6.14288070466666,129708,1017.9,42,42
i-095d06d26dd29ecec,8.77617324711111,6.34249854099999,130282.333333333,1322,42,42
i-0977cb2af690d36fd,9.04530734477777,6.09328100422222,130786.333333333,1323.2,42,42
i-09c658651b17c197e,9.04201086355555,6.38393314666666,127542.666666666,1253.1,42,42
i-0b138e3642a677559,8.78127156355555,6.16229907688888,128529,1270.3,42,42
i-0b3a38b18367faa71,8.77356849777777,6.117489126,127792.333333333,1384.3,42,42
i-0ba417327f988ba2b,8.77775772411111,6.36322612222222,128760,1873.7,42,42
i-0bfaa8f4e041c36fa,8.776145617,6.378285726,129388,1124.8,42,42
i-0c3e9f9e7b281edfe,8.77522653988889,6.36577275055555,131040.333333333,962.3,42,42
i-0cc4b604b837f69d9,8.77456710066666,6.08844555733333,128994.333333333,1171.8,42,42
i-0d136c81f43ce8a29,9.04187983933333,6.15637230877777,128920.333333333,1177.6,42,42
i-0d1c421d52c368b29,9.04417551888889,6.36861713733333,128613.666666666,1070.9,42,42
i-0d44050a4e6a71d7c,8.77559841988888,6.38430587444444,129195,1388.1,42,42
i-0d6feb91baa545931,9.04135860355555,6.13906298744444,128305,1329.1,42,42
i-0dcfa6d3bc470d28d,8.77692598766666,6.12327477677777,130935,947.2,42,42
i-0e167bbfcd6a685f5,9.04181030066666,6.35973856166666,128708.333333333,1355,42,42
i-0ede59d8254436a40,9.03981041922222,6.17566243811111,129901,1277,42,42
i-0f285214d5c41327e,9.03991140266666,6.336406284,128836.333333333,1281,42,42
i-0f472084ac3992ad9,9.04742868755555,6.35003126988888,131530.666666666,1536,42,42
i-0009b7735dea24732,9.04494187577777,6.10798403966666,128912,1099.1,41,41
i-002f7e27ea3e0bc1c,8.78281897966666,6.16848436988888,133162,1537.7,41,41
i-007e12c9530b8cdea,9.04188150833333,6.16118621822222,132339.666666666,938.6,41,41
i-008e6f72c7403b5d3,8.77649845011111,6.10621905322222,129400.666666666,1342.3,41,41
i-00ba7a56c944e5a25,8.77785234977778,6.33311965733333,128595.333333333,1889.2,41,41
i-00d71d40b42658392,8.77551833788889,6.109915124,134312.333333333,1000.1,41,41
i-01f539b055c2a5d34,9.04511054355555,6.10128508677777,129307.666666666,1085.4,41,41
i-0243a74ede206f760,8.77620657277777,6.13328064799999,128764.666666666,953.3,41,41
i-02ca0e36a4acaf9fc,8.77802480599999,6.14519961666666,127420.666666666,1674.8,41,41
i-048c3c6548c1a414a,8.78231241955555,6.30628983188888,128253.333333333,1436.5,41,41
i-0507566c757134fb6,9.04055028511111,6.27313711911111,134490.333333333,1493.1,41,41
i-067b2519b614c8f9d,9.04352659655555,6.14935607377777,133729,1462.5,41,41
i-06b96f53253b4cc2e,9.04415694866666,6.33014159722222,134542,1609.3,41,41
i-07379900fe80899d6,8.77670735788889,6.44186883511111,127507,983.3,41,41
i-0763ab86e85627573,9.04580516288889,6.33279633522222,119498,1524.1,41,41
i-07998976f194caa97,9.04205542144444,6.12701627944444,133724.333333333,1353.3,41,41
i-07be1c77f6fdf8eda,9.04437377722222,6.31465954255555,134614,1374.4,41,41
i-07c76ac1348426483,9.04165146099999,6.30976671644444,126462.666666666,1060.6,41,41
i-0837f0f6a7a42ac68,8.77771099411111,6.32594913911111,128777.333333333,1341.1,41,41
i-084caea7d9c000ba9,9.043601301,6.354876015,132650.666666666,899.4,41,41
i-08559b79281547ef2,8.77702199077777,6.29051905233333,134507.666666666,1058.2,41,41
i-08e70b514c8c3cd5a,9.04640473277777,6.12097655388888,129377.666666666,1060.9,41,41
i-08ff78a502245298a,8.77656828022222,6.14086114044444,129347,918.5,41,41
i-095d06d26dd29ecec,8.77627378033333,6.31174519333333,134774.666666666,1299.4,41,41
i-0977cb2af690d36fd,9.04379399622222,6.09107274477777,130667.333333333,1286.6,41,41
i-09c658651b17c197e,9.04335167677778,6.35305907966666,127380.666666666,1422.3,41,41
i-0b138e3642a677559,8.78188225966666,6.11203532744444,133135.333333333,1200.2,41,41
i-0b3a38b18367faa71,8.77575082233333,6.07532678722222,127935,1047.8,41,41
i-0ba417327f988ba2b,8.77972674366666,6.30698145766666,133640.666666666,1901.8,41,41
i-0bfaa8f4e041c36fa,8.77726952233333,6.344798194,133810.333333333,985.1,41,41
i-0c3e9f9e7b281edfe,8.77586597866666,6.32445353933333,130919.666666666,1019.8,41,41
i-0cc4b604b837f69d9,8.77472673522222,6.13996664688888,133057.666666666,1363.3,41,41
i-0d136c81f43ce8a29,9.04449436388889,6.17798569477777,128609.666666666,1336.9,41,41
i-0d1c421d52c368b29,9.04427541633333,6.33908571144444,133060,1084.1,41,41
i-0d44050a4e6a71d7c,8.77602412955555,6.32270309677777,133614,1334,41,41
i-0d6feb91baa545931,9.04332449688888,6.11119151111111,132496.333333333,1041.2,41,41
i-0dcfa6d3bc470d28d,8.77761967988889,6.10097191055555,135492.666666666,1030.7,41,41
i-0e167bbfcd6a685f5,9.04395212066666,6.32899713522222,128984,1485.3,41,41
i-0ede59d8254436a40,9.04281343355555,6.10018375188888,129887.333333333,1204.8,41,41
i-0f285214d5c41327e,9.04179072377777,6.31948055155555,128839.666666666,1456.8,41,41
i-0f472084ac3992ad9,9.04779937533333,6.30626845355555,135533.666666666,1491.7,41,41
i-0009b7735dea24732,8.77697841322222,6.10441705888888,128812.666666666,1392.9,40,40
i-002f7e27ea3e0bc1c,8.77828990077777,6.170280589,134613.333333333,1493.9,40,40
i-007e12c9530b8cdea,8.77580234733333,6.11246977911111,133880.666666666,1025.9,40,40
i-008e6f72c7403b5d3,8.77670097355555,6.26492296344444,129945.333333333,1421.9,40,40
i-00ba7a56c944e5a25,8.77907082766666,6.15129105255555,129103.666666666,1964.1,40,40
i-00d71d40b42658392,8.77630151644444,6.12765484388889,135872.333333333,1262,40,40
i-01f539b055c2a5d34,8.77636390255555,6.13939401833333,129517.666666666,1047.5,40,40
i-0243a74ede206f760,8.77801042133333,6.15345268766666,128893.666666666,1140.4,40,40
i-02ca0e36a4acaf9fc,8.78110557133333,6.171858761,127740.666666666,1804.7,40,40
i-048c3c6548c1a414a,8.77868350344444,6.16311995177777,128519.333333333,1467.9,40,40
i-0507566c757134fb6,8.77752285533333,6.14710773366666,135838.666666666,1309.4,40,40
i-067b2519b614c8f9d,8.77677838011111,6.15450127922222,135161.666666666,1320.1,40,40
i-06b96f53253b4cc2e,8.77999623622222,6.20102228055555,135622.666666666,1414.8,40,40
i-07379900fe80899d6,8.77775054499999,6.175489929,128010.333333333,1112.2,40,40
i-0763ab86e85627573,8.77830002044444,6.22151396011111,120183,1281.6,40,40
i-07998976f194caa97,8.77751859033333,6.15280429522222,135769.666666666,1355.7,40,40
i-07be1c77f6fdf8eda,8.77832685566666,6.14134467977777,135702.666666666,1201.6,40,40
i-07c76ac1348426483,8.77787423122222,6.16556037799999,126977,1062.5,40,40
i-0837f0f6a7a42ac68,8.77912031266666,6.175038735,129069.666666666,1441.6,40,40
i-084caea7d9c000ba9,8.77817050622222,6.19167078855555,134318,1060.1,40,40
i-08559b79281547ef2,8.77627688,6.12478044288888,135954,1195.5,40,40
i-08e70b514c8c3cd5a,8.77998055366666,6.14729690544444,129217,1155.3,40,40
i-08ff78a502245298a,8.77574078222222,6.15164465366666,129258.333333333,1080.6,40,40
i-095d06d26dd29ecec,8.77800517622222,6.07766352755555,136608,1458.5,40,40
i-0977cb2af690d36fd,8.77923271388888,6.174822463,130775.333333333,1564.7,40,40
i-09c658651b17c197e,8.77704861455555,6.17595280522222,127566.666666666,1339,40,40
i-0b138e3642a677559,8.78298115722222,6.13347276066666,134611.333333333,1280.6,40,40
i-0b3a38b18367faa71,8.77455761711111,6.10265376822222,128298.666666666,1881.3,40,40
i-0ba417327f988ba2b,8.78164352311111,6.14655356933333,134930.666666666,1040.9,40,40
i-0bfaa8f4e041c36fa,8.78034244644444,6.19372971855555,135057,1111.7,40,40
i-0c3e9f9e7b281edfe,8.77484083177777,6.15792091677777,131236,1268.2,40,40
i-0cc4b604b837f69d9,8.77659530088889,6.10931921022222,134916.333333333,1399.4,40,40
i-0d136c81f43ce8a29,8.77801511033333,6.21548416877777,128808.666666666,1138.7,40,40
i-0d1c421d52c368b29,8.77883794566666,6.16653792066666,134423.666666666,1428.4,40,40
i-0d44050a4e6a71d7c,8.78048732533333,6.14626794388888,134652.333333333,1130.5,40,40
i-0d6feb91baa545931,8.77825996622222,6.14064187466666,134441.333333333,1140,40,40
i-0dcfa6d3bc470d28d,8.779330545,6.14587100366666,136930.666666666,1348.9,40,40
i-0e167bbfcd6a685f5,8.77871841855555,6.14768632244444,128994,1176.4,40,40
i-0ede59d8254436a40,8.77998712333333,6.11177073588888,130112.666666666,1262.4,40,40
i-0f285214d5c41327e,8.77176615933333,6.15784968288888,129346.333333333,1477.9,40,40
i-0009b7735dea24732,8.7799263001111,6.10567484955555,129295.333333333,1567,39,39
i-002f7e27ea3e0bc1c,8.77663713022222,6.17422045588888,136431.333333333,1464.1,39,39
i-007e12c9530b8cdea,8.77525472644444,6.17124244911111,135389,999.9,39,39
i-008e6f72c7403b5d3,8.77877057933333,6.11836780433333,130003,1357.9,39,39
i-00ba7a56c944e5a25,8.77671353033333,6.10588961188888,128816,1923.8,39,39
i-00d71d40b42658392,8.77489259522222,6.21214360666666,137129.666666666,1171.4,39,39
i-01f539b055c2a5d34,8.77759228822222,6.12131304211111,129163.666666666,1060,39,39
i-0243a74ede206f760,8.77652753722222,6.16740573766666,129068.666666666,1114.6,39,39
i-02ca0e36a4acaf9fc,8.77708188677777,6.18063399511111,127553,1762.2,39,39
i-048c3c6548c1a414a,8.77921324322222,6.07409024233333,128213.666666666,1380.5,39,39
i-0507566c757134fb6,8.77733763055555,6.05305714088889,137146,1560.8,39,39
i-067b2519b614c8f9d,8.77807781433333,6.11432872877777,136279.333333333,1472.6,39,39
i-06b96f53253b4cc2e,8.77846105888889,6.10224029766666,137324.666666666,1313.8,39,39
i-07379900fe80899d6,8.77592288133333,6.08745630577777,127689.666666666,1280.5,39,39
i-0763ab86e85627573,8.77572147044444,6.11675990955555,120132,1177.1,39,39
i-07998976f194caa97,8.77855475744444,6.17187600666666,136712.666666666,1484.1,39,39
i-07be1c77f6fdf8eda,8.777897305,6.09122154444444,138002,1604.4,39,39
i-07c76ac1348426483,8.77741519611111,6.06399618255555,126600.333333333,1235.4,39,39
i-0837f0f6a7a42ac68,8.77669835088888,6.11350072744444,129175,1371.6,39,39
i-084caea7d9c000ba9,8.77950644511111,6.14464362444444,136146.333333333,980.3,39,39
i-08559b79281547ef2,8.77764903177777,6.08415140044444,137406.666666666,994.1,39,39
i-08e70b514c8c3cd5a,8.77971339222222,6.16005738566666,129206.333333333,1116.9,39,39
i-08ff78a502245298a,8.77631963611111,6.14675108599999,129314.333333333,1305.6,39,39
i-0977cb2af690d36fd,8.77733551133333,6.18723040155555,130423.666666666,1517.3,39,39
i-09c658651b17c197e,8.77653670322222,6.15232502077777,127586.333333333,1579.8,39,39
i-0b138e3642a677559,8.78085449011111,6.14993831855555,136038.666666666,1510.8,39,39
i-0b3a38b18367faa71,8.77575254455555,6.10975056222222,127765.666666666,1804,39,39
i-0ba417327f988ba2b,8.77914322744444,6.11213631111111,136144,1128.1,39,39
i-0bfaa8f4e041c36fa,8.77428452166666,6.16585132811111,136281.666666666,1060.5,39,39
i-0c3e9f9e7b281edfe,8.77606354822222,6.11298722677777,130846.666666666,1417.1,39,39
i-0cc4b604b837f69d9,8.77321603555555,6.13312845766666,136080.333333333,1254.5,39,39
i-0d136c81f43ce8a29,8.77897540733333,6.14057411088888,128809,1163.8,39,39
i-0d1c421d52c368b29,8.77880006366666,6.09556171611111,135690,1348.9,39,39
i-0d44050a4e6a71d7c,8.77699740744444,6.08565515933333,136601.666666666,1226.7,39,39
i-0d6feb91baa545931,8.77879383811111,6.17063018988888,135785,1162.3,39,39
i-0dcfa6d3bc470d28d,8.77646361455555,6.11063928077777,138438,1288.3,39,39
i-0e167bbfcd6a685f5,8.779506074,6.10916452933333,128916,1303.4,39,39
i-0ede59d8254436a40,8.78090487577777,6.16964125633333,130116.333333333,1559,39,39
i-0f285214d5c41327e,8.77659667877778,6.07921171188888,129269.666666666,1489.4,39,39
i-0009b7735dea24732,8.78149255122222,6.17297662622222,129225.666666666,1479.5,38,38
i-002f7e27ea3e0bc1c,8.77611745733333,6.17349033888888,137573.333333333,1330.2,38,38
i-007e12c9530b8cdea,8.77485932244444,6.12381021188888,136620.666666666,1152.9,38,38
i-008e6f72c7403b5d3,8.77964946944444,6.121630907,130236.333333333,1544.4,38,38
i-00ba7a56c944e5a25,8.777330796,6.10237044744444,128871,1895.6,38,38
i-00d71d40b42658392,8.77464204366666,6.21540456366666,138641.333333333,1066.6,38,38
i-01f539b055c2a5d34,8.77582282499999,6.14270843411111,129400.666666666,1235.4,38,38
i-0243a74ede206f760,8.77711958366666,6.16190889166666,129180.666666666,1260.4,38,38
i-02ca0e36a4acaf9fc,8.77628895966666,6.21668895099999,127841.333333333,2045.1,38,38
i-048c3c6548c1a414a,8.7816210851111,6.03746337366666,128375,1512.2,38,38
i-0507566c757134fb6,8.77763867366666,6.04999213744444,138592,1522.1,38,38
i-067b2519b614c8f9d,8.77667397933333,6.15116543244444,137917,1335.4,38,38
i-06b96f53253b4cc2e,8.77894449222222,6.06612926055555,138651.333333333,1367.6,38,38
i-07379900fe80899d6,8.77468744911111,6.06262596444444,127766,1208.1,38,38
i-0763ab86e85627573,8.77575286211111,6.08259264633333,120087.666666666,1465.7,38,38
i-07998976f194caa97,8.77843499188888,6.22618341433333,138615,1513.8,38,38
i-07be1c77f6fdf8eda,8.77684134911111,6.07816415355555,139791.333333333,1822.3,38,38
i-07c76ac1348426483,8.77599265833333,6.13372511322222,127126.666666666,1240.7,38,38
i-0837f0f6a7a42ac68,8.77336764333333,6.17322225033333,129309,1291.5,38,38
i-084caea7d9c000ba9,8.77674550477777,6.10394520222222,137244,1153.6,38,38
i-08559b79281547ef2,8.776981301,6.04057632555555,138875,1369.7,38,38
i-08e70b514c8c3cd5a,8.77810772277778,6.16339188144444,129557.666666666,1058.2,38,38
i-08ff78a502245298a,8.77533268944444,6.17107579444444,129494.666666666,1116.7,38,38
i-0977cb2af690d36fd,8.77677358511111,6.11845339666666,130657.666666666,1245.3,38,38
i-09c658651b17c197e,8.77558279044444,6.08645420588888,127483.333333333,1720.1,38,38
i-0b138e3642a677559,8.77900820322222,6.15852067222222,137363,1618.5,38,38
i-0b3a38b18367faa71,8.77662799088888,6.11788786788888,128294.666666666,1247.3,38,38
i-0ba417327f988ba2b,8.78109995511111,6.06173314011111,138180.666666666,1139.5,38,38
i-0c3e9f9e7b281edfe,8.77600444688889,6.09503454633333,131184.333333333,1693.3,38,38
i-0cc4b604b837f69d9,8.77339922055555,6.15654354622222,137286.333333333,1510.3,38,38
i-0d136c81f43ce8a29,8.77597639277777,6.18588421088888,128875.666666666,1078.5,38,38
i-0d1c421d52c368b29,8.77613192144444,6.05903932788889,137329.333333333,1261.6,38,38
i-0d44050a4e6a71d7c,8.77532985477777,6.06290043722222,138250.666666666,971.7,38,38
i-0d6feb91baa545931,8.775210566,6.14185007422222,137077.666666666,1152.7,38,38
i-0dcfa6d3bc470d28d,8.776721557,6.16699753866666,139622.333333333,1542,38,38
i-0e167bbfcd6a685f5,8.77816067799999,6.06321390477777,128802.333333333,1459.5,38,38
i-0ede59d8254436a40,8.77773618688889,6.126998557,130113.666666666,1229.3,38,38
i-0f285214d5c41327e,8.77254552288888,6.04804833733333,129490,1265.1,38,38
i-0009b7735dea24732,8.77785163455555,6.10657869433333,133058.333333333,1463.6,37,37
i-002f7e27ea3e0bc1c,8.78133879755555,6.09870235099999,137769.333333333,1424.6,37,37
i-007e12c9530b8cdea,8.78014863866666,6.10813302466666,136527,1332,37,37
i-008e6f72c7403b5d3,8.77481754622222,6.08407110633333,134121.333333333,1668.4,37,37
i-00ba7a56c944e5a25,8.77634596833333,6.08494856611111,133328.666666666,2178.7,37,37
i-00d71d40b42658392,8.77414878222222,6.08869168488888,138568,1184.7,37,37
i-01f539b055c2a5d34,8.77837289711111,6.10352534722222,133128,1100,37,37
i-0243a74ede206f760,8.78075626177777,6.13455420066666,133148.666666666,1215,37,37
i-02ca0e36a4acaf9fc,8.77670497377777,6.10113901555555,131659.666666666,2104.9,37,37
i-048c3c6548c1a414a,8.78363588111111,6.07158255566666,132628.666666666,1273.8,37,37
i-0507566c757134fb6,8.77803407766666,6.07542745255555,138470,2005.2,37,37
i-067b2519b614c8f9d,8.78182858877777,6.094168822,138021.666666666,1315.9,37,37
i-06b96f53253b4cc2e,8.77822558066666,6.11593479577777,139193.333333333,1345.5,37,37
i-07379900fe80899d6,8.77712782211111,6.07702461877777,132294.666666666,1379.7,37,37
i-0763ab86e85627573,8.77774344544444,6.11916584433333,124053,1341.5,37,37
i-07998976f194caa97,8.77641465933333,6.13198346566666,138558.333333333,1216.3,37,37
i-07be1c77f6fdf8eda,8.77683382555555,6.07512813144444,139453,1300.3,37,37
i-07c76ac1348426483,8.78092612155555,6.07615152988888,131222.333333333,1117.2,37,37
i-0837f0f6a7a42ac68,8.77552514588888,6.05895614622222,133680.666666666,1308.8,37,37
i-084caea7d9c000ba9,8.78076195722222,6.10390170411111,137287.666666666,1220.4,37,37
i-08559b79281547ef2,8.78160998544444,6.05710927644444,138815.333333333,1113.1,37,37
i-08e70b514c8c3cd5a,8.78084699322222,6.09412002544444,134032,1181.6,37,37
i-08ff78a502245298a,8.77784842933333,6.08785163022222,133788.333333333,1230.5,37,37
i-0977cb2af690d36fd,8.77560716222222,6.07192222288888,134790.333333333,1534.4,37,37
i-09c658651b17c197e,8.77690264922222,6.099498219,132343.333333333,1784.2,37,37
i-0b138e3642a677559,8.77959863344444,6.11703766711111,137472,1866.7,37,37
i-0ba417327f988ba2b,8.77684407755555,6.12430246655555,137785.333333333,1233.9,37,37
i-0c3e9f9e7b281edfe,8.77819249344444,6.18899536133333,135315.666666666,1107,37,37
i-0cc4b604b837f69d9,8.77557078988888,6.09055346922222,137360.333333333,1880.6,37,37
i-0d136c81f43ce8a29,8.77680616911111,6.11061750522222,132821.333333333,1268.3,37,37
i-0d1c421d52c368b29,8.78125800022222,6.10987149355555,137117.666666666,1419.4,37,37
i-0d44050a4e6a71d7c,8.77639436722222,6.11120605455555,137733,1291.4,37,37
i-0d6feb91baa545931,8.77650562922222,6.09402844644444,137320,1311.1,37,37
i-0dcfa6d3bc470d28d,8.77648504566666,6.10479381377777,139548,1662.5,37,37
i-0e167bbfcd6a685f5,8.77459594944444,6.08872191111111,133217.666666666,1371.1,37,37
i-0ede59d8254436a40,8.777215772,6.092049572,134363,1576.5,37,37
i-0f285214d5c41327e,8.77515755744444,6.05418409233333,133987.666666666,1665.1,37,37
i-0009b7735dea24732,8.77764463422222,6.10262184677777,134427,1385,36,36
i-002f7e27ea3e0bc1c,8.02464572588888,6.17996210533333,137917,1294.8,36,36
i-007e12c9530b8cdea,8.77379679666666,6.17406280844444,136540.666666666,1298.1,36,36
i-008e6f72c7403b5d3,8.02397696177777,6.10241630366666,135801.333333333,1656.4,36,36
i-00ba7a56c944e5a25,8.02105008233333,6.06470198088888,134544,1090.2,36,36
i-00d71d40b42658392,8.02076607266666,6.13636196977777,138515,1200.5,36,36
i-01f539b055c2a5d34,8.77602624888889,6.13765984111111,134824.666666666,1111.7,36,36
i-0243a74ede206f760,8.02309730333333,6.18519692955555,134552.666666666,2149.7,36,36
i-02ca0e36a4acaf9fc,8.021305879,6.14414713122222,133885.333333333,1546.2,36,36
i-048c3c6548c1a414a,8.02709211244444,6.01652285788888,134487,1684.4,36,36
i-0507566c757134fb6,8.77653755077777,5.99069235066666,138785.666666666,1327.9,36,36
i-067b2519b614c8f9d,8.77719309599999,6.12825642688888,137872,1091,36,36
i-06b96f53253b4cc2e,8.77665829655555,6.02432121166666,138743.666666666,1082.3,36,36
i-0763ab86e85627573,8.77679085744444,6.06371145777777,125921.333333333,1717.9,36,36
i-07998976f194caa97,8.77623168633333,6.151905987,138621.333333333,1249.2,36,36
i-07be1c77f6fdf8eda,8.77771639833333,6.05653108511111,139369.666666666,1728.9,36,36
i-07c76ac1348426483,8.77558549233333,6.05883683088889,133557.333333333,1122,36,36
i-0837f0f6a7a42ac68,8.02140296833333,6.03970241533333,135667,1422.4,36,36
i-084caea7d9c000ba9,8.77831119977777,6.06453378988888,137118.666666666,1450.5,36,36
i-08559b79281547ef2,8.020660162,6.01514042733333,138729.666666666,1411.3,36,36
i-08e70b514c8c3cd5a,8.77937094377777,6.12330171788888,135339.666666666,1491.9,36,36
i-08ff78a502245298a,8.02170260755555,6.12318772733333,135680.666666666,1394.1,36,36
i-0977cb2af690d36fd,8.776100874,6.07198248966666,136803,1643.9,36,36
i-09c658651b17c197e,8.77797712233333,6.06774306311111,133660.333333333,1632.7,36,36
i-0b138e3642a677559,8.02817410877777,6.07767348833333,137371.666666666,1592.4,36,36
i-0ba417327f988ba2b,8.02818147333333,6.01419308444444,137634.666666666,1287.1,36,36
i-0c3e9f9e7b281edfe,8.02366426244444,6.08165995266666,136880,1258.5,36,36
i-0cc4b604b837f69d9,8.02080088188889,6.10798483422222,136547,1429.9,36,36
i-0d136c81f43ce8a29,8.77875592977778,6.12629432144444,134664.666666666,1473.9,36,36
i-0d1c421d52c368b29,8.778949711,6.05231957955555,136505.333333333,1770.8,36,36
i-0d44050a4e6a71d7c,8.02443051344444,6.04000963122222,138121,1282.7,36,36
i-0d6feb91baa545931,8.77607936333333,6.10974539633333,137274.666666666,1248.2,36,36
i-0dcfa6d3bc470d28d,8.023064746,6.09549244244444,139585.666666666,1914.3,36,36
i-0e167bbfcd6a685f5,8.77594126588888,6.03834417133333,135481.333333333,1535.8,36,36
i-0ede59d8254436a40,8.77882385255555,6.07108553244444,136009.333333333,1458.6,36,36
i-0f285214d5c41327e,8.77235968911111,6.00034488577777,135498,1725.4,36,36
i-0009b7735dea24732,8.77883103155555,6.06686321899999,135746.666666666,1473.5,35,35
i-002f7e27ea3e0bc1c,8.01045550233333,6.11901097822222,137633.666666666,1512.9,35,35
i-007e12c9530b8cdea,8.77851907411111,6.09061574933333,137214,1134.8,35,35
i-00ba7a56c944e5a25,8.01197123522222,6.03989394511111,136189.666666666,1322.4,35,35
i-00d71d40b42658392,8.00741818222222,6.06199404922222,138782.666666666,1263.7,35,35
i-01f539b055c2a5d34,8.77531631788888,6.048124393,136240.333333333,1317.6,35,35
i-0243a74ede206f760,8.01035292944444,6.09274633722222,136403.333333333,1240.1,35,35
i-02ca0e36a4acaf9fc,8.00915437277777,6.12195332844444,135017,2509.1,35,35
i-048c3c6548c1a414a,8.01312724755555,6.00327928855555,135891.333333333,1548.7,35,35
i-0507566c757134fb6,8.77901853455555,6.01538236933333,138698,2146.3,35,35
i-067b2519b614c8f9d,8.77583845466666,6.08613729477777,137880.666666666,1474.3,35,35
i-06b96f53253b4cc2e,8.77847992055555,6.04625794622222,138508.333333333,1409.5,35,35
i-0763ab86e85627573,8.77634729288889,6.07373089266666,127397.666666666,1304.5,35,35
i-07998976f194caa97,8.77718687066666,6.10844122044444,138426.333333333,1720.3,35,35
i-07be1c77f6fdf8eda,8.77871804777777,6.06674750644444,139766,1588.3,35,35
i-07c76ac1348426483,8.77844821088889,6.11364902388888,134884.666666666,1719,35,35
i-0837f0f6a7a42ac68,8.00763042755555,6.09348824277777,137467,1236.4,35,35
i-084caea7d9c000ba9,8.77781245422222,6.06003602344444,137003,1605.8,35,35
i-08559b79281547ef2,8.00772998077777,5.99885882277777,138964,1287.7,35,35
i-08e70b514c8c3cd5a,8.77728690044444,6.08166130366666,136330.666666666,1221,35,35
i-08ff78a502245298a,8.01009715944444,6.08770465844444,136927.333333333,1462.7,35,35
i-0977cb2af690d36fd,8.775669204,6.00260363677777,138483.666666666,1363.1,35,35
i-09c658651b17c197e,8.77456381588889,6.03994435744444,135065.333333333,1313.4,35,35
i-0b138e3642a677559,8.01333954622222,6.06899767466666,137539.333333333,1404.6,35,35
i-0ba417327f988ba2b,8.01212067066666,6.02532487433333,137977.666666666,2047.7,35,35
i-0c3e9f9e7b281edfe,8.00804138166666,6.01972458088888,138368.666666666,1293.2,35,35
i-0cc4b604b837f69d9,8.00654472244444,6.06550600777777,137428.333333333,1365.9,35,35
i-0d136c81f43ce8a29,8.77638207544444,6.12421425166666,136159.333333333,1599,35,35
i-0d1c421d52c368b29,8.778864887,6.05126288211111,136922.333333333,1304.4,35,35
i-0d44050a4e6a71d7c,8.01170198122222,6.02938275855555,138176.666666666,1587,35,35
i-0d6feb91baa545931,8.77618969811111,6.07598725966666,137316,1222.3,35,35
i-0dcfa6d3bc470d28d,8.01157871866666,6.04458589022222,139258.666666666,1298.4,35,35
i-0e167bbfcd6a685f5,8.77752375611111,6.02836020777777,136372,2121.2,35,35
i-0ede59d8254436a40,8.77533438466667,6.03825550611111,137511.666666666,1626.9,35,35
i-0f285214d5c41327e,8.77369676688889,6.00306818222222,137301.666666666,1453.2,35,35
i-0009b7735dea24732,8.78044854255555,6.04843083988888,137065.666666666,2006.9,34,34
i-002f7e27ea3e0bc1c,8.01214859222222,6.07134135555555,137809.333333333,1448.9,34,34
i-007e12c9530b8cdea,8.77640872522222,6.03652379244444,137329.666666666,1126.6,34,34
i-00ba7a56c944e5a25,8.00796323355555,5.60930856055555,138243.333333333,1503.1,34,34
i-00d71d40b42658392,8.00759580377777,6.10260958133333,138464.333333333,1364.3,34,34
i-01f539b055c2a5d34,8.77697626744444,6.06397618177777,137318.666666666,1180,34,34
i-0243a74ede206f760,8.00905670066666,6.06904204677777,137901,1122.4,34,34
i-02ca0e36a4acaf9fc,8.00822340133333,6.069141441,136838.333333333,2266.6,34,34
i-0507566c757134fb6,8.77678802266666,5.57557577555555,138456,1588,34,34
i-067b2519b614c8f9d,8.77639076455555,6.05929946911111,138789,1999,34,34
i-06b96f53253b4cc2e,8.77637953233333,5.64541686899999,138675.333333333,1596.2,34,34
i-0763ab86e85627573,8.77599130755555,5.65705985488888,128825.333333333,1395.6,34,34
i-07998976f194caa97,8.77771888844444,6.07475336388888,137913.666666666,1498.4,34,34
i-07be1c77f6fdf8eda,8.77681003666666,5.63027228244444,139555.666666666,1396.5,34,34
i-07c76ac1348426483,8.77552419233333,5.67731775177777,136822,1722.7,34,34
i-0837f0f6a7a42ac68,8.00820422199999,5.61199145855555,138798.666666666,1664.9,34,34
i-084caea7d9c000ba9,8.77746147577777,5.60841766977777,137082.666666666,1321.1,34,34
i-08559b79281547ef2,8.00893357055555,5.55639521288888,139213.666666666,1480.8,34,34
i-08e70b514c8c3cd5a,8.77712917322222,6.07641334,137710.666666666,1379.1,34,34
i-08ff78a502245298a,8.00794868988889,6.03398728377777,138919.666666666,1602.9,34,34
i-0977cb2af690d36fd,8.77526953488888,6.02448688611111,140097,1331.9,34,34
i-09c658651b17c197e,8.77661026833333,5.62212771844444,136675,1233.6,34,34
i-0b138e3642a677559,8.01351579033333,6.03557584011111,137139.666666666,1759,34,34
i-0ba417327f988ba2b,8.01049515944444,5.570937554,137972,1397.7,34,34
i-0c3e9f9e7b281edfe,8.00702871222222,5.57463137288888,139261.666666666,1249.4,34,34
i-0cc4b604b837f69d9,8.00686934266666,6.05998200855555,137559.666666666,1342.7,34,34
i-0d136c81f43ce8a29,8.77493702033333,6.08338583844444,138116.333333333,1373,34,34
i-0d1c421d52c368b29,8.77838555966666,5.57958012166666,136490.666666666,1350.4,34,34
i-0d44050a4e6a71d7c,8.00805221666666,5.600260602,138029.333333333,1431.3,34,34
i-0d6feb91baa545931,8.77790178199999,6.081111219,137375,1313.9,34,34
i-0dcfa6d3bc470d28d,8.00918555255555,6.05153690433333,139565.666666666,1633.5,34,34
i-0e167bbfcd6a685f5,8.77697915511111,5.58766629955555,138108.666666666,2101.4,34,34
i-0ede59d8254436a40,8.77826820477778,6.03150889622222,139634,1657.5,34,34
i-0f285214d5c41327e,8.77473208655555,5.54511366955555,138257.666666666,1399.2,34,34
i-0009b7735dea24732,8.77873402155555,6.00090048044444,148427,1528.3,33,33
i-002f7e27ea3e0bc1c,8.01083954166666,6.08657320333333,137819.666666666,1666.7,33,33
i-007e12c9530b8cdea,8.77805545588889,6.02366407711111,136810.666666666,1303.4,33,33
i-00ba7a56c944e5a25,8.00934153133333,5.61351993344444,149914.333333333,1733.2,33,33
i-00d71d40b42658392,8.00613983477777,6.05086329244444,138613.666666666,1383.6,33,33
i-01f539b055c2a5d34,8.77674317355555,6.00679434677777,149162,1431.6,33,33
i-02ca0e36a4acaf9fc,8.00909574822222,6.04205478555555,148061.333333333,1186.2,33,33
i-0507566c757134fb6,8.775877873,5.59057052922222,138656.666666666,2303.3,33,33
i-067b2519b614c8f9d,8.77658796322222,6.03011327322222,138510.333333333,1790.1,33,33
i-06b96f53253b4cc2e,8.77640991722222,5.60854117066666,139123.333333333,2137.2,33,33
i-0763ab86e85627573,8.77537653166666,5.62144525855555,139249.333333333,1687.8,33,33
i-07998976f194caa97,8.77767978777777,6.09576204077777,138228.333333333,1664.7,33,33
i-07be1c77f6fdf8eda,8.77704331611111,5.62548581777777,139757.333333333,1388.8,33,33
i-07c76ac1348426483,8.77441933422222,5.59802124233333,148119.666666666,1536.6,33,33
i-0837f0f6a7a42ac68,8.00652845711111,5.62866049333333,150567,1452.8,33,33
i-084caea7d9c000ba9,8.77739249344444,5.63267522388888,136994.666666666,1595.8,33,33
i-08559b79281547ef2,8.0080329841111,5.57703140022222,139023.333333333,1529,33,33
i-08e70b514c8c3cd5a,8.77888160277778,6.02885370777777,148899,1478.5,33,33
i-08ff78a502245298a,8.01048384755555,6.05885007655555,150562.666666666,1284.5,33,33
i-0977cb2af690d36fd,8.77629219144444,6.01985438655555,151617.333333333,1236.7,33,33
i-09c658651b17c197e,8.77604513688889,5.63180123433333,147500.666666666,1299.4,33,33
i-0b138e3642a677559,8.01015581022222,6.02606497888888,137465,1331.9,33,33
i-0ba417327f988ba2b,8.01250494855555,5.58894904444444,137897.666666666,1523.3,33,33
i-0c3e9f9e7b281edfe,8.00799245299999,5.59516244455555,150859,1410.2,33,33
i-0cc4b604b837f69d9,8.00701308255555,6.02838471188888,137492,1567,33,33
i-0d136c81f43ce8a29,8.77499379033333,6.04189689955555,149602.333333333,1443.3,33,33
i-0d1c421d52c368b29,8.78029765044444,5.60776570111111,136874.333333333,1770.2,33,33
i-0d44050a4e6a71d7c,8.00749966844444,5.57408327533333,138167.666666666,1517.3,33,33
i-0d6feb91baa545931,8.77631788788888,6.05406628711111,137739,1321.4,33,33
i-0dcfa6d3bc470d28d,8.00999183122222,6.005061547,139533,1447.7,33,33
i-0e167bbfcd6a685f5,8.77909999444444,5.59734498133333,149472,1615.4,33,33
i-0ede59d8254436a40,8.77773006777777,6.02313796666666,151249.666666666,1480.1,33,33
i-0f285214d5c41327e,8.77228993833333,5.57723866555555,149604.666666666,1543.3,33,33
i-0009b7735dea24732,8.77850084833333,6.01644910722222,148493,1548.8,32,32
i-002f7e27ea3e0bc1c,7.78456891911111,6.08115731355555,148990.666666666,1584.3,32,32
i-007e12c9530b8cdea,8.77517981,6.08285914533333,147666,1301.5,32,32
i-00ba7a56c944e5a25,7.78253693055555,5.56871350622222,149846.666666666,1271.3,32,32
i-00d71d40b42658392,7.78210454511111,6.06674933422222,150160.666666666,1425.1,32,32
i-01f539b055c2a5d34,8.77770129844444,6.04265957388888,149343.333333333,1251.5,32,32
i-02ca0e36a4acaf9fc,7.782846345,6.06216994911111,148101.333333333,1521,32,32
i-0507566c757134fb6,8.77704617699999,5.53883571088888,149552.333333333,1577,32,32
i-067b2519b614c8f9d,8.77678489688889,6.04616345288888,150019,2081.8,32,32
i-06b96f53253b4cc2e,8.77664287877777,5.55672094555555,150444.666666666,1855,32,32
i-0763ab86e85627573,8.77581018866666,5.607768721,139171,2048.3,32,32
i-07998976f194caa97,8.77720875211111,6.04439634755555,149200.333333333,1279.6,32,32
i-07be1c77f6fdf8eda,8.77664407077777,5.55883974511111,151276.333333333,1526.7,32,32
i-07c76ac1348426483,8.77434455011111,5.53866794366666,148196.333333333,1597.9,32,32
i-0837f0f6a7a42ac68,7.78107560988888,5.57183827288888,150623.333333333,1600.9,32,32
i-084caea7d9c000ba9,8.77880888511111,5.58505389422222,148025.666666666,1293.2,32,32
i-08559b79281547ef2,7.78362451655555,5.52872268333333,150568.666666666,1725.3,32,32
i-08e70b514c8c3cd5a,8.77772956433333,6.06305710488888,149058.333333333,1615.6,32,32
i-08ff78a502245298a,7.78426435255555,6.03041738933333,150561,1354.4,32,32
i-0977cb2af690d36fd,8.77704583288889,6.05634233699999,151501,1432.5,32,32
i-09c658651b17c197e,8.77585964744444,5.63773115477777,147839,1432.5,32,32
i-0b138e3642a677559,7.78784685655555,6.02952657822222,148688.333333333,1773.7,32,32
i-0ba417327f988ba2b,7.78879597444444,5.57938800911111,149051,1525.6,32,32
i-0c3e9f9e7b281edfe,7.78158269977777,5.57036746877777,150987,1431.8,32,32
i-0cc4b604b837f69d9,7.780706485,6.03989354777777,148706,1431.4,32,32
i-0d136c81f43ce8a29,8.77756887,6.05846529544444,149461.666666666,2052.5,32,32
i-0d1c421d52c368b29,8.77847968211111,5.55663839988888,147738.666666666,1523.3,32,32
i-0d6feb91baa545931,8.77797357244444,6.02766063488888,148644.333333333,1695.9,32,32
i-0dcfa6d3bc470d28d,7.78400638366666,6.03517386644444,151111.333333333,1523.7,32,32
i-0e167bbfcd6a685f5,8.77912992888888,5.56846457066666,149404,1257.8,32,32
i-0ede59d8254436a40,8.77763409077777,6.03814344944444,150934.333333333,1477.1,32,32
i-0f285214d5c41327e,8.77487797211111,5.53417425677777,149953,1362.6,32,32
i-0009b7735dea24732,8.77879198411111,5.60183342311111,150116,1975.5,31,31
i-002f7e27ea3e0bc1c,7.78621117277777,5.65229635777777,149084,1409.3,31,31
i-007e12c9530b8cdea,8.77503556655555,5.61866543022222,147993,1476.2,31,31
i-00ba7a56c944e5a25,7.79551283511111,5.57457097355555,151299.666666666,1610,31,31
i-00d71d40b42658392,7.78393742766666,5.66447639466666,150036.666666666,1311.1,31,31
i-02ca0e36a4acaf9fc,7.785370138,5.66519625988888,150469,1535.6,31,31
i-0507566c757134fb6,8.77808896711111,5.56205436933333,150094.666666666,1498.6,31,31
i-067b2519b614c8f9d,8.77636379655555,5.59192821722222,150545.666666666,1681.8,31,31
i-06b96f53253b4cc2e,8.77653816022222,5.57522551199999,150889.666666666,2377.4,31,31
i-0763ab86e85627573,8.77698808233333,5.59009403644444,140607,1724.9,31,31
i-07998976f194caa97,8.776730352,5.63667427166666,148863.333333333,1452.2,31,31
i-07be1c77f6fdf8eda,8.77577996244444,5.55764272466666,151188,1730.5,31,31
i-07c76ac1348426483,8.77858951366666,5.55543878355555,149391.666666666,1630.2,31,31
i-0837f0f6a7a42ac68,7.78102297244444,5.60189554422222,152274.333333333,2088.6,31,31
i-084caea7d9c000ba9,8.77665601844444,5.60035432722222,148424.333333333,1399.6,31,31
i-08559b79281547ef2,7.78613315688888,5.54907793466666,150341.666666666,1586.8,31,31
i-08e70b514c8c3cd5a,8.77641389099999,5.5998026,151034,1376.4,31,31
i-08ff78a502245298a,7.78376862733333,5.61103004877777,151801.666666666,1490,31,31
i-0977cb2af690d36fd,8.77563341455555,5.65113947111111,153188.666666666,1271.7,31,31
i-09c658651b17c197e,8.777308623,5.60295189755555,149335.333333333,1608.9,31,31
i-0b138e3642a677559,7.78756340344444,5.59293953566666,148521.666666666,1430.1,31,31
i-0ba417327f988ba2b,7.78806132733333,5.57495482777777,149060.333333333,1575.5,31,31
i-0c3e9f9e7b281edfe,7.78130830655555,5.53361686066666,152593,1190.6,31,31
i-0cc4b604b837f69d9,7.78380433722222,5.59708261488888,148860.333333333,1430.2,31,31
i-0d136c81f43ce8a29,8.77905122444444,5.59853929944444,151254.666666666,1470.7,31,31
i-0d1c421d52c368b29,8.77790718611111,5.56896665355555,147814.333333333,1346.8,31,31
i-0d6feb91baa545931,8.777254714,5.60594354733333,149113.666666666,1719.2,31,31
i-0dcfa6d3bc470d28d,7.78498339644444,5.57637000077777,151387.333333333,1619.7,31,31
i-0e167bbfcd6a685f5,8.77821416322222,5.58470344544444,151142,1244.2,31,31
i-0ede59d8254436a40,8.77875036655555,5.59089313611111,152498,1634.5,31,31
i-0f285214d5c41327e,8.77477958477778,5.54031708511111,151595.333333333,1551.1,31,31
i-0009b7735dea24732,8.77840476566666,5.62186768311111,151586.333333333,1628.3,30,30
i-002f7e27ea3e0bc1c,7.78470246,5.62177220988888,149653.666666666,1566.1,30,30
i-007e12c9530b8cdea,8.77484064622222,5.62136477899999,147932.333333333,1677,30,30
i-00ba7a56c944e5a25,7.78191521433333,5.56674453955555,152840.333333333,1726.8,30,30
i-00d71d40b42658392,7.78159038211111,5.574233055,150028.666666666,1370.4,30,30
i-02ca0e36a4acaf9fc,7.78187690866666,5.61493717299999,151919,1396.1,30,30
i-0507566c757134fb6,8.775551637,5.52667143611111,150185.333333333,1686.7,30,30
i-067b2519b614c8f9d,8.77247068633333,5.60576295855555,150375.666666666,1451.8,30,30
i-06b96f53253b4cc2e,8.77434378188888,5.540330304,150814,2055.9,30,30
i-0763ab86e85627573,8.77430115788888,5.559723483,142518,1963.6,30,30
i-07998976f194caa97,8.77356314655555,5.61593535211111,149182.333333333,1254.9,30,30
i-07be1c77f6fdf8eda,8.77552996744444,5.54193862266666,151403.666666666,1479.5,30,30
i-07c76ac1348426483,8.77497318055555,5.52844842277777,151001.666666666,2044.3,30,30
i-0837f0f6a7a42ac68,7.78141244244444,5.57723752666666,153976,1952,30,30
i-084caea7d9c000ba9,8.776519219,5.56591089555555,148394,1570.4,30,30
i-08559b79281547ef2,7.78201002533333,5.53436814433333,150005,1580.3,30,30
i-08e70b514c8c3cd5a,8.77632305366666,5.61794961811111,152707,1274.4,30,30
i-08ff78a502245298a,7.78225578211111,5.59334097977777,153836.666666666,1473.6,30,30
i-0977cb2af690d36fd,8.77471412555555,5.59550044266666,154845,1617.9,30,30
i-09c658651b17c197e,8.77448524377777,5.56177120733333,151892.666666666,1565.5,30,30
i-0b138e3642a677559,7.78470065844444,5.57765518288888,148535.666666666,1891.4,30,30
i-0ba417327f988ba2b,7.78693323655555,5.560426977,149203,1554.3,30,30
i-0c3e9f9e7b281edfe,7.78160474033333,5.52449687322222,154205.666666666,1493.9,30,30
i-0cc4b604b837f69d9,7.78106758311111,5.58175945288889,148856,1736.2,30,30
i-0d136c81f43ce8a29,8.77468991288889,5.64884395066666,152707.333333333,1583.1,30,30
i-0d1c421d52c368b29,8.77922471366666,5.55166851155555,147979.333333333,1435.3,30,30
i-0d6feb91baa545931,8.77409264777777,5.60269236555555,149012.333333333,1693.4,30,30
i-0dcfa6d3bc470d28d,7.78350061844444,5.60575532911111,151582,1266.9,30,30
i-0ede59d8254436a40,8.77555709411111,5.549720923,154586,1639.7,30,30
i-0f285214d5c41327e,8.77515882888888,5.502319018,153142.666666666,1748.2,30,30
i-0009b7735dea24732,8.77683809077777,5.550155825,153545,1774.6,29,29
i-002f7e27ea3e0bc1c,7.78433905722222,5.59251382611111,149779,1688.3,29,29
i-007e12c9530b8cdea,8.77451814544444,5.56013446388889,148601.666666666,1371.6,29,29
i-00ba7a56c944e5a25,7.78255759333333,5.59574614633333,154743.333333333,1886.8,29,29
i-00d71d40b42658392,7.78194295033333,5.60813299833333,149648.333333333,1751,29,29
i-02ca0e36a4acaf9fc,7.78112467144444,5.60769984444444,153478.333333333,1342.3,29,29
i-0507566c757134fb6,8.773866203,5.53055887755555,150385,1351.1,29,29
i-067b2519b614c8f9d,8.77421047955555,5.54057653744444,150020.666666666,1621.3,29,29
i-06b96f53253b4cc2e,8.77460392311111,5.56056952488888,150938.333333333,1707.8,29,29
i-0763ab86e85627573,8.77290521711111,5.592658308,144133.666666666,1724.2,29,29
i-07998976f194caa97,8.77621054644444,5.62130684311111,149236.666666666,1524.1,29,29
i-07be1c77f6fdf8eda,8.77516131944444,5.53660917288889,151006.333333333,1477.9,29,29
i-07c76ac1348426483,8.77792188855555,5.54980047533333,152756.666666666,1788.7,29,29
i-0837f0f6a7a42ac68,7.78184580811111,5.56636370544444,155508,2178.8,29,29
i-084caea7d9c000ba9,8.775791592,5.54692019366666,148653,1681.8,29,29
i-08559b79281547ef2,7.78383013911111,5.51115467822222,150092.333333333,1680.7,29,29
i-08e70b514c8c3cd5a,8.77723579933333,5.59095557533333,154051.333333333,1592.2,29,29
i-08ff78a502245298a,7.78273781122222,5.58785234566666,155288.666666666,1373.4,29,29
i-0977cb2af690d36fd,8.77651646411111,5.61021441888888,156609.666666666,1604.1,29,29
i-09c658651b17c197e,8.77475113333333,5.60772103744444,153257.666666666,1715.6,29,29
i-0b138e3642a677559,7.78502771588888,5.56154359711111,148498.333333333,2283.4,29,29
i-0ba417327f988ba2b,7.78892215077777,5.53308696211111,149470,1551.2,29,29
i-0c3e9f9e7b281edfe,7.78317578633333,5.53835376088888,155621.666666666,1613.2,29,29
i-0cc4b604b837f69d9,7.78093626766666,5.53379517144444,148675,2099.9,29,29
i-0d136c81f43ce8a29,8.77392745033333,5.56927394866666,153770.666666666,1496.8,29,29
i-0d1c421d52c368b29,8.77980362044444,5.54653435288888,148043.666666666,1782.3,29,29
i-0d6feb91baa545931,8.77461669188889,5.565568765,149161,1507.5,29,29
i-0dcfa6d3bc470d28d,7.78461204633333,5.55644231377777,151828,1493.1,29,29
i-0f285214d5c41327e,8.773726278,5.51133118733333,155043,1622.9,29,29
i-0009b7735dea24732,8.01746148522222,5.56472659122222,158423.333333333,1446.1,28,28
i-002f7e27ea3e0bc1c,7.78576702544444,5.59161641877777,149750,1418,28,28
i-007e12c9530b8cdea,8.01171525322222,5.56122096366666,148194.666666666,1701,28,28
i-00ba7a56c944e5a25,7.78190475055555,5.52067099677777,159601,1642.3,28,28
i-00d71d40b42658392,7.78425672311111,5.58631698277777,148951.333333333,1518,28,28
i-02ca0e36a4acaf9fc,7.782301108,5.57881180444444,158569.333333333,1554.9,28,28
i-0507566c757134fb6,8.01207685455555,5.50069843388888,150178.333333333,1988.8,28,28
i-067b2519b614c8f9d,8.00917961866666,5.57057208477777,149724.333333333,1575.7,28,28
i-06b96f53253b4cc2e,8.01105851577777,5.50461755844444,150877.333333333,1576.3,28,28
i-0763ab86e85627573,8.01210694833333,5.53777252299999,149358,1431.8,28,28
i-07998976f194caa97,8.01115772455555,5.545552042,149585.666666666,1379.6,28,28
i-07be1c77f6fdf8eda,8.01098712288888,5.51709829433333,150933,2163.1,28,28
i-0837f0f6a7a42ac68,7.78182453566666,5.56398071177777,161396,2422.5,28,28
i-084caea7d9c000ba9,8.01219394477777,5.53264008633333,148567.333333333,1765.2,28,28
i-08559b79281547ef2,7.78208131255555,5.45599428811111,150106.666666666,1725.3,28,28
i-08e70b514c8c3cd5a,8.01257008988889,5.594798353,159290.333333333,1622,28,28
i-08ff78a502245298a,7.78039410366666,5.58913686544444,160998.666666666,1637.3,28,28
i-0977cb2af690d36fd,8.00892530544444,5.52286089811111,162000.666666666,1468.1,28,28
i-09c658651b17c197e,8.01232687633333,5.58377753344444,158281.333333333,1941.5,28,28
i-0b138e3642a677559,7.78477968122222,5.52993721433333,148958.666666666,1655,28,28
i-0ba417327f988ba2b,7.78364949755555,5.50707048844444,149047.666666666,1619.1,28,28
i-0c3e9f9e7b281edfe,7.78285598744444,5.49824314644444,160900,1779.4,28,28
i-0cc4b604b837f69d9,7.78008887511111,5.557386928,148569.666666666,1848.8,28,28
i-0d136c81f43ce8a29,8.01251278966666,5.57125462422222,158861,1782.8,28,28
i-0d1c421d52c368b29,8.01572619533333,5.51706184277777,147961.666666666,1670.7,28,28
i-0d6feb91baa545931,8.01238640133333,5.54914161888888,148848.333333333,2148.1,28,28
i-0dcfa6d3bc470d28d,7.78283503322222,5.56420477244444,151615,1617.8,28,28
i-0f285214d5c41327e,8.00660440655555,5.46512577266666,159866.666666666,1962.9,28,28
i-0009b7735dea24732,8.010055595,5.54654007499999,158532,2116.9,27,27
i-002f7e27ea3e0bc1c,7.78536449533333,5.63650947144444,150997.333333333,1635.1,27,27
i-007e12c9530b8cdea,8.00842409666666,5.61002471699999,149762.666666666,1629.3,27,27
i-00ba7a56c944e5a25,7.78455328933333,5.15337215533333,159509,2221.4,27,27
i-00d71d40b42658392,7.78231239311111,5.59101984222222,150827.333333333,1508.9,27,27
i-02ca0e36a4acaf9fc,7.780463987,5.58503429088888,158620.333333333,1473,27,27
i-0507566c757134fb6,8.00903860722222,5.15136210122222,151288.666666666,1974,27,27
i-067b2519b614c8f9d,8.00883868011111,5.58244191266666,151541,1706.5,27,27
i-06b96f53253b4cc2e,8.00752491422222,5.14775270888888,152550,1540.6,27,27
i-0763ab86e85627573,8.01076949977777,5.19351575122222,148896,1619.1,27,27
i-07998976f194caa97,8.01002656088889,5.61527021711111,151808.666666666,2154.5,27,27
i-0837f0f6a7a42ac68,7.78099441544444,5.18028267222222,161156.666666666,2707.7,27,27
i-084caea7d9c000ba9,8.00755545833333,5.18308046133333,149677,1437,27,27
i-08559b79281547ef2,7.78199876677777,5.14499123866666,151587.333333333,1593,27,27
i-08e70b514c8c3cd5a,8.00892488155555,5.583246602,159357,1525.5,27,27
i-08ff78a502245298a,7.78259364777777,5.57985358777777,161093.333333333,1568.9,27,27
i-0977cb2af690d36fd,8.00804008377777,5.59957962577777,162380.333333333,1854.7,27,27
i-09c658651b17c197e,8.00867025066666,5.214723481,158011,1791,27,27
i-0b138e3642a677559,7.78642768333333,5.57693134433333,150560,1607.4,27,27
i-0ba417327f988ba2b,7.78990605144444,5.19072628022222,150734,1469.3,27,27
i-0c3e9f9e7b281edfe,7.78229016722222,5.14745410277777,160756.666666666,1842.3,27,27
i-0cc4b604b837f69d9,7.78046613277777,5.58880538411111,150089.333333333,2074.2,27,27
i-0d136c81f43ce8a29,8.00874945866666,5.58294124055555,158726,1608.3,27,27
i-0d1c421d52c368b29,8.01170640533333,5.17882378888888,149419.333333333,2194,27,27
i-0d6feb91baa545931,8.00818843322222,5.58324313166666,150097.666666666,1594.3,27,27
i-0dcfa6d3bc470d28d,7.78342562244444,5.570765257,152584,1618.7,27,27
i-0f285214d5c41327e,8.00753739144444,5.11348729677777,159186,1642,27,27
i-0009b7735dea24732,8.009827508,5.54154266255555,160454.333333333,1983.9,26,26
i-002f7e27ea3e0bc1c,7.78566304844444,5.61806289355555,151229.666666666,1556.2,26,26
i-007e12c9530b8cdea,8.34334842366666,5.61099259055555,149601.333333333,1992,26,26
i-00ba7a56c944e5a25,7.785328971,5.12920278988889,161117.333333333,1711.6,26,26
i-00d71d40b42658392,7.78321491355555,5.56592006166666,150908,1613.8,26,26
i-02ca0e36a4acaf9fc,7.78547135988889,5.584912724,160208.333333333,2045.3,26,26
i-0507566c757134fb6,8.010050244,5.13496343288888,151475.666666666,1541.7,26,26
i-067b2519b614c8f9d,8.008578486,5.57649225644444,151150.666666666,1627,26,26
i-06b96f53253b4cc2e,8.00953250466666,5.15501528322222,152847.333333333,1921.8,26,26
i-0763ab86e85627573,8.009824594,5.16555643077777,150708,1533.5,26,26
i-07998976f194caa97,8.00763509033333,5.613676866,151114.333333333,1826.5,26,26
i-0837f0f6a7a42ac68,7.78106413944444,5.15185279311111,162093.333333333,2404.9,26,26
i-084caea7d9c000ba9,8.00947573444444,5.16566099066666,150019,1748.2,26,26
i-08559b79281547ef2,7.78819767633333,5.10721702055555,151785,1607,26,26
i-08e70b514c8c3cd5a,8.01051963688889,5.59084791611111,160820.333333333,1933.3,26,26
i-08ff78a502245298a,7.78356488566666,5.57434897966666,162436.333333333,1614.2,26,26
i-0977cb2af690d36fd,8.00776839255555,5.53028379555555,163858,2060.8,26,26
i-0b138e3642a677559,7.78617437677777,5.55008162388888,150827,1733.8,26,26
i-0ba417327f988ba2b,7.78727406922222,5.11663932266666,150695,1979.1,26,26
i-0c3e9f9e7b281edfe,7.78274308311111,5.11471136411111,162352.333333333,1717.7,26,26
i-0cc4b604b837f69d9,7.78167841155555,5.55789179266666,150263.666666666,1930.8,26,26
i-0d136c81f43ce8a29,8.008167002,5.60292670466666,160845.333333333,2207,26,26
i-0d1c421d52c368b29,8.01290864411111,5.18952083588888,149256.666666666,1747.2,26,26
i-0d6feb91baa545931,8.00900607633333,5.57207565844444,150327.333333333,1921.9,26,26
i-0dcfa6d3bc470d28d,7.78325213344444,5.56693598966666,152198,1710.5,26,26
i-0f285214d5c41327e,8.00965823066666,5.11288113066666,160668.333333333,1762.9,26,26
i-0009b7735dea24732,8.00817465788889,5.55805020877777,161777.666666666,1828.7,25,25
i-002f7e27ea3e0bc1c,7.78926136755555,5.71800528633333,151221.666666666,1681.8,25,25
i-007e12c9530b8cdea,8.00731847033333,5.61077475555555,150070.666666666,1600.3,25,25
i-00ba7a56c944e5a25,7.78567054544444,5.11246138133333,162009.666666666,2126.9,25,25
i-00d71d40b42658392,7.78127826588888,5.57610339588888,150795,1857.1,25,25
i-02ca0e36a4acaf9fc,7.78211763155555,5.60602604022222,161537,1630.5,25,25
i-0507566c757134fb6,8.00621920155555,5.10718629088888,151721.333333333,1606.3,25,25
i-067b2519b614c8f9d,8.00667818388888,5.56750265744444,151347.666666666,2119.8,25,25
i-06b96f53253b4cc2e,8.00893897488888,5.08873338166666,152832.333333333,1509.2,25,25
i-07998976f194caa97,8.00865096522222,5.57704488433333,151181.333333333,2507.9,25,25
i-0837f0f6a7a42ac68,7.780997647,5.11924701277777,163802.666666666,2041.2,25,25
i-084caea7d9c000ba9,8.00831362955555,5.13563659455555,150144.333333333,1352.2,25,25
i-08559b79281547ef2,7.78147946455555,5.09884574666666,151197,1765.4,25,25
i-08e70b514c8c3cd5a,8.024036169,5.57729156811111,162404.666666666,1863,25,25
i-08ff78a502245298a,7.78275680533333,5.59039831166666,163763,1728.6,25,25
i-0977cb2af690d36fd,8.00656541177777,5.51282673411111,168604.333333333,1730.1,25,25
i-0b138e3642a677559,7.78447108799999,5.57325495622222,150881.333333333,2270.3,25,25
i-0ba417327f988ba2b,7.78960254444444,5.12388584355555,150707.666666666,2026.8,25,25
i-0c3e9f9e7b281edfe,7.78186602066666,5.10729493033333,163615.333333333,1572.8,25,25
i-0cc4b604b837f69d9,7.78092108822222,5.54686376788888,150139.666666666,1773.1,25,25
i-0d136c81f43ce8a29,8.00600491633333,5.58011802033333,161827.666666666,2138.6,25,25
i-0d1c421d52c368b29,8.00796924711111,5.12537704566666,149277,1586.5,25,25
i-0d6feb91baa545931,8.00885343566666,5.57876830644444,150233.666666666,2292.2,25,25
i-0dcfa6d3bc470d28d,7.78355646133333,5.56528449055555,152072,1490.4,25,25
i-0f285214d5c41327e,8.006929742,5.07692111866666,161742.333333333,2979.9,25,25
i-0009b7735dea24732,7.78467363788888,5.58690701588888,161909.666666666,1537.8,24,24
i-002f7e27ea3e0bc1c,7.78754483322222,5.60696646877777,152811.333333333,1724.1,24,24
i-007e12c9530b8cdea,7.782216337,5.64485706233333,151628,1984.4,24,24
i-00ba7a56c944e5a25,7.78410177766666,5.12344826611111,161813.666666666,1902,24,24
i-00d71d40b42658392,7.78044131077777,5.58596139488889,152488.333333333,1732.3,24,24
i-02ca0e36a4acaf9fc,7.78296510388888,5.63033657611111,162009.333333333,1544.7,24,24
i-0507566c757134fb6,7.78196922933333,5.08977842333333,153325.666666666,2060.4,24,24
i-067b2519b614c8f9d,7.78080150822222,5.54889533266666,153100,1560.9,24,24
i-06b96f53253b4cc2e,7.78274933488889,5.10479905877777,154113,2562.1,24,24
i-0837f0f6a7a42ac68,7.78256720955555,5.12602633911111,163980,2571.1,24,24
i-084caea7d9c000ba9,7.78120737622222,5.26323339677777,151272.333333333,1585.8,24,24
i-08559b79281547ef2,7.78255968622222,5.11036801333333,152985,1951.9,24,24
i-08e70b514c8c3cd5a,7.78380052244444,5.612792068,162448,2283.1,24,24
i-08ff78a502245298a,7.78218942222222,5.56162320222222,163846.666666666,1735.2,24,24
i-0977cb2af690d36fd,7.78329284988888,5.615490092,168448.666666666,1625.8,24,24
i-0b138e3642a677559,7.78829042122222,5.53016750022222,152822.333333333,2152.3,24,24
i-0ba417327f988ba2b,7.78740774266666,5.11419521433333,152138.666666666,2436.5,24,24
i-0c3e9f9e7b281edfe,7.78231138666666,5.08919172833333,163820.666666666,1557.3,24,24
i-0cc4b604b837f69d9,7.78252996344444,5.51021258033333,151828,1983.7,24,24
i-0d136c81f43ce8a29,7.78200366766666,5.638680723,161592.333333333,2399.6,24,24
i-0d1c421d52c368b29,7.78509132077777,5.14122841077777,151082.666666666,1609.2,24,24
i-0d6feb91baa545931,7.78454579244444,5.54095580844444,152000,3081.8,24,24
i-0dcfa6d3bc470d28d,7.78168956444444,5.54107952111111,152985.666666666,1528.8,24,24
i-0f285214d5c41327e,7.78064905277777,5.07847727655555,161908.333333333,2899.4,24,24
i-0009b7735dea24732,7.78358607833333,5.47223991811111,163524.666666666,1721.9,23,23
i-002f7e27ea3e0bc1c,7.78559104611111,5.53663142522222,153026,1985.3,23,23
i-007e12c9530b8cdea,7.77979975288889,5.53320055522222,151500.333333333,2088,23,23
i-00ba7a56c944e5a25,7.78183579444444,5.13713206166666,163119,1576.6,23,23
i-00d71d40b42658392,7.78186321266666,5.52426528922222,152517.333333333,2166.2,23,23
i-02ca0e36a4acaf9fc,7.78198549466666,5.54854673811111,162953.333333333,2032.5,23,23
i-0507566c757134fb6,7.78277582588888,5.11959950133333,153195.666666666,1860.6,23,23
i-067b2519b614c8f9d,7.780320353,5.51660749655555,153427.333333333,1472.9,23,23
i-06b96f53253b4cc2e,7.78405409388888,5.114436388,153855.666666666,2050.3,23,23
i-0837f0f6a7a42ac68,7.78220526377777,5.13085293788888,165494,2842.6,23,23
i-084caea7d9c000ba9,7.78117259333333,5.11939326922222,151988.666666666,1530.7,23,23
i-08559b79281547ef2,7.78453024244444,5.149432977,152813.333333333,1823,23,23
i-08e70b514c8c3cd5a,7.78009918011111,5.50897722755555,163443.666666666,1451.7,23,23
i-08ff78a502245298a,7.78330212177777,5.52468588622222,165268.666666666,1616.5,23,23
i-0b138e3642a677559,7.78738061577777,5.47693141299999,152341,2266.2,23,23
i-0ba417327f988ba2b,7.78748999711111,5.11179624666666,152352.333333333,2391.5,23,23
i-0c3e9f9e7b281edfe,7.78197593166666,5.11646045566666,165181,3147.8,23,23
i-0cc4b604b837f69d9,7.78072900233333,5.51365857633333,151475.666666666,1518.5,23,23
i-0d136c81f43ce8a29,7.78014773788889,5.54956801722222,163154.333333333,2163,23,23
i-0d1c421d52c368b29,7.78111031333333,5.12556248233333,150912,1506.9,23,23
i-0d6feb91baa545931,7.78033391633333,5.51897708588888,151150.333333333,2700.4,23,23
i-0dcfa6d3bc470d28d,7.78368043911111,5.50541777077777,153428.666666666,1548.7,23,23
i-0f285214d5c41327e,7.77872316055555,5.08437869288888,163028,3513.6,23,23
i-0009b7735dea24732,7.78209715433333,5.47991278433333,164577.666666666,1455.3,22,22
i-002f7e27ea3e0bc1c,7.78335295777777,5.572117938,154457.666666666,2181,22,22
i-007e12c9530b8cdea,7.78090241233333,5.5173479451111,153313.333333333,2297.4,22,22
i-00ba7a56c944e5a25,7.78288139233333,5.12502890166666,162933.333333333,1804,22,22
i-00d71d40b42658392,7.78206939155555,5.50061006033333,154237.333333333,1999.3,22,22
i-02ca0e36a4acaf9fc,7.78295286488888,5.53576376711111,162668.666666666,1787.1,22,22
i-067b2519b614c8f9d,7.78256667988888,5.50592480744444,155023.333333333,2770.3,22,22
i-06b96f53253b4cc2e,7.781108088,5.106358581,155106,1543.9,22,22
i-0837f0f6a7a42ac68,7.78126374877777,5.09052462055555,165326,2794.7,22,22
i-084caea7d9c000ba9,7.77929618622222,5.33556779244444,153433.333333333,1571.4,22,22
i-08559b79281547ef2,7.78058176566666,5.04698509644444,154446.666666666,1638,22,22
i-08e70b514c8c3cd5a,7.77927313922222,5.62507422766666,163368.666666666,2353.8,22,22
i-08ff78a502245298a,7.78174564566666,5.524251249,165286,1638.9,22,22
i-0b138e3642a677559,7.78583810055555,5.69649357255555,153816.666666666,1904,22,22
i-0ba417327f988ba2b,7.78575295866666,5.061397791,153531,3173.1,22,22
i-0c3e9f9e7b281edfe,7.78263248333333,5.16386760611111,166576,2480.7,22,22
i-0cc4b604b837f69d9,7.781160805,5.48672053555555,153077.333333333,1644.7,22,22
i-0d136c81f43ce8a29,7.78041587933333,5.56445760211111,163020.333333333,1910.5,22,22
i-0d1c421d52c368b29,7.78153763877777,5.08505527177777,152086,1630,22,22
i-0d6feb91baa545931,7.78162235688888,5.51375275188888,152518.666666666,3506.9,22,22
i-0dcfa6d3bc470d28d,7.78081305822222,5.50613631144444,155423.666666666,1592.8,22,22
i-0f285214d5c41327e,7.77859433499999,5.05087484277777,162817,3359.8,22,22
i-0009b7735dea24732,7.78108755733333,5.13386461466666,167785.666666666,1555,21,21
i-002f7e27ea3e0bc1c,7.78462020566666,5.25254371433333,159781.666666666,1759.3,21,21
i-007e12c9530b8cdea,7.77967068877777,5.19668380411111,158512,2133.3,21,21
i-00ba7a56c944e5a25,7.78495396499999,5.08234373744444,163321,1608.5,21,21
i-00d71d40b42658392,7.78455164711111,5.18423994388888,159125.666666666,2032.3,21,21
i-02ca0e36a4acaf9fc,7.78214054644444,5.16329807699999,162801,1871.5,21,21
i-067b2519b614c8f9d,7.77955126755555,5.15526602,159756.333333333,2423.9,21,21
i-06b96f53253b4cc2e,7.782423046,5.11009176577777,160790.333333333,1822.1,21,21
i-0837f0f6a7a42ac68,7.78262252288888,5.119006051,165341,3369.2,21,21
i-084caea7d9c000ba9,7.78008373577777,5.139625205,158842.333333333,1693.7,21,21
i-08559b79281547ef2,7.78344988822222,5.06724892722222,159396.666666666,1705,21,21
i-08e70b514c8c3cd5a,7.78190538611111,5.20056239766666,163461.333333333,2366.3,21,21
i-08ff78a502245298a,7.78429958555555,5.177268717,165284,1671.8,21,21
i-0b138e3642a677559,7.78432732144444,5.13545023066666,158505.666666666,2600.2,21,21
i-0ba417327f988ba2b,7.78476542888888,5.07539298811111,158991.666666666,3213,21,21
i-0c3e9f9e7b281edfe,7.78419484022222,5.11031995866666,168387.333333333,1670.7,21,21
i-0cc4b604b837f69d9,7.78113306911111,5.16951677544444,158450.333333333,2426.7,21,21
i-0d136c81f43ce8a29,7.78139922344444,5.31332381555555,162698.666666666,1701.1,21,21
i-0d1c421d52c368b29,7.78399838333333,5.15537812977777,157299.666666666,2827.6,21,21
i-0dcfa6d3bc470d28d,7.78429065811111,5.182571941,160267,1563.9,21,21
i-0f285214d5c41327e,7.78101430999999,5.12269846611111,163105,3756.8,21,21
i-0009b7735dea24732,7.78456764744444,5.10454230833333,167778.333333333,1517.3,20,20
i-002f7e27ea3e0bc1c,7.78577213811111,5.29157720644444,161398.333333333,2704.5,20,20
i-007e12c9530b8cdea,7.78143699966666,5.184327258,160136.666666666,2481.1,20,20
i-00ba7a56c944e5a25,7.78296385866666,5.09094776055555,163026.666666666,1958.6,20,20
i-00d71d40b42658392,7.78490930133333,5.15085103777777,160734,2155,20,20
i-02ca0e36a4acaf9fc,7.78063464166666,5.15377873855555,162798.666666666,2449.3,20,20
i-06b96f53253b4cc2e,7.78362409277777,5.08764674933333,162055.333333333,2829.1,20,20
i-0837f0f6a7a42ac68,7.78297323655555,5.15177554555555,165340,1205.7,20,20
i-084caea7d9c000ba9,7.78190700222222,5.14759328611111,159644.666666666,4345,20,20
i-08559b79281547ef2,7.78165660966666,5.06489064966666,161274.666666666,1558,20,20
i-08e70b514c8c3cd5a,7.78176334177777,5.17668173055555,163543.666666666,2198.7,20,20
i-08ff78a502245298a,7.78313305644444,5.151263078,165569.333333333,2516,20,20
i-0b138e3642a677559,7.78807746033333,5.16348338144444,159974.666666666,1828.5,20,20
i-0ba417327f988ba2b,7.78481451677777,5.12346850511111,159893.666666666,2439.4,20,20
i-0c3e9f9e7b281edfe,7.78250084988888,5.09808929766666,168492,4885.1,20,20
i-0cc4b604b837f69d9,7.78008050388888,5.11503760022222,159593.333333333,1597.6,20,20
i-0d136c81f43ce8a29,7.78376613744444,5.18966945011111,163019.666666666,1997.9,20,20
i-0d1c421d52c368b29,7.78526526022222,5.14286303533333,158818,1578,20,20
i-0dcfa6d3bc470d28d,7.78328832,5.13919019711111,162251.333333333,3315.7,20,20
i-0f285214d5c41327e,7.84404606288888,5.07828741611111,163437.666666666,1669.3,20,20
i-0009b7735dea24732,7.78186649755555,5.11911437244444,168107.333333333,1819.1,19,19
i-002f7e27ea3e0bc1c,7.78372285088888,5.17696894544444,162673.333333333,2325.4,19,19
i-007e12c9530b8cdea,7.77959484511111,5.13860601833333,161326.333333333,2016.9,19,19
i-00ba7a56c944e5a25,7.78086259633333,5.08889298966666,162924,2882.5,19,19
i-00d71d40b42658392,7.78043516488889,5.10869190411111,162549.333333333,3029.3,19,19
i-02ca0e36a4acaf9fc,7.78287760422222,5.15567813977777,163320,2544.1,19,19
i-06b96f53253b4cc2e,7.77988383511111,5.068836265,163411,2519.4,19,19
i-0837f0f6a7a42ac68,7.78201651577777,5.11674314077777,165157.666666666,1578.2,19,19
i-084caea7d9c000ba9,7.780258894,5.13446903233333,164072,3485.5,19,19
i-08559b79281547ef2,7.78191145266666,5.12698088744444,162564.666666666,1603.5,19,19
i-08e70b514c8c3cd5a,7.78109179611111,5.12675849611111,163128.333333333,2040.6,19,19
i-08ff78a502245298a,7.78100204466666,5.12189745888888,165609.333333333,1583.6,19,19
i-0b138e3642a677559,7.78437349533333,5.09326717588888,161556.666666666,2042.5,19,19
i-0ba417327f988ba2b,7.78710640788888,5.110941622,161149.666666666,4807,19,19
i-0c3e9f9e7b281edfe,7.78098628255555,5.09971499455555,168732,1604.1,19,19
i-0cc4b604b837f69d9,7.78029137188888,5.11265688477777,161288,2585.3,19,19
i-0d136c81f43ce8a29,7.78193947988888,5.131294277,163098.333333333,1606,19,19
i-0d1c421d52c368b29,7.78458343599999,5.07794743122222,160873,4525.3,19,19
i-0f285214d5c41327e,7.78031402166666,5.04655808888888,163109.666666666,1625.3,19,19
i-0009b7735dea24732,7.78529665211111,5.05287668444444,169013,1973,18,18
i-002f7e27ea3e0bc1c,7.78297705111111,5.13006154688888,162838.333333333,2806.3,18,18
i-007e12c9530b8cdea,7.78079099122222,5.13732719411111,161607.666666666,2711.8,18,18
i-00ba7a56c944e5a25,7.78225207333333,5.13827882866666,164192.666666666,2953.7,18,18
i-00d71d40b42658392,7.77964636999999,5.19584112688888,163318.666666666,3442.6,18,18
i-06b96f53253b4cc2e,7.78198973333333,5.06766133822222,163861.333333333,2375.5,18,18
i-0837f0f6a7a42ac68,7.78102715811111,5.10858612588888,166706.333333333,2983.2,18,18
i-084caea7d9c000ba9,7.78246217288888,5.14952813244444,164420.333333333,1511.5,18,18
i-08559b79281547ef2,7.78169080955555,5.08178419544444,162448.666666666,4389.8,18,18
i-08e70b514c8c3cd5a,7.78117362655555,5.14617570244444,164589,1555,18,18
i-08ff78a502245298a,7.782231013,5.10461619155555,166612.333333333,2215.6,18,18
i-0b138e3642a677559,7.78262919855555,5.0585631,161617.333333333,1911.8,18,18
i-0ba417327f988ba2b,7.78492583177777,5.07365634711111,161766.333333333,4997.6,18,18
i-0c3e9f9e7b281edfe,7.78018148733333,5.11745373411111,169688,1582.1,18,18
i-0cc4b604b837f69d9,7.77845970788888,5.08301941555555,160872,2370.8,18,18
i-0d136c81f43ce8a29,7.78280843644444,5.09142777655555,164025,1501.8,18,18
i-0d1c421d52c368b29,7.78181438977777,5.11429757544444,160985,3725.9,18,18
i-0f285214d5c41327e,7.77844150855555,5.07021779477777,163921.333333333,1610.1,18,18
i-0009b7735dea24732,7.78079628955555,5.05526362511111,169990.666666666,1839.9,17,17
i-002f7e27ea3e0bc1c,7.78418864155555,5.11323830833333,163147.333333333,3403,17,17
i-007e12c9530b8cdea,7.78153628755555,5.07326520811111,162966,3543.8,17,17
i-00d71d40b42658392,7.78006068877777,5.09149532833333,163391,3165.5,17,17
i-06b96f53253b4cc2e,7.78129794844444,4.96788525577777,163937,3273.3,17,17
i-0837f0f6a7a42ac68,7.78115026155555,4.98797572988888,166973.666666666,2184.7,17,17
i-084caea7d9c000ba9,7.792321523,4.99255755211111,163946.333333333,3440.3,17,17
i-08559b79281547ef2,7.78286096788889,4.95285190444444,162686,1545.7,17,17
i-08e70b514c8c3cd5a,7.78160169388889,5.12625522088888,165619,1560.5,17,17
i-08ff78a502245298a,7.78081907155555,5.10734134255555,167698.333333333,2184.7,17,17
i-0b138e3642a677559,7.78703162411111,5.05459006633333,161460,1736.5,17,17
i-0ba417327f988ba2b,7.78415369977777,4.94961924022222,162047.333333333,4723.7,17,17
i-0c3e9f9e7b281edfe,7.78192133377777,4.95988970344444,170224.333333333,1548.9,17,17
i-0cc4b604b837f69d9,7.77947052322222,5.11132865488888,161113.333333333,3065.3,17,17
i-0d136c81f43ce8a29,7.78043055522222,5.11254994066666,164951,1695.5,17,17
i-0d1c421d52c368b29,7.78289190922222,4.98156817766666,161603.666666666,5664.5,17,17
i-0f285214d5c41327e,7.77916622155555,4.94310106166666,165403.333333333,1505.5,17,17
i-0009b7735dea24732,7.78148441855555,5.04811941255555,169569.333333333,2253.5,16,16
i-002f7e27ea3e0bc1c,7.78350414155555,5.12576267433333,163194.333333333,3173.2,16,16
i-007e12c9530b8cdea,7.78031179644444,5.07802629466666,165894,4077.6,16,16
i-00d71d40b42658392,7.78200734999999,5.14277087311111,163844,4347,16,16
i-06b96f53253b4cc2e,7.78296714355555,4.934403181,165316.333333333,2251.2,16,16
i-0837f0f6a7a42ac68,7.79473114022222,4.95477750566666,167207,3221.6,16,16
i-084caea7d9c000ba9,7.78145956999999,5.01416081844444,165388,1528.2,16,16
i-08559b79281547ef2,7.78212624122222,4.91187916855555,164225.666666666,1504.3,16,16
i-08e70b514c8c3cd5a,7.78198364044444,5.10148445755555,165848.333333333,2447.7,16,16
i-08ff78a502245298a,7.78244574855555,5.08812536155555,167749.333333333,2099.8,16,16
i-0b138e3642a677559,7.78272316188888,5.05661453144444,162228.333333333,5823,16,16
i-0c3e9f9e7b281edfe,7.78631472588888,4.94290645911111,170513.666666666,1593.4,16,16
i-0cc4b604b837f69d9,7.78156871266666,5.09259025244444,162296.666666666,3999.6,16,16
i-0d136c81f43ce8a29,7.78317660755555,5.10075736055555,165150.666666666,1562,16,16
i-0d1c421d52c368b29,7.784776979,4.95406945533333,162469.666666666,5648,16,16
i-0f285214d5c41327e,7.77924137655555,4.91995840588888,165971.666666666,1496.1,16,16
i-0009b7735dea24732,7.78327854477777,4.94860458355555,170008.666666666,2466.2,15,15
i-007e12c9530b8cdea,7.779602713,4.96462927933333,167396.333333333,4526,15,15
i-00d71d40b42658392,7.780936665,4.97590518,165136,4048,15,15
i-06b96f53253b4cc2e,7.78380182055555,4.97068980011111,166862.666666666,3696,15,15
i-0837f0f6a7a42ac68,7.77920834222222,4.95396399511111,167400.333333333,2245,15,15
i-084caea7d9c000ba9,7.78156134822222,5.02119546466666,166431.333333333,4045,15,15
i-08559b79281547ef2,7.78088853099999,4.89214126277777,165244.333333333,1428.8,15,15
i-08e70b514c8c3cd5a,7.78088084855555,5.00372568766666,165736.666666666,1534.8,15,15
i-08ff78a502245298a,7.78435262044444,4.97833090355555,167601.666666666,6349.2,15,15
i-0b138e3642a677559,7.78297766033333,4.93756802866666,163691.333333333,1761,15,15
i-0c3e9f9e7b281edfe,7.78100427,4.92459072011111,171318.333333333,1649.9,15,15
i-0cc4b604b837f69d9,7.77981005766666,4.97386492622222,163815,4081.5,15,15
i-0d136c81f43ce8a29,7.78138489188888,5.081949181,165466.333333333,1506.6,15,15
i-0d1c421d52c368b29,7.78292510244444,4.94867422844444,163705.333333333,4665,15,15
i-0f285214d5c41327e,7.77857761911111,4.90530792866666,166115.666666666,1652.5,15,15
i-0009b7735dea24732,7.784224828,4.97441379211111,170270.666666666,1868.1,14,14
i-007e12c9530b8cdea,7.78008643766666,4.96658682811111,167399.666666666,3672.2,14,14
i-00d71d40b42658392,7.77973129999999,4.947113461,165158.666666666,4958,14,14
i-06b96f53253b4cc2e,7.78258681299999,4.91019765522222,166980.666666666,4363,14,14
i-084caea7d9c000ba9,7.77958615611111,4.92439304444444,166463,4769.7,14,14
i-08559b79281547ef2,7.78176879888888,4.87409922811111,164977.666666666,4397.8,14,14
i-08e70b514c8c3cd5a,7.78208753788888,4.98769055488888,166280,1525.1,14,14
i-08ff78a502245298a,7.77989374255555,4.97664390677777,168292.666666666,2016.1,14,14
i-0b138e3642a677559,7.78677471477777,4.93818002277777,163592.333333333,6291,14,14
i-0c3e9f9e7b281edfe,7.78151872433333,4.90398772555555,172293.333333333,1725.5,14,14
i-0cc4b604b837f69d9,7.77882801155555,4.94746420122222,163626.666666666,1530.9,14,14
i-0d136c81f43ce8a29,7.78046517899999,5.02841062022222,165896.333333333,4930,14,14
i-0d1c421d52c368b29,7.78044965522222,4.92747081633333,163496,1509.1,14,14
i-0f285214d5c41327e,7.77943685311111,4.87071127355555,166844.666666666,3332.3,14,14
i-0009b7735dea24732,7.78313549355555,4.93295497366666,170838,3198.1,13,13
i-007e12c9530b8cdea,7.78018448088888,4.94607769111111,167987.666666666,4557,13,13
i-00d71d40b42658392,7.78231109511111,4.92898551633333,164967.666666666,5564,13,13
i-06b96f53253b4cc2e,7.78096683822222,4.88878014344444,166646,5961,13,13
i-084caea7d9c000ba9,7.78005894033333,4.92343823122222,166344,5837,13,13
i-08559b79281547ef2,7.78339007166666,4.88158983644444,165200.333333333,1578.5,13,13
i-08e70b514c8c3cd5a,7.78127490166666,4.94964151922222,166831.666666666,2484.4,13,13
i-0b138e3642a677559,7.78397700522222,4.90804065611111,163432.333333333,5294,13,13
i-0c3e9f9e7b281edfe,7.78205635811111,4.88131112522222,172532,1966.7,13,13
i-0cc4b604b837f69d9,7.78191057844444,4.91595602022222,163323.333333333,1494.4,13,13
i-0d136c81f43ce8a29,7.78231284344444,4.960903724,166606.666666666,5072,13,13
i-0d1c421d52c368b29,7.78286332544444,4.89981839388888,163572.666666666,1508.4,13,13
i-0f285214d5c41327e,7.77827358244444,4.87034334088888,166967,2179.8,13,13
i-0009b7735dea24732,7.783206569,5.00562760566666,170733.333333333,5822.2,12,12
i-007e12c9530b8cdea,7.77942713088888,5.04230438333333,167846.333333333,5182,12,12
i-00d71d40b42658392,7.56812222799999,4.99155304166666,166108,6864,12,12
i-06b96f53253b4cc2e,7.78100705133333,5.11113855588888,167116.333333333,4506,12,12
i-084caea7d9c000ba9,7.78182636366666,5.04139704166666,167065.333333333,1466.1,12,12
i-08559b79281547ef2,7.57073111,4.97135056377777,166202,2193.6,12,12
i-08e70b514c8c3cd5a,7.78138279911111,5.04135757022222,166677,5746,12,12
i-0b138e3642a677559,7.57248335399999,4.97355381655555,164281,2696.3,12,12
i-0c3e9f9e7b281edfe,7.56943244411111,5.01120638833333,171415.666666666,1541.3,12,12
i-0d136c81f43ce8a29,7.78267444522222,5.02615335255555,166317,5247,12,12
i-0d1c421d52c368b29,7.78187690833333,5.02493251688888,164120.666666666,1588.6,12,12
i-0f285214d5c41327e,7.77889747088888,5.03546823377777,168044.333333333,2297.1,12,12
i-0009b7735dea24732,7.78303215244444,4.88640997144444,170916.333333333,7272,11,11
i-007e12c9530b8cdea,7.78352872522222,4.93005265133333,168166.333333333,5873,11,11
i-00d71d40b42658392,7.56882980133333,4.88617489077777,166397,5887,11,11
i-06b96f53253b4cc2e,7.7802672121111,4.93617645899999,168250.333333333,5269,11,11
i-084caea7d9c000ba9,7.78065858944444,4.90767534577777,168625.666666666,1503.8,11,11
i-08e70b514c8c3cd5a,7.78164047666666,4.91319190133333,166982,2068.3,11,11
i-0b138e3642a677559,7.57124929955555,4.87824508866666,164993.666666666,6396,11,11
i-0c3e9f9e7b281edfe,7.56917394544444,4.90287086711111,171913.333333333,5645.6,11,11
i-0d136c81f43ce8a29,7.77939775244444,4.91334064799999,166118.333333333,1754.4,11,11
i-0d1c421d52c368b29,7.78421155622222,4.90095814055555,165254.666666666,1467.2,11,11
i-0f285214d5c41327e,7.77933512788888,4.83007778066666,170264.666666666,2461.5,11,11
i-0009b7735dea24732,7.78197105711111,4.88650753755555,175227.333333333,8350,10,10
i-007e12c9530b8cdea,7.78084349633333,4.92818776766666,168445,7258,10,10
i-00d71d40b42658392,7.17360734933333,4.91196091966666,166501.666666666,6541,10,10
i-06b96f53253b4cc2e,7.78281039666666,4.72528923899999,167912.333333333,1529.2,10,10
i-084caea7d9c000ba9,7.78052067755555,4.78189134611111,169127.666666666,2932.5,10,10
i-08e70b514c8c3cd5a,7.78325920633333,4.94419238288888,171406,5698,10,10
i-0b138e3642a677559,7.18060392811111,4.87681780922222,165147.333333333,7268,10,10
i-0d136c81f43ce8a29,7.78090874333333,5.03298171366666,170719.666666666,2149.7,10,10
i-0d1c421d52c368b29,7.78348628677777,4.77924376066666,165681.333333333,1531.2,10,10
i-0f285214d5c41327e,7.78042703199999,4.695594867,174819,3347.9,10,10
i-0009b7735dea24732,7.78383856333333,4.89979068433333,175036.666666666,7023,9,9
i-007e12c9530b8cdea,7.78154746688888,4.86516126022222,168953,7126,9,9
i-06b96f53253b4cc2e,7.78000042166666,4.75055956844444,167921.333333333,1496.5,9,9
i-084caea7d9c000ba9,7.78099285244444,4.79261700288888,169193.333333333,3160.3,9,9
i-08e70b514c8c3cd5a,7.78031304144444,4.88284018288888,171338.666666666,7370,9,9
i-0b138e3642a677559,7.17779541011111,4.84210165322222,165335.666666666,7342,9,9
i-0d136c81f43ce8a29,7.78067861644444,4.90103318944444,170635,2635.7,9,9
i-0d1c421d52c368b29,7.78163480755555,4.769437631,165854.333333333,1440,9,9
i-0f285214d5c41327e,7.77896102277777,4.70757452633333,174448,7541,9,9
i-0009b7735dea24732,7.78301215188888,4.72152532455555,175039.666666666,8777,8,8
i-007e12c9530b8cdea,7.78212073122222,4.74012570922222,172863,7959,8,8
i-06b96f53253b4cc2e,7.78152041988889,4.74187644322222,172698,1495.3,8,8
i-084caea7d9c000ba9,7.77996463244444,4.80162779488888,173708,7114,8,8
i-08e70b514c8c3cd5a,7.78190567755555,4.76573332144444,171570.333333333,7956,8,8
i-0d136c81f43ce8a29,7.77984915844444,4.76005983344444,170343,2901.8,8,8
i-0d1c421d52c368b29,7.78258040211111,4.75588854155555,170442.666666666,1491,8,8
i-0f285214d5c41327e,7.77895336688888,4.71951617144444,174686.333333333,7898,8,8
i-0009b7735dea24732,7.78184792733333,4.73231379188888,174945.666666666,8520,7,7
i-007e12c9530b8cdea,7.78034165155555,4.74713555977777,173312.333333333,1501.2,7,7
i-06b96f53253b4cc2e,7.78067572899999,4.71177479955555,173686,8401,7,7
i-084caea7d9c000ba9,7.78001618377777,4.73656447733333,173876.666666666,7729,7,7
i-08e70b514c8c3cd5a,7.78218282588888,4.776093324,171457,7677,7,7
i-0d136c81f43ce8a29,7.78002021022222,4.85904547911111,170559.666666666,2457.3,7,7
i-0f285214d5c41327e,7.77791998122222,4.66170297722222,174086,8778,7,7
i-0009b7735dea24732,7.78491301011111,4.72895118922222,175141,1494.3,6,6
i-007e12c9530b8cdea,7.97113060977777,4.74786316022222,181367.333333333,8203,6,6
i-06b96f53253b4cc2e,7.78050324644444,4.46097464033333,182135,8796,6,6
i-08e70b514c8c3cd5a,7.78280999922222,4.764024708,172138,8251,6,6
i-0d136c81f43ce8a29,7.78158521644444,4.77130299144444,170442.666666666,7517.7,6,6
i-0f285214d5c41327e,7.77932495544444,4.44541374855555,174528.333333333,8994,6,6
i-007e12c9530b8cdea,7.77992627344444,4.71408216166666,181547,6104.2,5,5
i-06b96f53253b4cc2e,7.78233896344444,4.47503002466666,182073.666666666,8827,5,5
i-08e70b514c8c3cd5a,7.78293493077777,4.70598700311111,173082,8948,5,5
i-0d136c81f43ce8a29,7.78096800377777,4.77045596977777,170792.666666666,9036,5,5
i-0f285214d5c41327e,7.77957786455555,4.44226752377777,174852.666666666,9427,5,5
i-007e12c9530b8cdea,7.56748255088888,4.71597843699999,182078.666666666,9853,4,4
i-08e70b514c8c3cd5a,7.57072949399999,4.75109789111111,171254.333333333,9659,4,4
i-0d136c81f43ce8a29,7.568442636,4.73492627677777,171043,9902,4,4
i-0f285214d5c41327e,7.56792587722222,4.37343292777777,174766.333333333,9856,4,4
i-08e70b514c8c3cd5a,7.56925884877778,4.49662486711111,171684.333333333,9681,3,3
i-0d136c81f43ce8a29,7.56913603666666,4.55318911888888,170643,9910,3,3
i-0f285214d5c41327e,7.56791366477777,4.37818066266666,174585.333333333,9849,3,3
i-08e70b514c8c3cd5a,7.17678552199999,4.49647935222222,182250.333333333,9878,2,2
i-0d136c81f43ce8a29,7.17609209477777,4.49933404377777,179099.666666666,9826,2,2
i-0d136c81f43ce8a29,7.17386288122222,4.441481034,179145.333333333,9715,1,1
