instanceID,experimentID,instanceType,wallTime,clients,threads,scaleFactor,transactionsType,queryMode,duration,transactions
i-06950b814662ddbcc,1532132304,c3.large,60.37874412536621,10,10,1,TPC-B (sort of),simple,60 s,56105
i-06950b814662ddbcc,1532132304,c3.large,60.22979545593262,10,10,1,TPC-B (sort of),simple,60 s,56694
i-06950b814662ddbcc,1532132304,c3.large,60.248910427093506,10,10,1,TPC-B (sort of),simple,60 s,57514
i-06950b814662ddbcc,1532132304,c3.large,60.27436709403992,10,10,1,TPC-B (sort of),simple,60 s,54651
i-06950b814662ddbcc,1532132304,c3.large,60.268882036209106,10,10,1,TPC-B (sort of),simple,60 s,54829
i-06950b814662ddbcc,1532132304,c3.large,60.2940878868103,10,10,1,TPC-B (sort of),simple,60 s,54987
i-0ca87c1c981dca37d,1532132304,c3.large,60.36415338516235,10,10,1,TPC-B (sort of),simple,60 s,54015
i-0ca87c1c981dca37d,1532132304,c3.large,60.239659547805786,10,10,1,TPC-B (sort of),simple,60 s,54959
i-0ca87c1c981dca37d,1532132304,c3.large,60.25816345214844,10,10,1,TPC-B (sort of),simple,60 s,55600
i-003c9b18c0ea5d149,1532132304,c3.large,60.39603877067566,10,10,1,TPC-B (sort of),simple,60 s,61259
i-003c9b18c0ea5d149,1532132304,c3.large,60.19310665130615,10,10,1,TPC-B (sort of),simple,60 s,60448
i-003c9b18c0ea5d149,1532132304,c3.large,60.189791679382324,10,10,1,TPC-B (sort of),simple,60 s,62637
i-003c9b18c0ea5d149,1532132304,c3.large,60.34759759902954,10,10,1,TPC-B (sort of),simple,60 s,61519
i-003c9b18c0ea5d149,1532132304,c3.large,60.208364963531494,10,10,1,TPC-B (sort of),simple,60 s,62926
i-003c9b18c0ea5d149,1532132304,c3.large,60.200255393981934,10,10,1,TPC-B (sort of),simple,60 s,61663
i-003c9b18c0ea5d149,1532132304,c3.large,60.30503296852112,10,10,1,TPC-B (sort of),simple,60 s,62672
i-003c9b18c0ea5d149,1532132304,c3.large,60.18986487388611,10,10,1,TPC-B (sort of),simple,60 s,63533
i-003c9b18c0ea5d149,1532132304,c3.large,60.20052933692932,10,10,1,TPC-B (sort of),simple,60 s,63424
i-003c9b18c0ea5d149,1532132304,c3.large,60.21038246154785,10,10,1,TPC-B (sort of),simple,60 s,61388
i-003c9b18c0ea5d149,1532132304,c3.large,60.1885027885437,10,10,1,TPC-B (sort of),simple,60 s,63520
i-003c9b18c0ea5d149,1532132304,c3.large,60.19021010398865,10,10,1,TPC-B (sort of),simple,60 s,63657
i-003c9b18c0ea5d149,1532132304,c3.large,60.28498458862305,10,10,1,TPC-B (sort of),simple,60 s,62451
i-003c9b18c0ea5d149,1532132304,c3.large,60.20426344871521,10,10,1,TPC-B (sort of),simple,60 s,62590
i-003c9b18c0ea5d149,1532132304,c3.large,60.194716453552246,10,10,1,TPC-B (sort of),simple,60 s,62382
i-003c9b18c0ea5d149,1532132304,c3.large,60.34154272079468,10,10,1,TPC-B (sort of),simple,60 s,62099
i-003c9b18c0ea5d149,1532132304,c3.large,60.26973915100098,10,10,1,TPC-B (sort of),simple,60 s,61504
i-003c9b18c0ea5d149,1532132304,c3.large,60.32859539985657,10,10,1,TPC-B (sort of),simple,60 s,61993
i-003c9b18c0ea5d149,1532132304,c3.large,60.34347438812256,10,10,1,TPC-B (sort of),simple,60 s,59534
i-003c9b18c0ea5d149,1532132304,c3.large,60.41453790664673,10,10,1,TPC-B (sort of),simple,60 s,59445
i-003c9b18c0ea5d149,1532132304,c3.large,60.27678894996643,10,10,1,TPC-B (sort of),simple,60 s,60864
i-003c9b18c0ea5d149,1532132304,c3.large,60.28279757499695,10,10,1,TPC-B (sort of),simple,60 s,61711
i-003c9b18c0ea5d149,1532132304,c3.large,60.35014224052429,10,10,1,TPC-B (sort of),simple,60 s,62118
i-003c9b18c0ea5d149,1532132304,c3.large,60.27137303352356,10,10,1,TPC-B (sort of),simple,60 s,62434
i-003c9b18c0ea5d149,1532132304,c3.large,60.34325623512268,10,10,1,TPC-B (sort of),simple,60 s,60799
i-003c9b18c0ea5d149,1532132304,c3.large,60.28579783439636,10,10,1,TPC-B (sort of),simple,60 s,61692
i-003c9b18c0ea5d149,1532132304,c3.large,60.205915212631226,10,10,1,TPC-B (sort of),simple,60 s,62203
i-003c9b18c0ea5d149,1532132304,c3.large,60.298832654953,10,10,1,TPC-B (sort of),simple,60 s,60947
i-003c9b18c0ea5d149,1532132304,c3.large,60.2318058013916,10,10,1,TPC-B (sort of),simple,60 s,60560
i-003c9b18c0ea5d149,1532132304,c3.large,60.23047971725464,10,10,1,TPC-B (sort of),simple,60 s,60958
i-003c9b18c0ea5d149,1532132304,c3.large,60.28444194793701,10,10,1,TPC-B (sort of),simple,60 s,60985
i-003c9b18c0ea5d149,1532132304,c3.large,60.29766511917114,10,10,1,TPC-B (sort of),simple,60 s,59898
i-003c9b18c0ea5d149,1532132304,c3.large,60.27411127090454,10,10,1,TPC-B (sort of),simple,60 s,61908
i-003c9b18c0ea5d149,1532132304,c3.large,60.34973478317261,10,10,1,TPC-B (sort of),simple,60 s,62126
i-003c9b18c0ea5d149,1532132304,c3.large,60.320061445236206,10,10,1,TPC-B (sort of),simple,60 s,62235
i-003c9b18c0ea5d149,1532132304,c3.large,60.312373876571655,10,10,1,TPC-B (sort of),simple,60 s,61812
i-003c9b18c0ea5d149,1532132304,c3.large,60.359434366226196,10,10,1,TPC-B (sort of),simple,60 s,61206
i-003c9b18c0ea5d149,1532132304,c3.large,60.32526230812073,10,10,1,TPC-B (sort of),simple,60 s,61127
i-003c9b18c0ea5d149,1532132304,c3.large,60.337284326553345,10,10,1,TPC-B (sort of),simple,60 s,60989
i-003c9b18c0ea5d149,1532132304,c3.large,60.35448122024536,10,10,1,TPC-B (sort of),simple,60 s,59100
i-003c9b18c0ea5d149,1532132304,c3.large,60.318315744400024,10,10,1,TPC-B (sort of),simple,60 s,59306
i-003c9b18c0ea5d149,1532132304,c3.large,60.31139349937439,10,10,1,TPC-B (sort of),simple,60 s,59712
i-003c9b18c0ea5d149,1532132304,c3.large,60.3609504699707,10,10,1,TPC-B (sort of),simple,60 s,58982
i-003c9b18c0ea5d149,1532132304,c3.large,60.35022234916687,10,10,1,TPC-B (sort of),simple,60 s,58702
i-003c9b18c0ea5d149,1532132304,c3.large,60.282381534576416,10,10,1,TPC-B (sort of),simple,60 s,58446
i-07594cd3a982b9904,1532132304,c3.large,60.370656967163086,10,10,1,TPC-B (sort of),simple,60 s,59496
i-07594cd3a982b9904,1532132304,c3.large,60.27352046966553,10,10,1,TPC-B (sort of),simple,60 s,59665
i-07594cd3a982b9904,1532132304,c3.large,60.27602005004883,10,10,1,TPC-B (sort of),simple,60 s,59478
i-07594cd3a982b9904,1532132304,c3.large,60.33909010887146,10,10,1,TPC-B (sort of),simple,60 s,57842
i-07594cd3a982b9904,1532132304,c3.large,60.3264365196228,10,10,1,TPC-B (sort of),simple,60 s,55921
i-07594cd3a982b9904,1532132304,c3.large,60.30636930465698,10,10,1,TPC-B (sort of),simple,60 s,58579
i-07594cd3a982b9904,1532132304,c3.large,60.29249048233032,10,10,1,TPC-B (sort of),simple,60 s,55976
i-07594cd3a982b9904,1532132304,c3.large,60.32097125053406,10,10,1,TPC-B (sort of),simple,60 s,55781
i-07594cd3a982b9904,1532132304,c3.large,60.357712268829346,10,10,1,TPC-B (sort of),simple,60 s,57910
i-07594cd3a982b9904,1532132304,c3.large,60.27990365028381,10,10,1,TPC-B (sort of),simple,60 s,57737
i-07594cd3a982b9904,1532132304,c3.large,60.30157256126404,10,10,1,TPC-B (sort of),simple,60 s,57475
i-07594cd3a982b9904,1532132304,c3.large,60.363301277160645,10,10,1,TPC-B (sort of),simple,60 s,57619
i-07594cd3a982b9904,1532132304,c3.large,60.280168771743774,10,10,1,TPC-B (sort of),simple,60 s,58063
i-07594cd3a982b9904,1532132304,c3.large,60.30016493797302,10,10,1,TPC-B (sort of),simple,60 s,57993
i-07594cd3a982b9904,1532132304,c3.large,60.253719091415405,10,10,1,TPC-B (sort of),simple,60 s,54392
i-07594cd3a982b9904,1532132304,c3.large,60.286858320236206,10,10,1,TPC-B (sort of),simple,60 s,55358
i-07594cd3a982b9904,1532132304,c3.large,60.21210193634033,10,10,1,TPC-B (sort of),simple,60 s,56430
i-07594cd3a982b9904,1532132304,c3.large,60.26000118255615,10,10,1,TPC-B (sort of),simple,60 s,57911
i-07594cd3a982b9904,1532132304,c3.large,60.36080312728882,10,10,1,TPC-B (sort of),simple,60 s,56995
i-07594cd3a982b9904,1532132304,c3.large,60.35910964012146,10,10,1,TPC-B (sort of),simple,60 s,57279
i-07594cd3a982b9904,1532132304,c3.large,60.302918672561646,10,10,1,TPC-B (sort of),simple,60 s,57742
i-08c6b31eb62575ff9,1532132304,c3.large,60.362189531326294,10,10,1,TPC-B (sort of),simple,60 s,59243
i-08c6b31eb62575ff9,1532132304,c3.large,60.22259497642517,10,10,1,TPC-B (sort of),simple,60 s,59892
i-08c6b31eb62575ff9,1532132304,c3.large,60.18732476234436,10,10,1,TPC-B (sort of),simple,60 s,59344
i-08c6b31eb62575ff9,1532132304,c3.large,60.28000807762146,10,10,1,TPC-B (sort of),simple,60 s,59540
i-08c6b31eb62575ff9,1532132304,c3.large,60.2130184173584,10,10,1,TPC-B (sort of),simple,60 s,57898
i-08c6b31eb62575ff9,1532132304,c3.large,60.2278208732605,10,10,1,TPC-B (sort of),simple,60 s,58862
i-08c6b31eb62575ff9,1532132304,c3.large,60.283445596694946,10,10,1,TPC-B (sort of),simple,60 s,60144
i-08c6b31eb62575ff9,1532132304,c3.large,60.25936722755432,10,10,1,TPC-B (sort of),simple,60 s,59342
i-08c6b31eb62575ff9,1532132304,c3.large,60.243106842041016,10,10,1,TPC-B (sort of),simple,60 s,59988
i-08c6b31eb62575ff9,1532132304,c3.large,60.264931440353394,10,10,1,TPC-B (sort of),simple,60 s,58039
i-08c6b31eb62575ff9,1532132304,c3.large,60.24941325187683,10,10,1,TPC-B (sort of),simple,60 s,59245
i-08c6b31eb62575ff9,1532132304,c3.large,60.23895740509033,10,10,1,TPC-B (sort of),simple,60 s,58332
i-08c6b31eb62575ff9,1532132304,c3.large,60.29688096046448,10,10,1,TPC-B (sort of),simple,60 s,56603
i-08c6b31eb62575ff9,1532132304,c3.large,60.38860058784485,10,10,1,TPC-B (sort of),simple,60 s,57378
i-08c6b31eb62575ff9,1532132304,c3.large,60.33271384239197,10,10,1,TPC-B (sort of),simple,60 s,57484
i-08c6b31eb62575ff9,1532132304,c3.large,60.30903506278992,10,10,1,TPC-B (sort of),simple,60 s,56618
i-08c6b31eb62575ff9,1532132304,c3.large,60.42636489868164,10,10,1,TPC-B (sort of),simple,60 s,56483
i-08c6b31eb62575ff9,1532132304,c3.large,60.314104080200195,10,10,1,TPC-B (sort of),simple,60 s,56770
i-08c6b31eb62575ff9,1532132304,c3.large,60.31630063056946,10,10,1,TPC-B (sort of),simple,60 s,57635
i-08c6b31eb62575ff9,1532132304,c3.large,60.2755081653595,10,10,1,TPC-B (sort of),simple,60 s,56598
i-08c6b31eb62575ff9,1532132304,c3.large,60.29217076301575,10,10,1,TPC-B (sort of),simple,60 s,56745
i-08c6b31eb62575ff9,1532132304,c3.large,60.40758442878723,10,10,1,TPC-B (sort of),simple,60 s,57511
i-08c6b31eb62575ff9,1532132304,c3.large,60.29109978675842,10,10,1,TPC-B (sort of),simple,60 s,55781
i-08c6b31eb62575ff9,1532132304,c3.large,60.264477491378784,10,10,1,TPC-B (sort of),simple,60 s,57225
i-08c6b31eb62575ff9,1532132304,c3.large,60.3250515460968,10,10,1,TPC-B (sort of),simple,60 s,56370
i-08c6b31eb62575ff9,1532132304,c3.large,60.278550148010254,10,10,1,TPC-B (sort of),simple,60 s,55799
i-08c6b31eb62575ff9,1532132304,c3.large,60.29762244224548,10,10,1,TPC-B (sort of),simple,60 s,56236
i-08c6b31eb62575ff9,1532132304,c3.large,60.28702116012573,10,10,1,TPC-B (sort of),simple,60 s,57556
i-08c6b31eb62575ff9,1532132304,c3.large,60.253570795059204,10,10,1,TPC-B (sort of),simple,60 s,57327
i-08c6b31eb62575ff9,1532132304,c3.large,60.252663135528564,10,10,1,TPC-B (sort of),simple,60 s,58046
i-0178c009d34532fb3,1532132304,c3.large,60.421523332595825,10,10,1,TPC-B (sort of),simple,60 s,55308
i-0178c009d34532fb3,1532132304,c3.large,60.24999690055847,10,10,1,TPC-B (sort of),simple,60 s,56149
i-0178c009d34532fb3,1532132304,c3.large,60.22095775604248,10,10,1,TPC-B (sort of),simple,60 s,56458
i-0178c009d34532fb3,1532132304,c3.large,60.25952744483948,10,10,1,TPC-B (sort of),simple,60 s,57801
i-0178c009d34532fb3,1532132304,c3.large,60.28402805328369,10,10,1,TPC-B (sort of),simple,60 s,57414
i-0178c009d34532fb3,1532132304,c3.large,60.28265714645386,10,10,1,TPC-B (sort of),simple,60 s,56890
i-0178c009d34532fb3,1532132304,c3.large,60.2829327583313,10,10,1,TPC-B (sort of),simple,60 s,57571
i-0178c009d34532fb3,1532132304,c3.large,60.280550479888916,10,10,1,TPC-B (sort of),simple,60 s,57713
i-0178c009d34532fb3,1532132304,c3.large,60.31752681732178,10,10,1,TPC-B (sort of),simple,60 s,56709
i-0178c009d34532fb3,1532132304,c3.large,60.32598900794983,10,10,1,TPC-B (sort of),simple,60 s,56191
i-0178c009d34532fb3,1532132304,c3.large,60.28403306007385,10,10,1,TPC-B (sort of),simple,60 s,56572
i-0178c009d34532fb3,1532132304,c3.large,60.27860140800476,10,10,1,TPC-B (sort of),simple,60 s,57221
i-0178c009d34532fb3,1532132304,c3.large,60.24730730056763,10,10,1,TPC-B (sort of),simple,60 s,56497
i-0178c009d34532fb3,1532132304,c3.large,60.30473518371582,10,10,1,TPC-B (sort of),simple,60 s,55731
i-0178c009d34532fb3,1532132304,c3.large,60.287185192108154,10,10,1,TPC-B (sort of),simple,60 s,55744
i-0d48e74939789e96c,1532132304,c3.large,60.366366147994995,10,10,1,TPC-B (sort of),simple,60 s,55046
i-0d48e74939789e96c,1532132304,c3.large,60.212265968322754,10,10,1,TPC-B (sort of),simple,60 s,53915
i-0d48e74939789e96c,1532132304,c3.large,60.20655131340027,10,10,1,TPC-B (sort of),simple,60 s,54930
i-0d48e74939789e96c,1532132304,c3.large,60.270471811294556,10,10,1,TPC-B (sort of),simple,60 s,56258
i-0d48e74939789e96c,1532132304,c3.large,60.276275396347046,10,10,1,TPC-B (sort of),simple,60 s,52649
i-0d48e74939789e96c,1532132304,c3.large,60.262194871902466,10,10,1,TPC-B (sort of),simple,60 s,54838
i-0d48e74939789e96c,1532132304,c3.large,60.27944588661194,10,10,1,TPC-B (sort of),simple,60 s,56101
i-0d48e74939789e96c,1532132304,c3.large,60.292911529541016,10,10,1,TPC-B (sort of),simple,60 s,55651
i-0d48e74939789e96c,1532132304,c3.large,60.3336980342865,10,10,1,TPC-B (sort of),simple,60 s,55733
i-0d48e74939789e96c,1532132304,c3.large,60.275474548339844,10,10,1,TPC-B (sort of),simple,60 s,55854
i-0d48e74939789e96c,1532132304,c3.large,60.298987865448,10,10,1,TPC-B (sort of),simple,60 s,56757
i-0d48e74939789e96c,1532132304,c3.large,60.28701710700989,10,10,1,TPC-B (sort of),simple,60 s,54927
i-0d48e74939789e96c,1532132304,c3.large,60.220136880874634,10,10,1,TPC-B (sort of),simple,60 s,55770
i-0d48e74939789e96c,1532132304,c3.large,60.26641821861267,10,10,1,TPC-B (sort of),simple,60 s,56344
i-0d48e74939789e96c,1532132304,c3.large,60.25402235984802,10,10,1,TPC-B (sort of),simple,60 s,56599
i-0d48e74939789e96c,1532132304,c3.large,60.28966546058655,10,10,1,TPC-B (sort of),simple,60 s,56038
i-0d48e74939789e96c,1532132304,c3.large,60.29223895072937,10,10,1,TPC-B (sort of),simple,60 s,55523
i-0d48e74939789e96c,1532132304,c3.large,60.2560133934021,10,10,1,TPC-B (sort of),simple,60 s,56641
i-0dda907af2bcf1f8d,1532132304,c3.large,60.493783950805664,10,10,1,TPC-B (sort of),simple,60 s,56306
i-0dda907af2bcf1f8d,1532132304,c3.large,60.27506709098816,10,10,1,TPC-B (sort of),simple,60 s,57111
i-0dda907af2bcf1f8d,1532132304,c3.large,60.48071622848511,10,10,1,TPC-B (sort of),simple,60 s,57301
i-0dda907af2bcf1f8d,1532132304,c3.large,60.301639556884766,10,10,1,TPC-B (sort of),simple,60 s,57216
i-0dda907af2bcf1f8d,1532132304,c3.large,60.20023584365845,10,10,1,TPC-B (sort of),simple,60 s,58414
i-0dda907af2bcf1f8d,1532132304,c3.large,60.20072817802429,10,10,1,TPC-B (sort of),simple,60 s,57900
i-0dda907af2bcf1f8d,1532132304,c3.large,60.414660692214966,10,10,1,TPC-B (sort of),simple,60 s,56187
i-0dda907af2bcf1f8d,1532132304,c3.large,60.292471170425415,10,10,1,TPC-B (sort of),simple,60 s,56221
i-0dda907af2bcf1f8d,1532132304,c3.large,60.28288459777832,10,10,1,TPC-B (sort of),simple,60 s,56621
i-0dda907af2bcf1f8d,1532132304,c3.large,60.32888460159302,10,10,1,TPC-B (sort of),simple,60 s,57454
i-0dda907af2bcf1f8d,1532132304,c3.large,60.30473756790161,10,10,1,TPC-B (sort of),simple,60 s,57363
i-0dda907af2bcf1f8d,1532132304,c3.large,60.23472595214844,10,10,1,TPC-B (sort of),simple,60 s,56401
i-0dda907af2bcf1f8d,1532132304,c3.large,60.310049057006836,10,10,1,TPC-B (sort of),simple,60 s,56992
i-0dda907af2bcf1f8d,1532132304,c3.large,60.31540513038635,10,10,1,TPC-B (sort of),simple,60 s,57711
i-0dda907af2bcf1f8d,1532132304,c3.large,60.2437584400177,10,10,1,TPC-B (sort of),simple,60 s,57785
i-0dda907af2bcf1f8d,1532132304,c3.large,60.32325792312622,10,10,1,TPC-B (sort of),simple,60 s,55285
i-0dda907af2bcf1f8d,1532132304,c3.large,60.42523670196533,10,10,1,TPC-B (sort of),simple,60 s,56802
i-0dda907af2bcf1f8d,1532132304,c3.large,60.30143165588379,10,10,1,TPC-B (sort of),simple,60 s,57594
i-0dda907af2bcf1f8d,1532132304,c3.large,60.29957318305969,10,10,1,TPC-B (sort of),simple,60 s,55387
i-0dda907af2bcf1f8d,1532132304,c3.large,60.23224711418152,10,10,1,TPC-B (sort of),simple,60 s,53921
i-0dda907af2bcf1f8d,1532132304,c3.large,60.2231981754303,10,10,1,TPC-B (sort of),simple,60 s,53288
i-0dda907af2bcf1f8d,1532132304,c3.large,60.3668851852417,10,10,1,TPC-B (sort of),simple,60 s,54601
i-0dda907af2bcf1f8d,1532132304,c3.large,60.32402229309082,10,10,1,TPC-B (sort of),simple,60 s,54357
i-0dda907af2bcf1f8d,1532132304,c3.large,60.262208700180054,10,10,1,TPC-B (sort of),simple,60 s,56970
i-0dda907af2bcf1f8d,1532132304,c3.large,60.38930940628052,10,10,1,TPC-B (sort of),simple,60 s,57136
i-0dda907af2bcf1f8d,1532132304,c3.large,60.322163820266724,10,10,1,TPC-B (sort of),simple,60 s,55822
i-0dda907af2bcf1f8d,1532132304,c3.large,60.29114103317261,10,10,1,TPC-B (sort of),simple,60 s,56285
i-0dda907af2bcf1f8d,1532132304,c3.large,60.41516089439392,10,10,1,TPC-B (sort of),simple,60 s,56473
i-0dda907af2bcf1f8d,1532132304,c3.large,60.27714014053345,10,10,1,TPC-B (sort of),simple,60 s,56945
i-0dda907af2bcf1f8d,1532132304,c3.large,60.2721266746521,10,10,1,TPC-B (sort of),simple,60 s,56798
i-0dda907af2bcf1f8d,1532132304,c3.large,60.27073264122009,10,10,1,TPC-B (sort of),simple,60 s,54990
i-0dda907af2bcf1f8d,1532132304,c3.large,60.28952693939209,10,10,1,TPC-B (sort of),simple,60 s,55105
i-0dda907af2bcf1f8d,1532132304,c3.large,60.28680872917175,10,10,1,TPC-B (sort of),simple,60 s,55652
i-0dda907af2bcf1f8d,1532132304,c3.large,60.447049140930176,10,10,1,TPC-B (sort of),simple,60 s,53499
i-0dda907af2bcf1f8d,1532132304,c3.large,60.375545024871826,10,10,1,TPC-B (sort of),simple,60 s,53510
i-0dda907af2bcf1f8d,1532132304,c3.large,60.40733003616333,10,10,1,TPC-B (sort of),simple,60 s,54495
i-0ab0d9ca12f000301,1532132304,c3.large,60.304457902908325,10,10,1,TPC-B (sort of),simple,60 s,59154
i-0ab0d9ca12f000301,1532132304,c3.large,60.23416066169739,10,10,1,TPC-B (sort of),simple,60 s,59558
i-0ab0d9ca12f000301,1532132304,c3.large,60.22086262702942,10,10,1,TPC-B (sort of),simple,60 s,56627
i-0ab0d9ca12f000301,1532132304,c3.large,60.21554398536682,10,10,1,TPC-B (sort of),simple,60 s,55745
i-0ab0d9ca12f000301,1532132304,c3.large,60.24212384223938,10,10,1,TPC-B (sort of),simple,60 s,56242
i-0ab0d9ca12f000301,1532132304,c3.large,60.2520318031311,10,10,1,TPC-B (sort of),simple,60 s,57631
i-0ab0d9ca12f000301,1532132304,c3.large,60.223687171936035,10,10,1,TPC-B (sort of),simple,60 s,54664
i-0ab0d9ca12f000301,1532132304,c3.large,60.30623507499695,10,10,1,TPC-B (sort of),simple,60 s,56274
i-0ab0d9ca12f000301,1532132304,c3.large,60.28295946121216,10,10,1,TPC-B (sort of),simple,60 s,58270
i-0ab0d9ca12f000301,1532132304,c3.large,60.24380445480347,10,10,1,TPC-B (sort of),simple,60 s,56641
i-0ab0d9ca12f000301,1532132304,c3.large,60.258599042892456,10,10,1,TPC-B (sort of),simple,60 s,55856
i-0ab0d9ca12f000301,1532132304,c3.large,60.24388313293457,10,10,1,TPC-B (sort of),simple,60 s,58868
i-0ab0d9ca12f000301,1532132304,c3.large,60.253796339035034,10,10,1,TPC-B (sort of),simple,60 s,58401
i-0ab0d9ca12f000301,1532132304,c3.large,60.26925301551819,10,10,1,TPC-B (sort of),simple,60 s,57344
i-0ab0d9ca12f000301,1532132304,c3.large,60.257161140441895,10,10,1,TPC-B (sort of),simple,60 s,58302
i-0ab0d9ca12f000301,1532132304,c3.large,60.27506756782532,10,10,1,TPC-B (sort of),simple,60 s,57857
i-0ab0d9ca12f000301,1532132304,c3.large,60.33900332450867,10,10,1,TPC-B (sort of),simple,60 s,57711
i-0ab0d9ca12f000301,1532132304,c3.large,60.341448068618774,10,10,1,TPC-B (sort of),simple,60 s,57334
i-0ab0d9ca12f000301,1532132304,c3.large,60.274383783340454,10,10,1,TPC-B (sort of),simple,60 s,56854
i-0ab0d9ca12f000301,1532132304,c3.large,60.323121547698975,10,10,1,TPC-B (sort of),simple,60 s,56961
i-0ab0d9ca12f000301,1532132304,c3.large,60.2740523815155,10,10,1,TPC-B (sort of),simple,60 s,55966
i-0ab0d9ca12f000301,1532132304,c3.large,60.24375677108765,10,10,1,TPC-B (sort of),simple,60 s,56198
i-0ab0d9ca12f000301,1532132304,c3.large,60.30118680000305,10,10,1,TPC-B (sort of),simple,60 s,56881
i-0ab0d9ca12f000301,1532132304,c3.large,60.28339862823486,10,10,1,TPC-B (sort of),simple,60 s,55927
i-0ab0d9ca12f000301,1532132304,c3.large,60.2695574760437,10,10,1,TPC-B (sort of),simple,60 s,54485
i-0ab0d9ca12f000301,1532132304,c3.large,60.27183294296265,10,10,1,TPC-B (sort of),simple,60 s,55967
i-0ab0d9ca12f000301,1532132304,c3.large,60.26754426956177,10,10,1,TPC-B (sort of),simple,60 s,56702
i-0429db66a1a6e21c8,1532132304,c3.large,60.46717047691345,10,10,1,TPC-B (sort of),simple,60 s,54828
i-0429db66a1a6e21c8,1532132304,c3.large,60.26129770278931,10,10,1,TPC-B (sort of),simple,60 s,56624
i-0429db66a1a6e21c8,1532132304,c3.large,60.17964005470276,10,10,1,TPC-B (sort of),simple,60 s,57589
i-0429db66a1a6e21c8,1532132304,c3.large,60.18281865119934,10,10,1,TPC-B (sort of),simple,60 s,58453
i-0429db66a1a6e21c8,1532132304,c3.large,60.18931794166565,10,10,1,TPC-B (sort of),simple,60 s,56269
i-0429db66a1a6e21c8,1532132304,c3.large,60.20163679122925,10,10,1,TPC-B (sort of),simple,60 s,57727
i-0429db66a1a6e21c8,1532132304,c3.large,60.18430185317993,10,10,1,TPC-B (sort of),simple,60 s,55279
i-0429db66a1a6e21c8,1532132304,c3.large,60.21984577178955,10,10,1,TPC-B (sort of),simple,60 s,54639
i-0429db66a1a6e21c8,1532132304,c3.large,60.19676184654236,10,10,1,TPC-B (sort of),simple,60 s,55563
i-0429db66a1a6e21c8,1532132304,c3.large,60.18651223182678,10,10,1,TPC-B (sort of),simple,60 s,57037
i-0429db66a1a6e21c8,1532132304,c3.large,60.21521759033203,10,10,1,TPC-B (sort of),simple,60 s,59230
i-0429db66a1a6e21c8,1532132304,c3.large,60.20927667617798,10,10,1,TPC-B (sort of),simple,60 s,58164
i-0429db66a1a6e21c8,1532132304,c3.large,60.189544439315796,10,10,1,TPC-B (sort of),simple,60 s,59424
i-0429db66a1a6e21c8,1532132304,c3.large,60.19884705543518,10,10,1,TPC-B (sort of),simple,60 s,60083
i-0429db66a1a6e21c8,1532132304,c3.large,60.19964838027954,10,10,1,TPC-B (sort of),simple,60 s,59927
i-0429db66a1a6e21c8,1532132304,c3.large,60.19641613960266,10,10,1,TPC-B (sort of),simple,60 s,58821
i-0429db66a1a6e21c8,1532132304,c3.large,60.230040311813354,10,10,1,TPC-B (sort of),simple,60 s,59865
i-0429db66a1a6e21c8,1532132304,c3.large,60.202781438827515,10,10,1,TPC-B (sort of),simple,60 s,60010
i-0429db66a1a6e21c8,1532132304,c3.large,60.19625806808472,10,10,1,TPC-B (sort of),simple,60 s,58595
i-0429db66a1a6e21c8,1532132304,c3.large,60.21859431266785,10,10,1,TPC-B (sort of),simple,60 s,56568
i-0429db66a1a6e21c8,1532132304,c3.large,60.21124219894409,10,10,1,TPC-B (sort of),simple,60 s,58114
i-0429db66a1a6e21c8,1532132304,c3.large,60.22370362281799,10,10,1,TPC-B (sort of),simple,60 s,59057
i-0429db66a1a6e21c8,1532132304,c3.large,60.227720737457275,10,10,1,TPC-B (sort of),simple,60 s,58509
i-0429db66a1a6e21c8,1532132304,c3.large,60.20620346069336,10,10,1,TPC-B (sort of),simple,60 s,58243
i-0429db66a1a6e21c8,1532132304,c3.large,60.200366497039795,10,10,1,TPC-B (sort of),simple,60 s,58547
i-0429db66a1a6e21c8,1532132304,c3.large,60.21276330947876,10,10,1,TPC-B (sort of),simple,60 s,58605
i-0429db66a1a6e21c8,1532132304,c3.large,60.21799302101135,10,10,1,TPC-B (sort of),simple,60 s,58653
i-0429db66a1a6e21c8,1532132304,c3.large,60.223689794540405,10,10,1,TPC-B (sort of),simple,60 s,56787
i-0429db66a1a6e21c8,1532132304,c3.large,60.26871061325073,10,10,1,TPC-B (sort of),simple,60 s,58239
i-0429db66a1a6e21c8,1532132304,c3.large,60.23512887954712,10,10,1,TPC-B (sort of),simple,60 s,58633
i-0429db66a1a6e21c8,1532132304,c3.large,60.209754943847656,10,10,1,TPC-B (sort of),simple,60 s,56368
i-0429db66a1a6e21c8,1532132304,c3.large,60.21848654747009,10,10,1,TPC-B (sort of),simple,60 s,55659
i-0429db66a1a6e21c8,1532132304,c3.large,60.219274044036865,10,10,1,TPC-B (sort of),simple,60 s,57184
i-0429db66a1a6e21c8,1532132304,c3.large,60.20321559906006,10,10,1,TPC-B (sort of),simple,60 s,58305
i-0429db66a1a6e21c8,1532132304,c3.large,60.272759199142456,10,10,1,TPC-B (sort of),simple,60 s,56931
i-0429db66a1a6e21c8,1532132304,c3.large,60.27069020271301,10,10,1,TPC-B (sort of),simple,60 s,57528
i-0429db66a1a6e21c8,1532132304,c3.large,60.205753326416016,10,10,1,TPC-B (sort of),simple,60 s,57559
i-0429db66a1a6e21c8,1532132304,c3.large,60.23527669906616,10,10,1,TPC-B (sort of),simple,60 s,57732
i-0429db66a1a6e21c8,1532132304,c3.large,60.211769819259644,10,10,1,TPC-B (sort of),simple,60 s,57755
i-0429db66a1a6e21c8,1532132304,c3.large,60.23132586479187,10,10,1,TPC-B (sort of),simple,60 s,58375
i-0429db66a1a6e21c8,1532132304,c3.large,60.27154755592346,10,10,1,TPC-B (sort of),simple,60 s,57933
i-0429db66a1a6e21c8,1532132304,c3.large,60.28089475631714,10,10,1,TPC-B (sort of),simple,60 s,56682
i-0429db66a1a6e21c8,1532132304,c3.large,60.283246755599976,10,10,1,TPC-B (sort of),simple,60 s,56531
i-0429db66a1a6e21c8,1532132304,c3.large,60.26148438453674,10,10,1,TPC-B (sort of),simple,60 s,56516
i-0429db66a1a6e21c8,1532132304,c3.large,60.261128425598145,10,10,1,TPC-B (sort of),simple,60 s,57207
i-0429db66a1a6e21c8,1532132304,c3.large,60.225847482681274,10,10,1,TPC-B (sort of),simple,60 s,53883
i-0429db66a1a6e21c8,1532132304,c3.large,60.290340185165405,10,10,1,TPC-B (sort of),simple,60 s,56505
i-0429db66a1a6e21c8,1532132304,c3.large,60.27283477783203,10,10,1,TPC-B (sort of),simple,60 s,56440
i-0763518e62adde77a,1532132304,c3.large,60.38387680053711,10,10,1,TPC-B (sort of),simple,60 s,58768
i-0763518e62adde77a,1532132304,c3.large,60.20868802070618,10,10,1,TPC-B (sort of),simple,60 s,58304
i-0763518e62adde77a,1532132304,c3.large,60.20520496368408,10,10,1,TPC-B (sort of),simple,60 s,56019
i-0763518e62adde77a,1532132304,c3.large,60.23697280883789,10,10,1,TPC-B (sort of),simple,60 s,58255
i-0763518e62adde77a,1532132304,c3.large,60.24057483673096,10,10,1,TPC-B (sort of),simple,60 s,57474
i-0763518e62adde77a,1532132304,c3.large,60.21857500076294,10,10,1,TPC-B (sort of),simple,60 s,58364
i-0763518e62adde77a,1532132304,c3.large,60.317633867263794,10,10,1,TPC-B (sort of),simple,60 s,57454
i-0763518e62adde77a,1532132304,c3.large,60.189419984817505,10,10,1,TPC-B (sort of),simple,60 s,58362
i-0763518e62adde77a,1532132304,c3.large,60.190274715423584,10,10,1,TPC-B (sort of),simple,60 s,59223
i-0763518e62adde77a,1532132304,c3.large,60.20411229133606,10,10,1,TPC-B (sort of),simple,60 s,58359
i-0763518e62adde77a,1532132304,c3.large,60.20764207839966,10,10,1,TPC-B (sort of),simple,60 s,57160
i-0763518e62adde77a,1532132304,c3.large,60.208757400512695,10,10,1,TPC-B (sort of),simple,60 s,57144
i-0763518e62adde77a,1532132304,c3.large,60.19892859458923,10,10,1,TPC-B (sort of),simple,60 s,58572
i-0763518e62adde77a,1532132304,c3.large,60.23856210708618,10,10,1,TPC-B (sort of),simple,60 s,55964
i-0763518e62adde77a,1532132304,c3.large,60.22123742103577,10,10,1,TPC-B (sort of),simple,60 s,56345
i-0763518e62adde77a,1532132304,c3.large,60.223106145858765,10,10,1,TPC-B (sort of),simple,60 s,57635
i-0763518e62adde77a,1532132304,c3.large,60.21524095535278,10,10,1,TPC-B (sort of),simple,60 s,57174
i-0763518e62adde77a,1532132304,c3.large,60.212103605270386,10,10,1,TPC-B (sort of),simple,60 s,56144
i-0763518e62adde77a,1532132304,c3.large,60.211193323135376,10,10,1,TPC-B (sort of),simple,60 s,57294
i-0763518e62adde77a,1532132304,c3.large,60.21090793609619,10,10,1,TPC-B (sort of),simple,60 s,57740
i-0763518e62adde77a,1532132304,c3.large,60.20582962036133,10,10,1,TPC-B (sort of),simple,60 s,57265
i-0763518e62adde77a,1532132304,c3.large,60.21932077407837,10,10,1,TPC-B (sort of),simple,60 s,55823
i-0763518e62adde77a,1532132304,c3.large,60.2570686340332,10,10,1,TPC-B (sort of),simple,60 s,56905
i-0763518e62adde77a,1532132304,c3.large,60.26688480377197,10,10,1,TPC-B (sort of),simple,60 s,57229
i-0763518e62adde77a,1532132304,c3.large,60.25565004348755,10,10,1,TPC-B (sort of),simple,60 s,56714
i-0763518e62adde77a,1532132304,c3.large,60.276437520980835,10,10,1,TPC-B (sort of),simple,60 s,55986
i-0763518e62adde77a,1532132304,c3.large,60.23009514808655,10,10,1,TPC-B (sort of),simple,60 s,56686
i-0763518e62adde77a,1532132304,c3.large,60.284494161605835,10,10,1,TPC-B (sort of),simple,60 s,56293
i-0763518e62adde77a,1532132304,c3.large,60.26792669296265,10,10,1,TPC-B (sort of),simple,60 s,53784
i-0763518e62adde77a,1532132304,c3.large,60.25895643234253,10,10,1,TPC-B (sort of),simple,60 s,54646
i-0763518e62adde77a,1532132304,c3.large,60.29919385910034,10,10,1,TPC-B (sort of),simple,60 s,57441
i-0763518e62adde77a,1532132304,c3.large,60.29562735557556,10,10,1,TPC-B (sort of),simple,60 s,57133
i-0763518e62adde77a,1532132304,c3.large,60.294174909591675,10,10,1,TPC-B (sort of),simple,60 s,56440
i-0763518e62adde77a,1532132304,c3.large,60.2966582775116,10,10,1,TPC-B (sort of),simple,60 s,56741
i-0763518e62adde77a,1532132304,c3.large,60.30462169647217,10,10,1,TPC-B (sort of),simple,60 s,57054
i-0763518e62adde77a,1532132304,c3.large,60.30317783355713,10,10,1,TPC-B (sort of),simple,60 s,56473
i-0763518e62adde77a,1532132304,c3.large,60.26005530357361,10,10,1,TPC-B (sort of),simple,60 s,55619
i-0763518e62adde77a,1532132304,c3.large,60.28977370262146,10,10,1,TPC-B (sort of),simple,60 s,55538
i-0763518e62adde77a,1532132304,c3.large,60.28950572013855,10,10,1,TPC-B (sort of),simple,60 s,54900
i-0763518e62adde77a,1532132304,c3.large,60.19591736793518,10,10,1,TPC-B (sort of),simple,60 s,55447
i-0763518e62adde77a,1532132304,c3.large,60.26303195953369,10,10,1,TPC-B (sort of),simple,60 s,55348
i-0763518e62adde77a,1532132304,c3.large,60.24110555648804,10,10,1,TPC-B (sort of),simple,60 s,55439
i-0d738603054a00bd6,1532132304,c3.large,60.38409113883972,10,10,1,TPC-B (sort of),simple,60 s,59428
i-0d738603054a00bd6,1532132304,c3.large,60.208999156951904,10,10,1,TPC-B (sort of),simple,60 s,60132
i-0d738603054a00bd6,1532132304,c3.large,60.22322130203247,10,10,1,TPC-B (sort of),simple,60 s,60278
i-0d738603054a00bd6,1532132304,c3.large,60.22083067893982,10,10,1,TPC-B (sort of),simple,60 s,58772
i-0d738603054a00bd6,1532132304,c3.large,60.327215909957886,10,10,1,TPC-B (sort of),simple,60 s,59564
i-0d738603054a00bd6,1532132304,c3.large,60.250234842300415,10,10,1,TPC-B (sort of),simple,60 s,59573
i-0d738603054a00bd6,1532132304,c3.large,60.28195810317993,10,10,1,TPC-B (sort of),simple,60 s,58161
i-0d738603054a00bd6,1532132304,c3.large,60.29415488243103,10,10,1,TPC-B (sort of),simple,60 s,58052
i-0d738603054a00bd6,1532132304,c3.large,60.22502279281616,10,10,1,TPC-B (sort of),simple,60 s,58759
i-0d738603054a00bd6,1532132304,c3.large,60.39011025428772,10,10,1,TPC-B (sort of),simple,60 s,58612
i-0d738603054a00bd6,1532132304,c3.large,60.312251806259155,10,10,1,TPC-B (sort of),simple,60 s,57120
i-0d738603054a00bd6,1532132304,c3.large,60.304686307907104,10,10,1,TPC-B (sort of),simple,60 s,57274
i-0d738603054a00bd6,1532132304,c3.large,60.29862856864929,10,10,1,TPC-B (sort of),simple,60 s,55593
i-0d738603054a00bd6,1532132304,c3.large,60.242840051651,10,10,1,TPC-B (sort of),simple,60 s,58096
i-0d738603054a00bd6,1532132304,c3.large,60.233548402786255,10,10,1,TPC-B (sort of),simple,60 s,57359
i-0d738603054a00bd6,1532132304,c3.large,60.30966925621033,10,10,1,TPC-B (sort of),simple,60 s,57498
i-0d738603054a00bd6,1532132304,c3.large,60.23401927947998,10,10,1,TPC-B (sort of),simple,60 s,57736
i-0d738603054a00bd6,1532132304,c3.large,60.23520612716675,10,10,1,TPC-B (sort of),simple,60 s,57592
i-0d738603054a00bd6,1532132304,c3.large,60.36925029754639,10,10,1,TPC-B (sort of),simple,60 s,56873
i-0d738603054a00bd6,1532132304,c3.large,60.25604462623596,10,10,1,TPC-B (sort of),simple,60 s,56916
i-0d738603054a00bd6,1532132304,c3.large,60.29329180717468,10,10,1,TPC-B (sort of),simple,60 s,57415
i-0d738603054a00bd6,1532132304,c3.large,60.39036583900452,10,10,1,TPC-B (sort of),simple,60 s,55141
i-0d738603054a00bd6,1532132304,c3.large,60.313209772109985,10,10,1,TPC-B (sort of),simple,60 s,56894
i-0d738603054a00bd6,1532132304,c3.large,60.291259765625,10,10,1,TPC-B (sort of),simple,60 s,57026
i-0b5ee2fbf4a7f182e,1532132304,c3.large,60.46154308319092,10,10,1,TPC-B (sort of),simple,60 s,57382
i-0b5ee2fbf4a7f182e,1532132304,c3.large,60.216501235961914,10,10,1,TPC-B (sort of),simple,60 s,57007
i-0b5ee2fbf4a7f182e,1532132304,c3.large,60.250572204589844,10,10,1,TPC-B (sort of),simple,60 s,57330
i-0b5ee2fbf4a7f182e,1532132304,c3.large,60.271913290023804,10,10,1,TPC-B (sort of),simple,60 s,55331
i-0b5ee2fbf4a7f182e,1532132304,c3.large,60.206212520599365,10,10,1,TPC-B (sort of),simple,60 s,56983
i-0b5ee2fbf4a7f182e,1532132304,c3.large,60.20012187957764,10,10,1,TPC-B (sort of),simple,60 s,57397
i-0b5ee2fbf4a7f182e,1532132304,c3.large,60.229084491729736,10,10,1,TPC-B (sort of),simple,60 s,57801
i-0b5ee2fbf4a7f182e,1532132304,c3.large,60.215579986572266,10,10,1,TPC-B (sort of),simple,60 s,57541
i-0b5ee2fbf4a7f182e,1532132304,c3.large,60.20123338699341,10,10,1,TPC-B (sort of),simple,60 s,57476
i-0b5ee2fbf4a7f182e,1532132304,c3.large,60.22017288208008,10,10,1,TPC-B (sort of),simple,60 s,57260
i-0b5ee2fbf4a7f182e,1532132304,c3.large,60.23021101951599,10,10,1,TPC-B (sort of),simple,60 s,57017
i-0b5ee2fbf4a7f182e,1532132304,c3.large,60.20470595359802,10,10,1,TPC-B (sort of),simple,60 s,57393
i-0b5ee2fbf4a7f182e,1532132304,c3.large,60.22918462753296,10,10,1,TPC-B (sort of),simple,60 s,57667
i-0b5ee2fbf4a7f182e,1532132304,c3.large,60.214560747146606,10,10,1,TPC-B (sort of),simple,60 s,58478
i-0b5ee2fbf4a7f182e,1532132304,c3.large,60.212812423706055,10,10,1,TPC-B (sort of),simple,60 s,57069
i-0b5ee2fbf4a7f182e,1532132304,c3.large,60.29812836647034,10,10,1,TPC-B (sort of),simple,60 s,57725
i-0b5ee2fbf4a7f182e,1532132304,c3.large,60.26100397109985,10,10,1,TPC-B (sort of),simple,60 s,57286
i-0b5ee2fbf4a7f182e,1532132304,c3.large,60.23719811439514,10,10,1,TPC-B (sort of),simple,60 s,57781
i-0b5ee2fbf4a7f182e,1532132304,c3.large,60.29299354553223,10,10,1,TPC-B (sort of),simple,60 s,57220
i-0b5ee2fbf4a7f182e,1532132304,c3.large,60.24055004119873,10,10,1,TPC-B (sort of),simple,60 s,57139
i-0b5ee2fbf4a7f182e,1532132304,c3.large,60.21894717216492,10,10,1,TPC-B (sort of),simple,60 s,57877
i-0b5ee2fbf4a7f182e,1532132304,c3.large,60.21287393569946,10,10,1,TPC-B (sort of),simple,60 s,55505
i-0b5ee2fbf4a7f182e,1532132304,c3.large,60.2383759021759,10,10,1,TPC-B (sort of),simple,60 s,55193
i-0b5ee2fbf4a7f182e,1532132304,c3.large,60.2318902015686,10,10,1,TPC-B (sort of),simple,60 s,55446
i-0b5ee2fbf4a7f182e,1532132304,c3.large,60.258169174194336,10,10,1,TPC-B (sort of),simple,60 s,56619
i-0b5ee2fbf4a7f182e,1532132304,c3.large,60.25429105758667,10,10,1,TPC-B (sort of),simple,60 s,55728
i-0b5ee2fbf4a7f182e,1532132304,c3.large,60.228888750076294,10,10,1,TPC-B (sort of),simple,60 s,56133
i-0b5ee2fbf4a7f182e,1532132304,c3.large,60.32376503944397,10,10,1,TPC-B (sort of),simple,60 s,56461
i-0b5ee2fbf4a7f182e,1532132304,c3.large,60.24532198905945,10,10,1,TPC-B (sort of),simple,60 s,56855
i-0b5ee2fbf4a7f182e,1532132304,c3.large,60.256258487701416,10,10,1,TPC-B (sort of),simple,60 s,56194
i-0b5ee2fbf4a7f182e,1532132304,c3.large,60.26293325424194,10,10,1,TPC-B (sort of),simple,60 s,55981
i-0b5ee2fbf4a7f182e,1532132304,c3.large,60.31281781196594,10,10,1,TPC-B (sort of),simple,60 s,56018
i-0b5ee2fbf4a7f182e,1532132304,c3.large,60.25877571105957,10,10,1,TPC-B (sort of),simple,60 s,55773
i-0b5ee2fbf4a7f182e,1532132304,c3.large,60.29516839981079,10,10,1,TPC-B (sort of),simple,60 s,54147
i-0b5ee2fbf4a7f182e,1532132304,c3.large,60.31476664543152,10,10,1,TPC-B (sort of),simple,60 s,55109
i-0b5ee2fbf4a7f182e,1532132304,c3.large,60.30413269996643,10,10,1,TPC-B (sort of),simple,60 s,55637
i-0b5ee2fbf4a7f182e,1532132304,c3.large,60.35777401924133,10,10,1,TPC-B (sort of),simple,60 s,55174
i-0b5ee2fbf4a7f182e,1532132304,c3.large,60.30990505218506,10,10,1,TPC-B (sort of),simple,60 s,55239
i-0b5ee2fbf4a7f182e,1532132304,c3.large,60.285076379776,10,10,1,TPC-B (sort of),simple,60 s,55091
i-0530876ca46f97dd4,1532132304,c3.large,60.39722943305969,10,10,1,TPC-B (sort of),simple,60 s,58978
i-0530876ca46f97dd4,1532132304,c3.large,60.27585291862488,10,10,1,TPC-B (sort of),simple,60 s,58454
i-0530876ca46f97dd4,1532132304,c3.large,60.28286385536194,10,10,1,TPC-B (sort of),simple,60 s,58044
i-0530876ca46f97dd4,1532132304,c3.large,60.264506340026855,10,10,1,TPC-B (sort of),simple,60 s,58952
i-0530876ca46f97dd4,1532132304,c3.large,60.27886724472046,10,10,1,TPC-B (sort of),simple,60 s,59394
i-0530876ca46f97dd4,1532132304,c3.large,60.29143834114075,10,10,1,TPC-B (sort of),simple,60 s,58228
i-0530876ca46f97dd4,1532132304,c3.large,60.29521369934082,10,10,1,TPC-B (sort of),simple,60 s,57133
i-0530876ca46f97dd4,1532132304,c3.large,60.3303587436676,10,10,1,TPC-B (sort of),simple,60 s,58379
i-0530876ca46f97dd4,1532132304,c3.large,60.27838611602783,10,10,1,TPC-B (sort of),simple,60 s,59337
i-0530876ca46f97dd4,1532132304,c3.large,60.24950861930847,10,10,1,TPC-B (sort of),simple,60 s,58203
i-0530876ca46f97dd4,1532132304,c3.large,60.306631088256836,10,10,1,TPC-B (sort of),simple,60 s,58531
i-0530876ca46f97dd4,1532132304,c3.large,60.2772057056427,10,10,1,TPC-B (sort of),simple,60 s,59224
i-0b1703a8e3fe1f6c9,1532132304,c3.large,60.28068995475769,10,10,1,TPC-B (sort of),simple,60 s,57663
i-0b1703a8e3fe1f6c9,1532132304,c3.large,60.226603269577026,10,10,1,TPC-B (sort of),simple,60 s,58307
i-0b1703a8e3fe1f6c9,1532132304,c3.large,60.20370006561279,10,10,1,TPC-B (sort of),simple,60 s,58975
i-0b1703a8e3fe1f6c9,1532132304,c3.large,60.215797662734985,10,10,1,TPC-B (sort of),simple,60 s,57454
i-0b1703a8e3fe1f6c9,1532132304,c3.large,60.194533348083496,10,10,1,TPC-B (sort of),simple,60 s,57361
i-0b1703a8e3fe1f6c9,1532132304,c3.large,60.21193599700928,10,10,1,TPC-B (sort of),simple,60 s,57028
i-0b1703a8e3fe1f6c9,1532132304,c3.large,60.191041707992554,10,10,1,TPC-B (sort of),simple,60 s,56640
i-0b1703a8e3fe1f6c9,1532132304,c3.large,60.221118211746216,10,10,1,TPC-B (sort of),simple,60 s,54342
i-0b1703a8e3fe1f6c9,1532132304,c3.large,60.21672320365906,10,10,1,TPC-B (sort of),simple,60 s,55702
i-0b1703a8e3fe1f6c9,1532132304,c3.large,60.22289800643921,10,10,1,TPC-B (sort of),simple,60 s,57146
i-0b1703a8e3fe1f6c9,1532132304,c3.large,60.23001742362976,10,10,1,TPC-B (sort of),simple,60 s,57277
i-0b1703a8e3fe1f6c9,1532132304,c3.large,60.23960566520691,10,10,1,TPC-B (sort of),simple,60 s,58113
i-0b1703a8e3fe1f6c9,1532132304,c3.large,60.239699602127075,10,10,1,TPC-B (sort of),simple,60 s,56365
i-0b1703a8e3fe1f6c9,1532132304,c3.large,60.28017830848694,10,10,1,TPC-B (sort of),simple,60 s,58356
i-0b1703a8e3fe1f6c9,1532132304,c3.large,60.27201747894287,10,10,1,TPC-B (sort of),simple,60 s,56704
i-0b1703a8e3fe1f6c9,1532132304,c3.large,60.26970934867859,10,10,1,TPC-B (sort of),simple,60 s,55482
i-0b1703a8e3fe1f6c9,1532132304,c3.large,60.27954649925232,10,10,1,TPC-B (sort of),simple,60 s,55517
i-0b1703a8e3fe1f6c9,1532132304,c3.large,60.247140645980835,10,10,1,TPC-B (sort of),simple,60 s,56843
i-0b1703a8e3fe1f6c9,1532132304,c3.large,60.26361918449402,10,10,1,TPC-B (sort of),simple,60 s,56714
i-0b1703a8e3fe1f6c9,1532132304,c3.large,60.25380229949951,10,10,1,TPC-B (sort of),simple,60 s,56008
i-0b1703a8e3fe1f6c9,1532132304,c3.large,60.25221562385559,10,10,1,TPC-B (sort of),simple,60 s,56571
i-0b1703a8e3fe1f6c9,1532132304,c3.large,60.28472828865051,10,10,1,TPC-B (sort of),simple,60 s,55960
i-0b1703a8e3fe1f6c9,1532132304,c3.large,60.30331301689148,10,10,1,TPC-B (sort of),simple,60 s,55636
i-0b1703a8e3fe1f6c9,1532132304,c3.large,60.32220768928528,10,10,1,TPC-B (sort of),simple,60 s,54611
i-0b1703a8e3fe1f6c9,1532132304,c3.large,60.31009840965271,10,10,1,TPC-B (sort of),simple,60 s,53356
i-0b1703a8e3fe1f6c9,1532132304,c3.large,60.30722737312317,10,10,1,TPC-B (sort of),simple,60 s,53471
i-0b1703a8e3fe1f6c9,1532132304,c3.large,60.30777287483215,10,10,1,TPC-B (sort of),simple,60 s,55500
i-0b1703a8e3fe1f6c9,1532132304,c3.large,60.26928782463074,10,10,1,TPC-B (sort of),simple,60 s,54187
i-0b1703a8e3fe1f6c9,1532132304,c3.large,60.288267850875854,10,10,1,TPC-B (sort of),simple,60 s,54214
i-0b1703a8e3fe1f6c9,1532132304,c3.large,60.33880829811096,10,10,1,TPC-B (sort of),simple,60 s,55489
i-0b1703a8e3fe1f6c9,1532132304,c3.large,60.222453355789185,10,10,1,TPC-B (sort of),simple,60 s,53518
i-0b1703a8e3fe1f6c9,1532132304,c3.large,60.28199076652527,10,10,1,TPC-B (sort of),simple,60 s,53596
i-0b1703a8e3fe1f6c9,1532132304,c3.large,60.25739073753357,10,10,1,TPC-B (sort of),simple,60 s,54987
i-0d95d12b34f07f29b,1532132304,c3.large,60.35816502571106,10,10,1,TPC-B (sort of),simple,60 s,56897
i-0d95d12b34f07f29b,1532132304,c3.large,60.21582794189453,10,10,1,TPC-B (sort of),simple,60 s,57090
i-0d95d12b34f07f29b,1532132304,c3.large,60.228317975997925,10,10,1,TPC-B (sort of),simple,60 s,57396
i-0d95d12b34f07f29b,1532132304,c3.large,60.25283241271973,10,10,1,TPC-B (sort of),simple,60 s,55756
i-0d95d12b34f07f29b,1532132304,c3.large,60.3030903339386,10,10,1,TPC-B (sort of),simple,60 s,56569
i-0d95d12b34f07f29b,1532132304,c3.large,60.33095908164978,10,10,1,TPC-B (sort of),simple,60 s,56933
i-0d95d12b34f07f29b,1532132304,c3.large,60.31422829627991,10,10,1,TPC-B (sort of),simple,60 s,55799
i-0d95d12b34f07f29b,1532132304,c3.large,60.286019802093506,10,10,1,TPC-B (sort of),simple,60 s,55747
i-0d95d12b34f07f29b,1532132304,c3.large,60.3357036113739,10,10,1,TPC-B (sort of),simple,60 s,56129
